dgp_id,replication_id,true_relative_correction_variance_index,posterior_median_relative_correction_variance_index,posterior_probability_index_at_least_qc,material_correction_declaration,one_step_variance_truth,one_step_variance_posterior_mean,one_step_variance_bias,one_step_variance_squared_error,one_step_variance_covered,one_step_variance_interval_width,function_rmse,function_nrmse,function_integrated_bias,function_pointwise_coverage,posterior_mean_function_sd,crps_h1,crps_h5,crps_h10
DGP-0,1,0.0,0.0007316922640353461,0.0,False,0.31604632516144876,0.42925709618600777,0.11321077102455901,0.01281667867597513,True,0.8769521428142895,0.009512073042834869,,4.629418151112101e-10,1.0,0.009512073042834858,0.3459089602756297,0.3320472494420128,0.46337085918862186
DGP-0,2,0.0,0.0012559237704411925,0.0,False,0.7769488857853989,0.6193966279119179,-0.15755225787348104,0.02482271396103187,True,1.076447795809888,0.01885310056973318,,1.4971441852048644e-10,1.0,0.01885310056973318,0.7311762798166488,1.0500117592779903,0.7486212169700093
DGP-0,3,0.0,0.0030323946912612226,0.0065,False,0.25282548843265223,0.19159373879870473,-0.06123174963394751,0.0037493271632344305,True,0.3581461887526226,0.04043943385304167,,-2.2832586361266494e-09,1.0,0.0404394338530416,0.18814406498504715,1.9316630372706607,0.47957796099521155
DGP-0,4,0.0,0.0007590653516927844,0.000125,False,1.3529026369453705,1.781830501979276,0.42892786503390545,0.18397911340254422,True,2.980957484392449,0.006186382598164104,,-9.958310642474387e-10,1.0,0.006186382598164024,0.6792690543444311,1.763778259453114,2.2970299627565156
DGP-0,5,0.0,0.001465962276570985,0.000125,False,1.362958304136548,1.1749201703165646,-0.18803813381998347,0.03535833977050201,True,1.8963335605692406,0.017867121557437193,,4.0411975617734203e-10,1.0,0.017867121557437186,0.6064510812119553,2.882629874113862,4.427674757463272
DGP-0,6,0.0,0.0026929585987183046,0.00025,False,0.9022752524867654,0.6550343255078451,-0.2472409269789203,0.061128075973395805,True,1.1797802796159513,0.04773923964944807,,8.981685624965879e-11,0.9540553211439288,0.047739239649448074,0.40511286102919347,0.734703967592508,2.002791474307524
DGP-0,7,0.0,0.0007205996249229935,0.0,False,0.25553998925231225,0.35811885271636856,0.10257886346405631,0.010522423229577508,True,0.692898783985709,0.012104197477157614,,1.0984337538362e-09,1.0,0.012104197477157564,0.1250229677775455,1.750434910681674,1.1204285002079848
DGP-0,8,0.0,0.0009248808178389533,0.0,False,4.130273126211626,3.1101356847550714,-1.0201374414565545,1.0406803994615252,True,6.011690555391843,0.010438123457406428,,-1.44634767029677e-09,1.0,0.010438123457406327,0.5129059822850497,1.3366824529723411,1.9653940350041066
DGP-0,9,0.0,0.0031477482801541296,0.000625,False,0.08352862651305447,0.13764954430006443,0.05412091778700996,0.0029290737421082914,True,0.25989099926394577,0.05096649509695594,,4.3037696879238565e-09,0.9118612283169245,0.050966495096955756,0.08754930971561264,0.1841239731112816,0.3916569612499715
DGP-0,10,0.0,0.0010069760181099572,0.0,False,0.7955622825385006,1.6011551145001024,0.8055928319616018,0.6489798109079136,True,3.9312123272613766,0.027479898352636405,,7.374926861837094e-10,1.0,0.027479898352636395,0.3840668248080418,0.7998743018954988,0.8519361732918966
DGP-0,11,0.0,0.0008524809694883727,0.0,False,0.4166682916990107,0.8279697449173502,0.4113014532183395,0.1691688854195179,True,1.503777073243272,0.005339587139968002,,9.553732509224747e-10,1.0,0.005339587139967916,0.3450220838389227,1.0120400318954186,1.320217304460697
DGP-0,12,0.0,0.000836250196305803,0.0,False,0.08415409762732239,0.08542189176217786,0.0012677941348554767,1.6073019683739466e-06,True,0.16685406193462812,0.01820888040456826,,-3.425993051945218e-09,1.0,0.01820888040456794,0.06846496545605882,0.17180452235794091,1.1834031016171218
DGP-0,13,0.0,0.000930979497778273,0.0,False,0.5895055689522694,0.5415419943626585,-0.04796357458961087,0.0023005044874131655,True,1.150639879760423,0.021941190615978847,,-6.781132115953415e-10,1.0,0.021941190615978837,1.477480083699489,1.3262546788069856,0.6889425926379098
DGP-0,14,0.0,0.0007298443030979874,0.0,False,0.1320875543835993,0.13660719693748685,0.004519642553887565,2.0427168814911312e-05,True,0.23949074340657178,0.0064217654755118385,,-1.2139832425247613e-09,1.0,0.006421765475511724,0.3247024563516872,0.6127049444724382,1.2235983843679952
DGP-0,15,0.0,0.0006434892645775043,0.0,False,0.5348106360799161,0.38961550807458295,-0.14519512800533313,0.021081625196485074,True,0.7114987184120802,0.004312280563142007,,-4.6342164981992717e-10,1.0,0.004312280563141983,0.5099188116195369,0.40204991498558895,0.4815384829917939
DGP-0,16,0.0,0.0014496857866559266,0.0,False,0.18899422000613053,0.1480064143533357,-0.040987805652794834,0.0016800002122312801,True,0.3096841943935722,0.036913991345664615,,4.752726879032935e-10,1.0,0.036913991345664615,0.34290610821125833,0.5328230710075724,0.2950480999383288
DGP-0,17,0.0,0.000833197846351043,0.0,False,0.1348706384953838,0.21529504982812916,0.08042441133274536,0.00646808593821862,True,0.4576651017887718,0.01038636852979799,,-1.9361493681038693e-09,1.0,0.01038636852979781,0.15382870639548402,0.4230683446915,0.34140050390624155
DGP-0,18,0.0,0.0008381481857942072,0.0,False,0.6164484777814796,0.9249237630355109,0.30847528525403134,0.09515700161255601,True,1.7041568113379746,0.011850724623326401,,-1.6021302854474417e-09,1.0,0.011850724623326293,0.8372783285416495,1.157948940615855,1.0186378264530953
DGP-0,19,0.0,0.0008059119776549367,0.0,False,0.3744273382734172,0.2063384689840027,-0.16808886928941447,0.02825386797899386,True,0.43633121695119903,0.015831021088865877,,-5.598339135085099e-10,1.0,0.015831021088865867,0.4348918524657217,1.113759333017596,0.3406449543143504
DGP-0,20,0.0,0.002351631754607458,0.000375,False,0.4011973219262726,0.6543977828193293,0.25320046089305664,0.06411047339645631,True,1.209362425651746,0.04348582903161134,,1.748246579799153e-10,1.0,0.04348582903161134,0.1983052786484395,0.48694902105479754,0.6978742660358972
DGP-0,21,0.0,0.0007364760938990264,0.0,False,0.158753113015363,0.2110416942478401,0.05228858123247712,0.0027340957273053585,True,0.4001288416775757,0.008532774079324738,,-8.885418020136341e-10,1.0,0.00853277407932469,0.5959058284004137,0.24517620528542627,0.8985080978943485
DGP-0,22,0.0,0.0005817676117665213,0.0,False,1.2734348704184106,1.630793390845546,0.35735852042713545,0.12770511212187138,True,3.265032145038783,0.011010731393014523,,-6.900710528604152e-10,1.0,0.0110107313930145,0.28110096958757524,0.6228860739013307,1.844553792827103
DGP-0,23,0.0,0.0015846124858699268,0.000375,False,0.655293029836743,0.8775088326516147,0.22221580281487174,0.04937986302065796,True,1.4482529580836154,0.030893787398500124,,2.6511864104551773e-10,1.0,0.030893787398500124,0.2023099757153496,2.0249453706309013,1.7126312522088405
DGP-0,24,0.0,0.0008554307964779591,0.0,False,0.5931389719758572,0.7097375966011045,0.11659862462524728,0.013595239264499322,True,1.2209887946016118,0.010623719608901492,,1.892176399963245e-09,1.0,0.010623719608901324,0.18082978806869843,0.4863407848861412,0.5823265375392352
DGP-0,25,0.0,0.0007797393272524032,0.0,False,0.43599119463175534,0.5718703781980008,0.13587918356624545,0.018463152526629428,True,0.9336955678479489,0.008607694936860838,,-5.248791346990927e-10,1.0,0.00860769493686082,0.2087436979743854,0.38470915992014,0.5537280828277182
DGP-0,26,0.0,0.0010824493408001378,0.0,False,1.527954163005849,2.101743812727428,0.5737896497215789,0.32923456212761215,True,3.761163974467993,0.025499304614988352,,2.02757451461779e-09,1.0,0.025499304614988273,1.2588378642372655,1.314306115809842,1.7915694531410358
DGP-0,27,0.0,0.0011578302978621695,0.0,False,0.5395002760318176,0.5948052632975812,0.055304987265763605,0.0030586416164662747,True,1.1293945569068349,0.02754815057410298,,4.636636347564697e-11,1.0,0.02754815057410298,0.690766638501457,0.8345735044238679,0.8975046318914455
DGP-0,28,0.0,0.0008246321806678221,0.0,False,0.6749169746761604,0.9999925835860208,0.3250756089098604,0.10567415150811653,True,1.807278599463213,0.015602522681336698,,2.0680150809494744e-09,1.0,0.015602522681336559,0.3610166313009866,0.4981219935738246,2.3525308499063113
DGP-0,29,0.0,0.0009369417871944632,0.0,False,1.5157108189087336,1.2721325996317765,-0.2435782192769571,0.0593303489061334,True,2.4530892995986764,0.012468137735966167,,1.298763471267736e-09,1.0,0.0124681377359661,0.37019246404636197,0.8832498609052779,0.8026699248516029
DGP-0,30,0.0,0.0008470900668995862,0.0,False,0.6162297960399202,0.7715750964824424,0.15534530044252215,0.02413216236957747,True,1.3608522267130423,0.004075750130636684,,-1.222873168253177e-09,1.0,0.004075750130636501,0.18625657714101196,0.6411287068227418,0.7253520902991664
DGP-0,31,0.0,0.0016813499494685588,0.0,False,1.6054480346699624,0.8109215773808858,-0.7945264572890767,0.631272291332331,True,1.6188413266006916,0.03386882552032216,,8.203549915220727e-10,1.0,0.033868825520322145,0.1967597284090954,2.669680404045372,2.7792895203153267
DGP-0,32,0.0,0.0019305844370172895,0.0,False,5.5554023257264875,6.090382116979145,0.5349797912526579,0.28620337704873744,True,11.977177834762028,0.04032490699141245,,-1.0302346962196702e-09,1.0,0.04032490699141244,0.7266144482279513,2.610000842911897,2.1758471976107066
DGP-0,33,0.0,0.0016608851476670157,0.000375,False,0.7041113991547528,0.321525805446706,-0.38258559370804684,0.1463717365129387,True,0.6082194713072594,0.02681366849813716,,3.313345945945689e-09,1.0,0.026813668498136954,0.18139382739915194,0.7481871651884218,0.5022185470920766
DGP-0,34,0.0,0.0010438302260106903,0.0,False,1.4761482222711666,1.5902021245891207,0.11405390231795409,0.013008292633953413,True,2.804504946072055,0.017556438442063237,,9.993753301075587e-10,1.0,0.01755643844206321,0.4218667961175475,1.30009648438134,0.8932917784945893
DGP-0,35,0.0,0.0016852493578787347,0.0,False,0.45457756018806533,0.5543492474421975,0.09977168725413216,0.009954389577536357,True,0.9025863503500703,0.01938930815362429,,4.725349544378284e-10,1.0,0.019389308153624284,0.17166913430396957,0.8509917649044114,0.7115076164587337
DGP-0,36,0.0,0.0009159741726073784,0.0,False,1.004640789907653,0.7255031622090407,-0.2791376276986124,0.07791781519720914,True,1.374042550963386,0.01094856903864892,,6.643117530778654e-10,1.0,0.010948569038648898,0.18883866297449442,0.45412167407312354,0.5939370256300049
DGP-0,37,0.0,0.0009062105493604985,0.0,False,0.12477660294373377,0.08176639257704335,-0.04301021036669042,0.0018498781957869642,True,0.1609193249172664,0.015749978406111222,,-2.9844403831353963e-10,1.0,0.01574997840611122,0.14218972690999626,0.8389200543266566,0.6267687963736827
DGP-0,38,0.0,0.0012871759563953182,0.00025,False,0.5953119933865803,0.5061128343337541,-0.08919915905282616,0.00795648997573138,True,0.9072464953594269,0.02427748325968744,,-6.400604501273738e-10,1.0,0.024277483259687434,1.7418659967486374,2.5075378121624965,0.8319917236447867
DGP-0,39,0.0,0.0010943203818482069,0.000125,False,0.7206618558667159,0.4441942648013228,-0.27646759106539315,0.07643432890950146,True,0.8242502525098724,0.02195668413921541,,1.3408354120314835e-09,1.0,0.02195668413921537,1.1975108345553174,5.534399026128576,4.944029250766061
DGP-0,40,0.0,0.0009640232029447056,0.0,False,0.3974460006467553,0.27263837863119944,-0.12480762201555584,0.01557694251317786,True,0.5892263998771169,0.027854579491140084,,-4.4115980119400584e-10,1.0,0.027854579491140084,0.12639935213595466,0.3882065106989556,0.6226553824024454
DGP-0,41,0.0,0.0013102653939633115,0.0,False,2.5535567872824494,1.2337146825657965,-1.3198421047166529,1.741983181382884,True,2.3693657554562346,0.032066588958507135,,-8.305336574750939e-10,1.0,0.03206658895850712,0.5990157061218608,1.7292382544173233,1.0368965116398332
DGP-0,42,0.0,0.001636380624640009,0.0,False,0.0947706433814079,0.11260573854675723,0.017835095165349327,0.00031809061955706693,True,0.23703701940046595,0.032491895253001314,,-9.041737713287463e-10,1.0,0.03249189525300131,0.0909197858787758,0.20956003010895952,0.30774626031367525
DGP-0,43,0.0,0.0012222728697973218,0.00025,False,0.49591072093004357,0.9524081651649117,0.4564974442348681,0.20838991659296652,True,1.7431704817703322,0.017024233015805038,,5.53999004924704e-10,1.0,0.017024233015805027,0.7094880476820592,0.9681497455073815,2.4620722749926403
DGP-0,44,0.0,0.0008033284803331607,0.0,False,0.18640568234055577,0.25847246503453297,0.0720667826939772,0.0051936211678609324,True,0.5703401127423465,0.006649280727276632,,-9.127449721115228e-10,1.0,0.006649280727276569,0.22874324454210937,0.3792550563383562,0.7343261359497315
DGP-0,45,0.0,0.0010050236889886598,0.0,False,0.8026191419376227,1.1131010581571799,0.3104819162195571,0.09639902029936809,True,2.0920808663727817,0.022856450037403404,,4.828191370957715e-10,1.0,0.022856450037403404,0.9296318840521334,0.93270386912143,1.6082329357825444
DGP-0,46,0.0,0.0009372669338142024,0.0,False,0.798032929743324,0.5744451364899591,-0.22358779325336486,0.04999150129190943,True,1.0436745620487489,0.01790154037965687,,-1.2916081604783746e-09,1.0,0.01790154037965682,0.6191066128225167,2.675983737737731,3.441601728709239
DGP-0,47,0.0,0.001073718598692766,0.0,False,0.4260540973188499,0.4298978419542843,0.0038437446354344096,1.4774372822430803e-05,True,0.7296311411712915,0.010123515210491927,,-3.835519341576551e-11,1.0,0.010123515210491927,0.37523122490288585,3.0676292615494205,2.8229898529339836
DGP-0,48,0.0,0.0006870983695867829,0.0,False,0.6635809128898379,1.5446495465233143,0.8810686336334764,0.7762819371727611,True,2.7804697505401856,0.0065310095442201385,,7.897314798516319e-10,1.0,0.006531009544220092,0.9432232807575449,0.7164287820249138,2.117391673598613
DGP-0,49,0.0,0.0009715384173714519,0.0,False,0.10769070794719769,0.15241939439160268,0.04472868644440499,0.0020006553910418986,True,0.3022179766219642,0.01623884012434048,,-1.276439593783961e-09,1.0,0.016238840124340428,0.09336869930564295,0.2791504256706061,0.3563438369980736
DGP-0,50,0.0,0.0006835273763081344,0.0,False,0.26419030204982114,0.3877969790506644,0.12360667700084327,0.015278610599190796,True,0.7814981763702487,0.007062629096090662,,-8.06939557498209e-10,1.0,0.007062629096090617,0.16944232634939504,0.38507598630771733,0.48530261688319354
DGP-0,51,0.0,0.0016059874261520766,0.000125,False,0.5718137127780907,0.48864884659040303,-0.08316486618768765,0.006916394968015992,True,0.8430562414410319,0.02985870162723871,,6.425786959361597e-10,1.0,0.029858701627238703,0.155913951110847,0.5008889478610601,2.5572084415610843
DGP-0,52,0.0,0.000792992742124124,0.0,False,0.3104227328140039,0.6798912256443402,0.36946849283033634,0.1365069671943203,True,1.4877939844800538,0.01570628768114983,,3.41275185287714e-10,1.0,0.015706287681149827,0.22390103479885537,0.8930617795718079,0.5700145805632839
DGP-0,53,0.0,0.0021789035033198405,0.00025,False,2.5173851969748293,2.315624568753153,-0.20176062822167617,0.04070735110040543,True,4.248645589808562,0.03864723155943562,,9.606869812346203e-10,1.0,0.038647231559435606,0.7181317327770533,0.8401394483309743,1.7451868827520673
DGP-0,54,0.0,0.0006393039296703501,0.0,False,0.2548752963343773,0.5855535908232662,0.3306782944888889,0.10934813444608034,True,1.1676202488872889,0.010002666461300892,,-8.906052755071304e-10,1.0,0.010002666461300854,0.16203426814193433,0.37938519519697445,2.2073871147273065
DGP-0,55,0.0,0.0006837973197353459,0.0,False,0.6142548616860714,0.5341664735441598,-0.08008838814191155,0.0064141499151694785,True,0.9525890419936608,0.006925336775213309,,8.058656615643177e-10,1.0,0.006925336775213263,1.2797452517397754,3.0830836173442466,3.6023024407968087
DGP-0,56,0.0,0.001344282903175458,0.0,False,0.448975719001609,0.5178272445194909,0.06885152551788193,0.004740532566139546,True,1.0541782035458291,0.028386476863333506,,2.1418379400113723e-10,1.0,0.028386476863333506,0.15444199850529738,0.9201419404244242,2.4249743330205864
DGP-0,57,0.0,0.0007111846161041977,0.0,False,0.06950329085182398,0.18879877503242057,0.11929548418059659,0.01423141254588297,False,0.33615071145654446,0.009105044659748264,,2.1874480929138776e-09,1.0,0.009105044659748,0.21329525345408487,0.31958999817084477,0.5959160859265782
DGP-0,58,0.0,0.0011560691311734309,0.0,False,0.07461838374818368,0.1313180035678984,0.05669961981971473,0.0032148468877001876,True,0.2672495899256267,0.021886132467807094,,5.80426477945251e-10,1.0,0.02188613246780709,0.15122829697799867,0.20239779212042608,0.2654121212015861
DGP-0,59,0.0,0.0010251595380935037,0.0,False,1.8023246340783177,4.005868892253583,2.203544258175265,4.85560729773718,True,7.360959665031336,0.021468416785072723,,3.8093577216935494e-10,1.0,0.021468416785072723,1.2045113002533863,3.478768968462371,2.460836378490379
DGP-0,60,0.0,0.0011903997928442355,0.0,False,0.27049856226133057,0.37674247563952395,0.10624391337819339,0.01128776912991306,True,0.6255684842516768,0.024274053395216863,,-1.10124945652622e-09,1.0,0.02427405339521684,0.2097365683973031,0.38365038660702755,0.4837614592092978
DGP-0,61,0.0,0.0009253264932733585,0.0,False,0.6080332563828725,1.471504303471876,0.8634710470890035,0.74558224916098,True,3.1827294899184455,0.016674758985952172,,7.195077762219311e-10,1.0,0.016674758985952155,0.26122873937257574,0.5934330929974894,0.829346385097999
DGP-0,62,0.0,0.00143299363599273,0.0,False,1.8778494679089912,3.0376102085664254,1.1597607406574342,1.3450449755702802,True,5.5035882070424,0.014534111856440487,,3.1682329374476025e-09,1.0,0.01453411185644014,0.5071058211662332,1.4843636868716015,2.2106718918319688
DGP-0,63,0.0,0.0010406917079283564,0.0,False,0.19582646197569223,0.24569888656618294,0.04987242459049071,0.0024872587345341826,True,0.4693119293038416,0.021922949547112866,,1.5401830136314254e-09,1.0,0.021922949547112814,0.10690776575044286,0.3306525128379685,0.39288137506981835
DGP-0,64,0.0,0.0008954480720183648,0.0,False,0.9788606511492246,1.3653438251576784,0.3864831740084538,0.14936924379164876,True,2.4802739284428963,0.013524318993001768,,5.165437633024964e-10,1.0,0.013524318993001758,0.5536809166688667,1.5706077472040334,1.3570348576938374
DGP-0,65,0.0,0.001989362445273949,0.000375,False,3.1302320987044894,3.688803131788006,0.5585710330835165,0.3120015989999869,True,7.689415296687976,0.038266151492250794,,2.5711601130988964e-09,1.0,0.03826615149225071,0.4298128870861184,4.13298097196615,2.5453076462960427
DGP-0,66,0.0,0.0015938456407694856,0.0,False,1.892207934392611,1.9189761680016963,0.026768233609085312,0.0007165383305505645,True,3.583376008513055,0.029056518504976037,,1.0544626754820227e-09,1.0,0.02905651850497602,0.5961885605483714,5.441744623458998,8.821606672764807
DGP-0,67,0.0,0.0009059377738346839,0.0,False,0.2273260997423863,0.4481971371778107,0.22087103743542438,0.04878401517780064,True,0.8629046378160179,0.014757493814810481,,1.0899683929292775e-10,1.0,0.014757493814810483,0.22726247479632677,0.6311312257593578,0.9999436258571255
DGP-0,68,0.0,0.0017958189621839957,0.000125,False,0.22194359232840846,0.20802723303584209,-0.013916359292566377,0.00019366505595979855,True,0.3902919435918177,0.03586777952348619,,1.8644892766238124e-09,1.0,0.03586777952348614,0.26704496128954325,0.8990753959025728,1.4323146121186245
DGP-0,69,0.0,0.0011802508987182533,0.0,False,0.7016655648612098,0.6638920544077725,-0.03777351045343724,0.0014268380919759327,True,1.270468870049434,0.02893740582825196,,-6.046774144063335e-10,1.0,0.028937405828251953,0.17730973569547526,0.4153658690938178,0.6978888340180527
DGP-0,70,0.0,0.0007278387340097173,0.0,False,0.2582909711532024,0.3895302795263184,0.13123930837311604,0.017223756062253844,True,0.7444941451609088,0.016941123352552864,,1.6674286093658275e-10,1.0,0.016941123352552864,0.1790391332653012,0.34696791836776586,0.441024935571281
DGP-0,71,0.0,0.001240125374191737,0.00025,False,1.3070069940014886,1.350011425635847,0.04300443163435852,0.0018493811401942158,True,2.473196549012972,0.02080841192761482,,-1.0596880291005925e-10,1.0,0.02080841192761482,0.26861990896431753,0.6218300051924635,1.2642055445013725
DGP-0,72,0.0,0.001278959955329625,0.0,False,0.43489048523370344,0.41995822672379574,-0.014932258509907703,0.00022297234420671103,True,0.78005717156028,0.02067607219026636,,9.982330829001802e-11,1.0,0.02067607219026636,0.14176546886580277,0.45245521812520606,0.47375737808464
DGP-0,73,0.0,0.0014857417857662154,0.0,False,2.4968692217910005,1.137176957071474,-1.3596922647195264,1.8487630547381146,True,2.119212958786443,0.02277471814178894,,-1.8625189710309126e-09,1.0,0.022774718141788868,0.23483295561983342,2.7079450764820456,3.3768890073652553
DGP-0,74,0.0,0.0007746189064113511,0.0,False,0.664168753549203,0.5228296427618427,-0.14133911078736028,0.019976744238161703,True,1.0087600449038927,0.012352968091023292,,5.941002461238286e-10,1.0,0.012352968091023276,0.15819949958255636,0.9251190313583273,0.8527754035758781
DGP-0,75,0.0,0.0010197714331813524,0.0,False,0.742315894710307,1.4903938140107211,0.7480779193004141,0.559620573344837,True,2.654925622662881,0.01811576176311348,,6.41644818852562e-10,1.0,0.018115761763113473,0.27443613238307407,2.810363346079928,4.608832450927709
DGP-0,76,0.0,0.001466244171903945,0.000125,False,0.8293199817238004,0.9644290097253252,0.1351090280015248,0.018254449447516814,True,1.6656151191364386,0.02578386967473558,,3.738262984418054e-09,1.0,0.025783869674735307,0.20993750244468035,1.5471890222651923,1.062935881118807
DGP-0,77,0.0,0.0021601069510360778,0.000125,False,0.6189223285368325,0.3819342136702759,-0.23698811486655658,0.056163366588004214,True,0.7471053245440178,0.041481538361024514,,1.2811046823057259e-09,1.0,0.0414815383610245,0.5573558039432249,0.6807621069654624,0.563047443736747
DGP-0,78,0.0,0.0009669303975029034,0.0,False,0.3011932319536164,0.6427880749004293,0.3415948429468129,0.11668703672785778,True,1.3277413501373054,0.018035161593709714,,2.242645875316411e-09,1.0,0.018035161593709576,0.19769141263446277,0.3960345976684829,0.9208236988632255
DGP-0,79,0.0,0.0009995917804508938,0.0,False,0.26223126442905165,0.1606583537500988,-0.10157291067895285,0.010317056183794535,True,0.3239066508194838,0.021408086314726946,,1.3051915521695988e-09,1.0,0.021408086314726904,0.2717119928612404,0.5107239638056131,2.3434782059438515
DGP-0,80,0.0,0.0010856842881207624,0.0,False,1.2045007107693746,1.270038193614457,0.06553748284508232,0.004295161657669459,True,2.2551552898998457,0.02265180161724308,,-1.1286624675835798e-09,1.0,0.02265180161724305,0.8138202604735105,2.1141544239423764,3.5161699750471103
DGP-0,81,0.0,0.0014198063845284473,0.000125,False,0.7457318981609405,0.971064459702178,0.22533256154123749,0.05077476329073558,True,1.7955212698311527,0.021400030005049097,,-2.2521601223276266e-09,1.0,0.021400030005048976,0.5246374280094499,0.8280943329794783,1.206541145293897
DGP-0,82,0.0,0.0006591118455441186,0.0,False,0.8618916642239633,0.3423207827687885,-0.5195708814551748,0.2699539008561073,False,0.6206919126056885,0.005821510086255715,,2.87270093658641e-09,1.0,0.005821510086255006,1.515365050503962,0.7622994325332676,2.3589299819252125
DGP-0,83,0.0,0.0007838246013902699,0.0,False,3.16853092608419,1.8302423256408595,-1.3382886004433303,1.7910163780765678,True,3.4307187873978817,0.01952291975409642,,1.0471991998351665e-09,1.0,0.01952291975409639,0.30721286598854647,0.9264449333973785,2.888814895535627
DGP-0,84,0.0,0.0016336517461197867,0.000125,False,0.30508193673241335,0.22810181340528005,-0.0769801233271333,0.005925939387460653,True,0.40657341631016974,0.03517174273500665,,9.84992657839204e-11,1.0,0.03517174273500665,0.6724012632836037,1.042997726038483,1.8240305230647171
DGP-0,85,0.0,0.005012258858218698,0.009875,False,0.21273799596910103,0.6223205606633474,0.40958256469424636,0.1677578773015165,True,1.2746564488429264,0.06423251573444681,,1.34124706101122e-09,0.4580403187998125,0.0642325157344468,0.29415886239203537,0.3902991223883858,0.5614739274201113
DGP-0,86,0.0,0.0030817334002349525,0.000625,False,0.06241410820402357,0.06775251712465502,0.005338408920631449,2.849860980387743e-05,True,0.12276261853355593,0.05267615022070852,,-5.324132020290926e-10,0.8935771214252227,0.05267615022070851,0.1270359754795501,0.4186594644578435,0.37888584279233517
DGP-0,87,0.0,0.0011733406992930147,0.0,False,1.4395724934388965,1.2543393954760675,-0.18523309796282894,0.034311300580906985,True,2.071865628504799,0.024737214232722893,,5.325408469154708e-10,1.0,0.02473721423272289,0.5939783363400422,0.5957893685010522,5.433079281817449
DGP-0,88,0.0,0.0009601016904545306,0.0,False,0.12074882166331022,0.2529873797859379,0.13223855812262766,0.017487036254351575,True,0.5205007663465946,0.02400146934269946,,-3.1322085868876455e-10,1.0,0.024001469342699457,0.13405314338576213,0.4211074257072378,0.3722564544835347
DGP-0,89,0.0,0.0006482157330276677,0.0,False,0.833832037593312,0.8666746865120812,0.0328426489187692,0.0010786395880015317,True,1.6513207192804442,0.012756788044112644,,-7.989082193105981e-10,1.0,0.012756788044112618,0.8108430402809995,1.0213246901592157,0.8562738412774298
DGP-0,90,0.0,0.0006855276165957048,0.0,False,0.5948192740232765,0.44310785401571734,-0.15171142000755916,0.02301635496071002,True,0.8189265245672094,0.012555523234301374,,-1.7611338119983924e-09,1.0,0.01255552323430125,0.2242485802144899,1.5898650471552305,1.0751713278502675
DGP-0,91,0.0,0.0009883624891382564,0.0,False,0.767395961210849,0.9128761904703392,0.14548022925949022,0.021164497105393837,True,1.424623619301241,0.017560626171310104,,1.1076196640275274e-09,1.0,0.017560626171310066,0.5471816818537717,2.6854898208956604,3.745894771909226
DGP-0,92,0.0,0.0009224396421539138,0.0,False,0.13796298980400815,0.29705238257709693,0.15908939277308878,0.025309434892910113,True,0.6113628943945355,0.013472596659497212,,7.883417529365363e-10,1.0,0.01347259665949719,0.11143883726944498,0.31365713672297835,0.3812701781429735
DGP-0,93,0.0,0.0007243433885801539,0.0,False,3.7378824611601336,2.3574554829804657,-1.3804269781796679,1.9055786420862493,True,4.400710216324259,0.003035133760992053,,1.1766653207963804e-09,1.0,0.003035133760991825,0.546107732434675,5.893286783927538,6.9197676477995635
DGP-0,94,0.0,0.0011231283306503408,0.0,False,1.3822713692213318,0.754802577581454,-0.6274687916398778,0.3937170844820084,True,1.4149646638123365,0.019414114514220208,,2.740228147271698e-10,1.0,0.019414114514220204,0.5725337613718247,0.732665712261773,1.2661215935999361
DGP-0,95,0.0,0.0007501303721362191,0.0,False,0.6608879604697032,0.9662317272945363,0.3053437668248331,0.09323481593877805,True,1.8930304082583498,0.009976287603554861,,-3.621120503088013e-09,1.0,0.009976287603554203,0.5299954203682358,1.6520016646558915,3.125691668828208
DGP-0,96,0.0,0.0011041088008510486,0.0,False,0.6488739453435438,1.008573591071133,0.3596996457275893,0.12938383513655324,True,1.8047430532178828,0.023650036679870815,,-9.286760272595699e-10,1.0,0.023650036679870798,0.5326714030143197,0.6132468699724754,0.7157668104678048
DGP-0,97,0.0,0.0035787146258004026,0.007375,False,0.8061691496567889,0.515180801422428,-0.2909883482343609,0.0846742188081617,True,0.913417601283923,0.04415964775270524,,1.93851531503539e-09,1.0,0.0441596477527052,0.2430706481455065,0.5866200175026894,0.6438841413326091
DGP-0,98,0.0,0.002784954392140072,0.000125,False,1.4711343982105123,0.9141757179561498,-0.5569586802543625,0.31020297151068116,True,2.1634302504388234,0.058906041114146705,,1.1822026809075047e-09,0.7749648382559775,0.05890604111414669,0.5156812750834459,3.1712823425895103,0.6309761571602166
DGP-0,99,0.0,0.0007622429465193303,0.0,False,0.3792209894530705,0.590854971938041,0.21163398248497056,0.04478894254244883,True,1.0335121533845988,0.006750951524284962,,-1.9131490071636673e-09,1.0,0.00675095152428469,0.17933410764925056,2.2222807848612507,0.8949789620957662
DGP-0,100,0.0,0.0008858915210922228,0.0,False,0.6143672856150617,0.7118852083212502,0.09751792270618853,0.009509745248930161,True,1.319675989975697,0.014649368598923162,,-2.4640397494048258e-09,1.0,0.014649368598922954,0.23391290133120296,0.6835368239207908,0.8629328932228653
DGP-0,101,0.0,0.0010601067756507419,0.0,False,1.2672423549708052,0.4293881617665983,-0.837854193204207,0.7019996490698726,False,0.8051222676746345,0.014972700857214557,,6.760204198274649e-10,1.0,0.014972700857214543,0.27163555896517144,3.0566503530362072,3.9409020008400057
DGP-0,102,0.0,0.0007795199651007517,0.0,False,0.11549176661461984,0.2133919832653959,0.09790021665077607,0.009584452420268893,True,0.3774977473803298,0.02019731095993237,,1.9230414099172644e-10,1.0,0.02019731095993237,0.16020382485200968,0.2696464738839538,0.6184911709527695
DGP-0,103,0.0,0.0012691795619583614,0.0,False,0.5178303377135569,1.1404796497181702,0.6226493120046133,0.38769216573981824,True,2.2786103251372656,0.024011208094471728,,-4.232343163750567e-10,1.0,0.024011208094471728,1.0793375202246425,0.5912077605587265,1.1478289595584554
DGP-0,104,0.0,0.001774802077804858,0.000625,False,1.063236116185276,0.5884603093848386,-0.4747758068004373,0.22541206672300615,True,1.1037688871306799,0.03002739492041009,,6.553221454572881e-10,1.0,0.030027394920410084,1.167687515177632,2.4827129106347368,1.928541317884478
DGP-0,105,0.0,0.0009691570297085233,0.0,False,0.5165263120323419,0.7651372149689514,0.24861090293660948,0.06180738105895626,True,1.4395674727103676,0.014152308514659534,,9.387898944445832e-10,1.0,0.014152308514659503,0.49237007531218446,0.6647425851916635,0.6117828259997835
DGP-0,106,0.0,0.002165434758303028,0.0005,False,0.07191576342873293,0.06547153361387884,-0.006444229814854097,4.152809790665446e-05,True,0.13475717975187113,0.039868873286020456,,-6.846705636677291e-10,1.0,0.03986887328602045,0.13000106293854258,0.24539138120705972,0.41761756000993155
DGP-0,107,0.0,0.0011584232696650871,0.0,False,0.17536478325951319,0.2537177763685139,0.07835299310900071,0.006139191529139112,True,0.4608619216845157,0.006731554065853176,,1.4930079169053317e-09,1.0,0.0067315540658530095,0.2075078841742095,0.3541021538486899,0.6494390463783131
DGP-0,108,0.0,0.0006320176530844707,0.0,False,0.6735743448845505,0.7480872634587531,0.07451291857420261,0.005552175034445749,True,1.4900608467946954,0.007696529886822886,,-5.280101240851708e-10,1.0,0.0076965298868228674,0.5221107164276351,0.9567002419260535,0.7965057802590336
DGP-0,109,0.0,0.0007776724683547294,0.0,False,0.6389480369292364,1.5167488930210689,0.8778008560918324,0.7705343429555539,True,3.2684341518612725,0.01771865714287826,,8.497281101908929e-10,1.0,0.01771865714287824,0.25931709634031075,0.6271872099935094,0.9807861662675799
DGP-0,110,0.0,0.004411923487624484,0.002375,False,2.5446098780388415,1.2418724630203706,-1.302737415018471,1.6971247724890077,True,2.1204775738820865,0.06410401744749954,,5.561202435681071e-10,0.356305672761369,0.06410401744749954,1.8650901503049488,3.222925734886163,0.8492305900934114
DGP-0,111,0.0,0.0009309255957368878,0.0,False,1.038343970100765,0.7828833190527706,-0.2554606510479944,0.06526014423386517,True,1.4119496441781991,0.015056069770068166,,2.4039777829740763e-10,1.0,0.015056069770068164,0.8437900105061134,0.4365480527897829,0.6504800937832
DGP-0,112,0.0,0.004739155529374351,0.01125,False,0.6991538226097423,0.6645719869611991,-0.034581835648543224,0.001195903356822855,True,1.1379789349537135,0.05501981011946406,,-2.688711143190254e-09,0.4997655883731833,0.055019810119464004,2.29880694566012,1.8230462908148695,1.8212735033834053
DGP-0,113,0.0,0.0017589498616873045,0.000125,False,2.3756069126672936,2.032749289012513,-0.3428576236547807,0.11755135009820322,True,3.256419729824045,0.0271001315648849,,3.4724891837323963e-10,1.0,0.027100131564884895,0.8160128266317617,0.9073297402364875,1.2814998803526114
DGP-0,114,0.0,0.0006952971147914524,0.0,False,0.15800278120825956,0.1325581267146908,-0.025444654493568752,0.0006474304422970885,True,0.24979968694322782,0.013557427340933983,,-1.1955572186259194e-09,1.0,0.01355742734093393,0.2179524963410051,0.4194724402913702,0.8790596702223948
DGP-0,115,0.0,0.0017581969643365083,0.0,False,1.6744358208354084,1.107879725345135,-0.5665560954902735,0.32098580933718396,True,2.236250886913841,0.04076473395954259,,7.10801205882001e-10,1.0,0.04076473395954259,0.5179376312416143,2.322520115823904,1.2038916422341481
DGP-0,116,0.0,0.0012593029879155232,0.0,False,0.727434963494145,0.7346808618978928,0.007245898403747786,5.250304367743471e-05,True,1.3800287350399358,0.03183002994073811,,-2.2488664774739777e-09,1.0,0.03183002994073803,0.5097629043787819,1.96059372446692,0.8379886266960024
DGP-0,117,0.0,0.0011005826625974714,0.0,False,1.3658725358658237,0.8616119063933585,-0.5042606294724652,0.25427878243596685,True,1.65265175252691,0.010642782697671688,,-3.1492594384241936e-11,1.0,0.010642782697671688,0.5474776300373649,0.6134908849339056,1.0216546738370536
DGP-0,118,0.0,0.0016690153127785412,0.0,False,0.2534791819367796,0.27051103393268905,0.017031851995909453,0.0002900839824105648,True,0.5180120704933613,0.03581541825854297,,2.380644549831915e-09,1.0,0.03581541825854289,0.9985799723200772,0.9824817479763318,2.415464672478854
DGP-0,119,0.0,0.0006961609240239189,0.0,False,0.10549704412702203,0.11610647993006566,0.010609435803043632,0.00011256012805890408,True,0.23859380197186933,0.009356578504477377,,1.6440311182014153e-10,1.0,0.009356578504477376,0.10060689834300024,0.20640535499595009,0.6863104899130992
DGP-0,120,0.0,0.0008228559991628502,0.0,False,0.5979758004438707,0.3984015903927413,-0.19957421005112935,0.0398298653175323,True,0.837797970456071,0.02036962396002114,,-9.711695937726857e-10,1.0,0.020369623960021115,0.1825083269280411,0.6984379074039417,0.4561312260247008
DGP-0,121,0.0,0.0009123018071418298,0.0,False,2.187534071878588,1.297880939385071,-0.8896531324935169,0.791482696155527,True,2.6232903635584037,0.017472934501186168,,1.7316506923229877e-09,1.0,0.017472934501186085,0.35547023778490516,0.689274270929078,1.2545367759730044
DGP-0,122,0.0,0.001050364804426677,0.0,False,3.2345113116414184,2.0533606250385192,-1.1811506866028991,1.3951169444625,True,3.889047003902509,0.020734399510746872,,7.930210049606769e-10,1.0,0.02073439951074686,0.4053375208735652,1.3124155193817364,6.205805802291771
DGP-0,123,0.0,0.0030015637401254684,0.0015,False,0.23334940243124003,0.4355782365112719,0.2022288340800319,0.04089650133336907,True,0.8851999542783479,0.049113225529668,,-6.490698743180686e-10,1.0,0.04911322552966799,0.2601001207096266,0.38723523508672897,0.8618861514966754
DGP-0,124,0.0,0.001238854351371521,0.0,False,0.6083356197436709,0.7082530501203371,0.09991743037666623,0.009983492893075943,True,1.4955215700966304,0.0224147315001931,,-3.8901328117534546e-09,1.0,0.022414731500192762,0.3045041322879558,1.2727352500832514,1.7724152103603963
DGP-0,125,0.0,0.0006912389107508602,0.0,False,0.31964342011945157,0.37257450124431457,0.052931081124863,0.0028016993490468283,True,0.7328246557223411,0.010333014812167259,,1.5880890626606841e-09,1.0,0.010333014812167137,0.6036030910229532,1.329444181041912,2.048252023499063
DGP-0,126,0.0,0.0007839224868237378,0.0,False,0.4845482924785473,0.9060437413695526,0.42149544889100526,0.17765841343583003,True,1.8015426128017245,0.009257614021930767,,-8.369298271553622e-10,1.0,0.009257614021930729,0.2475982064513711,0.48644020888190154,0.704464653670708
DGP-0,127,0.0,0.001998035053525451,0.0,False,0.6317041828860854,0.3534153012058763,-0.27828888168020915,0.07744470166682145,True,0.6383938575771939,0.04174573720439378,,3.474671901977748e-11,1.0,0.04174573720439378,0.19028422427679664,0.2915503398865946,0.5308443432823877
DGP-0,128,0.0,0.0021733344526399484,0.000625,False,0.3900119297063856,0.5559066202064326,0.16589469050004696,0.02752104833610637,True,1.003348665445197,0.036080241443807656,,1.2543692734509788e-09,1.0,0.036080241443807635,0.6229990501122955,0.35591774020762146,0.8137095006436144
DGP-0,129,0.0,0.0009867162357525237,0.0,False,0.5735439896456204,0.33000941178512094,-0.24353457786049942,0.059309090613691655,True,0.6145094938427595,0.01653711431644661,,-9.657715171940472e-10,1.0,0.016537114316446583,0.41029510887343545,1.1039414466558346,1.1031504522763032
DGP-0,130,0.0,0.0007887803855881522,0.0,False,0.5963756892282946,0.5484583926274437,-0.04791729660085098,0.0022960673135339247,True,1.0357157246380089,0.011553723063383604,,-1.5360739776309777e-09,1.0,0.011553723063383502,0.1958298857024251,0.7707603264680154,0.5101639343414579
DGP-0,131,0.0,0.0008130159043132352,0.0,False,0.38878882548474614,0.247461618710966,-0.14132720677378013,0.019973379374478805,True,0.5075048674922378,0.013788808402958303,,3.2190285402083274e-09,1.0,0.013788808402957927,0.6419934411132101,0.32427897734622624,0.6186676684106889
DGP-0,132,0.0,0.0012960830717348793,0.0,False,0.3118979241577316,0.3041732495768222,-0.007724674580909419,5.9670597380948104e-05,True,0.5498828618411609,0.02681355530306391,,2.7550649914279403e-09,1.0,0.02681355530306377,0.14104731118856534,0.2761626276801412,0.48251223558690226
DGP-0,133,0.0,0.0031585601931419047,0.000875,False,0.20277461591118476,0.2806050000043053,0.07783038409312057,0.006057568688082675,True,0.544014725898043,0.05275689459146101,,8.9117103939596e-10,0.8856071261134553,0.052756894591461004,0.46301392803151065,0.31880986814247825,0.7784294282176802
DGP-0,134,0.0,0.0011869315342459535,0.0,False,0.14241865578500104,0.16620015012335887,0.023781494338357828,0.0005655594729653455,True,0.3150821025533133,0.01182633239586491,,6.194705954376815e-10,1.0,0.011826332395864895,0.08335580206810178,0.4180079756872338,0.6594622439467395
DGP-0,135,0.0,0.0011128801390314497,0.0,False,1.8143625344413405,1.9523534424846685,0.13799090804332792,0.01904149070262218,True,3.5303260703632424,0.022647429636942665,,1.6442527809166857e-09,1.0,0.022647429636942606,0.3587979818149506,1.3492071385506894,2.2957505992194935
DGP-0,136,0.0,0.0019041324276323974,0.000625,False,0.14998331279481936,0.5516505285610147,0.40166721576619535,0.16133655222136734,False,1.0505052861452593,0.030983714391135113,,-1.0964142435544276e-09,1.0,0.030983714391135096,0.15431132635080463,0.4114809108204087,0.6229737469516419
DGP-0,137,0.0,0.002013475247617748,0.00025,False,1.010141717995455,0.6257630409005382,-0.3843786770949168,0.14774696740523832,True,1.0715491519425182,0.029213926922003537,,-1.2397452679230541e-09,1.0,0.029213926922003513,1.4793861517368554,2.579395879282049,1.6792694008461893
DGP-0,138,0.0,0.0009460791321113321,0.0,False,0.24870701560577405,0.405743434415723,0.15703641880994898,0.024660436832653697,True,0.752167467993424,0.01966130864250087,,-4.2470177935095585e-10,1.0,0.019661308642500864,0.25731016127873374,0.31456879739784926,0.5115117256853916
DGP-0,139,0.0,0.001431430849874505,0.0,False,0.5655267899376736,0.4082606428740326,-0.157266147063641,0.02473264101224276,True,0.8707556356461896,0.030598136662019382,,-2.180475952423781e-09,1.0,0.030598136662019305,0.6359165163790362,0.5780889968150744,0.43958503670505733
DGP-0,140,0.0,0.0010935647174513618,0.0,False,0.4224286162020884,0.6180235376826486,0.19559492148056024,0.03825737330898652,True,1.19373455917748,0.017970169011069032,,8.692996336051576e-10,1.0,0.01797016901106901,0.21869107492289075,0.5330534659978308,2.0516213641331014
DGP-0,141,0.0,0.0010200227169493044,0.0,False,10.169864082807171,4.305368677848479,-5.864495404958692,34.39230635478162,False,7.504008287341381,0.02097961921704757,,1.1325757433660734e-09,1.0,0.020979619217047538,1.7653619418978193,1.5538647087183888,3.0745881193479354
DGP-0,142,0.0,0.0023247308529604294,0.002,False,1.5159561523413636,0.9347431165662533,-0.5812130357751103,0.33780859295491966,True,1.6795206256373487,0.02979084463025914,,8.806014628749715e-10,1.0,0.029790844630259126,0.3441595178107929,0.5150852863176749,1.9481574469689784
DGP-0,143,0.0,0.0022824893024166815,0.000375,False,1.7494113301979457,1.485793083962753,-0.2636182462351928,0.06949457974811875,True,2.8741778459863427,0.039527672660144994,,1.062778254459626e-09,1.0,0.03952767266014498,2.252063808158925,3.80051191588148,5.629364511427166
DGP-0,144,0.0,0.0010076532136646518,0.0,False,0.5220707231380632,0.63785420396144,0.11578348082337675,0.013405814431577252,True,1.175863591527619,0.0011682352217715943,,-3.912853195722217e-11,1.0,0.0011682352217715938,0.19976060682645636,0.3845613565411139,0.5847037460056073
DGP-0,145,0.0,0.0006330277803069136,0.0,False,1.0389533268703466,1.0355862705438745,-0.003367056326472051,1.1337068305635464e-05,True,1.9245311837859778,0.018148106500619928,,-3.95801983995273e-09,1.0,0.018148106500619498,0.2301867748248546,1.4773484189132775,1.9288600347075644
DGP-0,146,0.0,0.0013397970671332692,0.0,False,0.3875651059513574,0.3533456043218638,-0.03421950162949361,0.0011709742917709158,True,0.69226866654803,0.017725797184709728,,-1.6219074918866236e-09,1.0,0.017725797184709652,0.13777512750257487,0.3127334731921704,0.7121249980398838
DGP-0,147,0.0,0.000883634363386342,0.0,False,0.22932251949665441,0.26727036327156545,0.03794784377491103,0.001440038847165054,True,0.4891988934623975,0.013243405682822895,,-9.891875027195784e-10,1.0,0.013243405682822857,0.2074480817582129,0.44495086074460355,0.40409405747664096
DGP-0,148,0.0,0.00138999613549257,0.0,False,0.8524812043703678,1.050705295392872,0.19822409102250416,0.03929279026169801,True,2.0905708129544784,0.028990135767289267,,-7.634894604330834e-10,1.0,0.028990135767289257,1.2349566848277582,1.786583933210908,2.7825195075991775
DGP-0,149,0.0,0.004071329840753726,0.007875,False,0.23395600816831047,0.3247425246591776,0.09078651649086711,0.008242191576546485,True,0.5797820930079887,0.0508368035289554,,3.5048134520139667e-10,0.909985935302391,0.0508368035289554,0.1299139076038232,0.3632785621766448,0.4508273245897161
DGP-0,150,0.0,0.0009529549816751215,0.0,False,2.621868944176495,3.7117902596330357,1.0899213154565408,1.1879284738865163,True,6.0808023902245525,0.0115211787307587,,-2.018124066256482e-09,1.0,0.011521178730758525,0.5544573512861697,0.9375703257698813,1.379353213437259
DGP-0,151,0.0,0.003151954436512586,0.003125,False,0.40155552972747405,0.956915526740228,0.5553599970127538,0.30842472628200596,True,1.7514143667061308,0.045153615384397675,,-5.956054991161946e-10,1.0,0.04515361538439767,0.4021061975192546,0.4647719738059377,0.6832883245885766
DGP-0,152,0.0,0.0009751407862423375,0.0,False,0.8804875831388547,1.3868060410852097,0.506318457946355,0.25635838085717483,True,2.2716878817959234,0.015244358070694667,,-3.706233904972093e-10,1.0,0.015244358070694663,0.3231558914329149,0.9513259328649148,0.9635597721325597
DGP-0,153,0.0,0.001947881461112251,0.000375,False,0.4519618390991244,0.541348880868677,0.08938704176955264,0.007990043236311748,True,1.1306960137379913,0.03646571447151789,,-1.1120615099718234e-09,1.0,0.03646571447151788,0.2711095449341717,0.5433239810706343,0.5243804173154869
DGP-0,154,0.0,0.0033031552012631887,0.000875,False,0.2416907388147575,0.2657180274660178,0.024027288651260303,0.0005773105999309822,True,0.5724640765551923,0.052347575450457255,,1.1816208162994384e-09,0.5841537740271917,0.052347575450457234,0.12793263150912215,0.6346981381958114,0.8251916945635234
DGP-0,155,0.0,0.0006991693539791968,0.0,False,0.9243702526060049,0.6779121837487989,-0.246458068857206,0.060741579704823294,True,1.1778411616407793,0.0020520456360481197,,-2.4009716413633025e-09,1.0,0.0020520456360467155,0.4213919822523612,0.40327090840237,0.8681924366723577
DGP-0,156,0.0,0.002676583705034443,0.0015,False,0.5707649948195884,0.5044882204781936,-0.06627677434139478,0.004392610817100166,True,0.9297664464012284,0.04092587443094381,,-8.245079479297597e-10,1.0,0.0409258744309438,0.2659577728682057,0.5294493904715964,1.2254522578073948
DGP-0,157,0.0,0.0009068334339729391,0.0,False,0.6452552757299956,1.0910260193997514,0.4457707436697558,0.1987115559118871,True,2.090215642934295,0.019718268932697656,,9.729605725564143e-10,1.0,0.01971826893269763,0.2892051487729791,0.7573782530069506,0.909569998296901
DGP-0,158,0.0,0.0007359252391907767,0.0,False,0.719275912502911,0.579785374583367,-0.13949053791954402,0.019457610169083747,True,1.1457408097727444,0.008559725599559167,,2.548394267501194e-09,1.0,0.008559725599558787,0.42002556647524025,1.1760644007873948,0.656216921735469
DGP-0,159,0.0,0.0014617774543240912,0.0,False,0.17261611791760234,0.32150385980488433,0.148887741887282,0.022167559684293903,True,0.6237838555377182,0.02043067116761941,,-5.301218271463736e-10,1.0,0.020430671167619402,0.1836214060099598,0.3638427080269975,0.8645691885332409
DGP-0,160,0.0,0.0009274483485312629,0.0,False,0.757553244425975,0.5081274049361605,-0.24942583948981456,0.062213249405198734,True,0.9098666769997037,0.013820931370499109,,9.290035968973908e-10,1.0,0.013820931370499076,0.5032168261362068,3.4842264246645747,5.1758024862913485
DGP-0,161,0.0,0.0017028233910784396,0.0005,False,0.6188094109855059,0.5389406233169106,-0.07986878766859529,0.0063790232436511584,True,1.0013480058786568,0.03137973856013553,,6.669199721829544e-10,1.0,0.03137973856013552,0.2177663438691364,1.4406667382855387,2.2723411566802083
DGP-0,162,0.0,0.0013551479092777075,0.0,False,1.5258765495665283,2.8988912782297915,1.3730147286632632,1.8851694451262544,True,5.93226470094655,0.03221458807924177,,3.9428939766232535e-10,1.0,0.03221458807924177,0.35882286099236926,0.832481358260766,1.6165244681247826
DGP-0,163,0.0,0.0007538525425971449,0.0,False,0.330694747345233,0.37626793243004947,0.04557318508481645,0.0020769151987749365,True,0.6737048021159548,0.01790893487867067,,-7.39607628540497e-11,1.0,0.01790893487867067,0.1471772306111913,0.30596853843417415,0.5519970066975461
DGP-0,164,0.0,0.0007581412962146976,0.0,False,0.5952663258686038,0.8540742769286754,0.2588079510600716,0.06698155553191242,True,1.7196887482235834,0.018227851616403314,,5.926565826626664e-10,1.0,0.0182278516164033,0.19663390882053233,1.010245842305304,0.6672579024286514
DGP-0,165,0.0,0.0007971284679470892,0.0,False,0.13616691400492295,0.26199600663167366,0.1258290926267507,0.01583296055127141,True,0.5000650778309551,0.009031524176892954,,2.920101296152348e-09,1.0,0.00903152417689248,0.5238643115304198,0.40988181312129335,0.7136738322671099
DGP-0,166,0.0,0.0008002819802607868,0.0,False,0.16879637520213236,0.22528879450829803,0.056492419306165664,0.003191393439063639,True,0.4983459880880005,0.013932588431780248,,4.165837988679335e-10,1.0,0.013932588431780241,0.09896024957207727,0.36923302637522015,0.47760228422998474
DGP-0,167,0.0,0.0006108054515623024,0.0,False,0.4790516288184431,0.5732188805777412,0.09416725175929808,0.008867471303899026,True,0.9768193257403207,0.0035791681946518985,,9.808902868203925e-11,1.0,0.0035791681946518972,0.16708140920668152,0.5587158057019657,0.5344505693745014
DGP-0,168,0.0,0.0013266289013196232,0.0,False,0.7075365214700191,1.0180343732216153,0.31049785175159617,0.09640891594235619,True,1.8076733341622042,0.027343736827973815,,-1.1732750426257921e-09,1.0,0.02734373682797379,0.227994869320157,0.876599046726922,1.2063818129517674
DGP-0,169,0.0,0.0007903191668621096,0.0,False,1.0545792225271715,1.4722145344363506,0.41763531190917913,0.17441925375347733,True,2.5545062118059985,0.01060238534524009,,-1.6132969374387062e-09,1.0,0.010602385345239967,0.7648746532062372,0.6249584203977254,3.4635187161220253
DGP-0,170,0.0,0.0019292538004366585,0.0,False,0.4858352933196513,0.38470273236608565,-0.10113256095356565,0.010227794885026672,True,0.8378591556439086,0.03934529210605211,,1.060558350626541e-09,1.0,0.03934529210605209,0.13551892949545996,0.5769390052725447,0.5013088376274921
DGP-0,171,0.0,0.0008973260121193007,0.000125,False,1.2096194333877417,1.626766922743554,0.41714748935581225,0.17401202787585748,True,2.8110815971857033,0.011407723895343289,,1.554699245000945e-09,1.0,0.011407723895343185,0.3054611130566264,0.6262604864225263,1.5241789826517973
DGP-0,172,0.0,0.0013905302024479792,0.000125,False,0.29240899265653436,0.42205422399775444,0.12964523134122008,0.016807886009518474,True,0.923447847816738,0.031438696815151844,,1.1477456582683793e-09,1.0,0.03143869681515182,0.6736397392901756,0.5345702462865427,0.9107149373063692
DGP-0,173,0.0,0.0011344466077811864,0.0,False,2.5104813455100095,3.0614395745349268,0.5509582290249173,0.3035549701302732,True,5.443778537426356,0.015853426285236522,,-6.325341899996722e-10,1.0,0.015853426285236512,0.3724386165706952,0.8616281354275683,1.925031547346859
DGP-0,174,0.0,0.0008881509693234751,0.0,False,0.3953240151059933,0.28573371422273497,-0.10959030088325833,0.012010034047683091,True,0.5708494217786672,0.012257906104624482,,-1.3474465215204235e-09,1.0,0.012257906104624407,0.37060229171649706,0.27175698275686344,0.44273072426645355
DGP-0,175,0.0,0.0016336846455512078,0.0,False,0.21893360764870318,0.6605516682796311,0.4416180606309279,0.1950265114754219,False,1.267085538735026,0.035194905615153,,1.5162413558903392e-09,1.0,0.035194905615152955,0.17160900292338682,0.5604672808021767,1.2122070182107803
DGP-0,176,0.0,0.0007692210839651979,0.0,False,0.3889119800317951,0.5235612853006464,0.13464930526885127,0.018130435409384298,True,1.118378836549568,0.004891293534133487,,-8.538276926136586e-10,1.0,0.0048912935341334125,0.4759675018221394,0.37527648183018236,0.49295542181698404
DGP-0,177,0.0,0.0011989198478661992,0.0,False,0.5433620025591379,0.44676024010071635,-0.09660176245842156,0.009331900510073305,True,0.836876729840264,0.032033340053585276,,-8.426711244845656e-10,1.0,0.03203334005358526,0.1443586635805828,0.36030453925840056,1.3322777996585264
DGP-0,178,0.0,0.0013276598799364177,0.0,False,0.7292438741634427,0.7758598029765267,0.04661592881308396,0.0021730448191065116,True,1.3348743525558455,0.025160884393869043,,-1.3561715933978436e-09,1.0,0.025160884393869005,0.2839884873592375,1.6111229912248488,2.3246477303794584
DGP-0,179,0.0,0.0016416532457673807,0.0,False,0.17838893766564007,0.3656798922416303,0.1872909545759902,0.03507790166598563,True,0.7216147790535311,0.029315557730975265,,1.531664570439881e-09,1.0,0.029315557730975227,0.354587370108826,0.48743793861276963,1.155407654660781
DGP-0,180,0.0,0.0013815481647972362,0.0,False,1.6129387055251136,0.7320535184869023,-0.8808851870382114,0.7759587127433447,True,1.37304197445382,0.027212101119360357,,6.855583134309961e-10,1.0,0.027212101119360347,0.5278872059138694,1.6647740000707596,1.4998279574769682
DGP-0,181,0.0,0.0006467743844647245,0.0,False,0.7484661004081964,0.6252938085882193,-0.12317229181997713,0.015171413472185605,True,1.2145970156882557,0.010580936379144399,,9.8373265833748e-10,1.0,0.010580936379144354,0.6280439792154972,0.4308103282877762,1.4294673990786806
DGP-0,182,0.0,0.0019686889556496706,0.000625,False,0.7106189765119423,1.977585268033514,1.2669662915215718,1.6052035838519245,False,3.2059881457627055,0.026827829547213678,,1.0178172134876551e-09,1.0,0.026827829547213657,0.9019441081908968,1.927560267103717,2.892211635508499
DGP-0,183,0.0,0.0023990289609827713,0.00075,False,0.19569354968993063,0.11345629263012201,-0.08223725705980862,0.006762966448721043,True,0.23310453648370935,0.04439254961855408,,7.833618243323404e-10,1.0,0.04439254961855407,0.22868819311504854,0.26278791589766726,0.5416308632249237
DGP-0,184,0.0,0.001259866857145508,0.0,False,2.582774369616897,4.147273029485568,1.5644986598686708,2.447656056730867,True,7.177710886986022,0.026301835270825368,,1.0137206550563233e-10,1.0,0.026301835270825368,0.6718913036853702,1.0609661084424924,1.405359025361999
DGP-0,185,0.0,0.0010741592465435617,0.0,False,0.442423525697491,0.7478964713007342,0.30547294560324323,0.093313720495522,True,1.2778371443203216,0.012197407192135029,,6.912770132323499e-10,1.0,0.01219740719213501,0.1846598236163327,0.9644702251617827,2.3841428255301746
DGP-0,186,0.0,0.0018632726271580445,0.0,False,1.871341099415286,1.5314055188200397,-0.3399355805952462,0.11555619895462713,True,3.0713354010723846,0.037990143553599774,,-3.437164569138853e-09,1.0,0.037990143553599615,2.122755054428093,0.6481941952409818,0.9693297084221038
DGP-0,187,0.0,0.0011950448285811947,0.0,False,1.2356505819191888,1.7901570681609287,0.5545064862417399,0.30747744328416093,True,3.1910164546902386,0.012840224526119756,,3.490771647882579e-09,1.0,0.01284022452611928,0.27844348473605396,0.6323509779750083,1.0214288860398661
DGP-0,188,0.0,0.0008119394596828281,0.0,False,0.4125051459714649,0.5132399455930932,0.10073479962162823,0.010147499854809592,True,0.9870358315775173,0.010405938089459419,,-2.044399055681398e-10,1.0,0.010405938089459417,0.33222861332125003,0.700855257988009,0.8768502348896949
DGP-0,189,0.0,0.001344962072876814,0.000125,False,0.23570829517435632,0.3329774969979319,0.09726920182357557,0.009461297623395476,True,0.7071327434723911,0.029595107167176338,,-2.8672581728283576e-10,1.0,0.029595107167176334,0.21085340368635314,0.3825048862147844,0.9547596975661699
DGP-0,190,0.0,0.0012662900726796173,0.0,False,0.10446916664816337,0.08398066617697972,-0.020488500471183654,0.00041977865155769283,True,0.17738335750604584,0.01696096590175781,,-2.733236175806691e-10,1.0,0.016960965901757805,0.31011992418097656,0.4496853116466226,0.46154001680144696
DGP-0,191,0.0,0.0006447459446626256,0.0,False,1.0096365808290013,1.4691975196148206,0.4595609387858193,0.21119625645770354,True,2.596026841539895,0.007609111407699993,,-6.631611267315663e-10,1.0,0.007609111407699963,0.5203764380849758,0.5985315083026355,0.9127219602386303
DGP-0,192,0.0,0.0006608977795371559,0.0,False,0.036897380579814724,0.16573043712853897,0.12883305654872423,0.016597956459686775,False,0.3414920890554439,0.003860640719219643,,-6.117347101995652e-10,1.0,0.0038606407192195947,0.1848574419718539,0.22179082851950427,0.35270786885530603
DGP-0,193,0.0,0.000905966012096123,0.0,False,0.31538254043164493,0.440049563046505,0.12466702261486007,0.015541866527654031,True,0.9528568720842387,0.014831134818313609,,-1.6289117284272862e-09,1.0,0.01483113481831352,0.48732384068385054,0.47619897722921367,0.5770452668174055
DGP-0,194,0.0,0.0015066450464925794,0.0,False,0.6833212969548973,0.5709055412097646,-0.11241575574513274,0.012637302139749345,True,1.1618482469823574,0.03061122698786568,,-1.341568121114243e-10,1.0,0.03061122698786568,0.5925652180284802,1.0077966185431997,0.5298591922678542
DGP-0,195,0.0,0.001516567114218457,0.000125,False,0.32432084622312807,0.16012691285529607,-0.164193933367832,0.026959647754800056,True,0.29166280952475615,0.03229719257077393,,5.296597558629135e-10,1.0,0.032297192570773924,1.656179195382872,2.214362002853248,3.1069776143207246
DGP-0,196,0.0,0.0007319835855829128,0.0,False,0.6383292133812619,0.47195893361612445,-0.16637027976513746,0.02767906998913011,True,0.933227473136023,0.005840238989052401,,-1.911009590635167e-09,1.0,0.005840238989052089,0.1857287053428861,1.429513047520028,1.7504580592408356
DGP-0,197,0.0,0.0013589818545937135,0.0,False,0.45992727784331383,0.6682145500793204,0.20828727223600657,0.04338358777551631,True,1.3043067488882767,0.035748608910425486,,2.237985827131706e-09,1.0,0.03574860891042542,0.5363574208706516,1.0604305020916474,0.625173400390513
DGP-0,198,0.0,0.0012652859731741408,0.0,False,0.8573560996879022,0.8221353929863321,-0.03522070670157007,0.0012404981805580228,True,1.532900590230499,0.026483073813908863,,9.599335449047818e-10,1.0,0.026483073813908846,0.48233662514082165,0.8126357919393616,0.9226042346797039
DGP-0,199,0.0,0.0036717859429490473,0.001875,False,0.8766968036699802,1.2145110133119514,0.3378142096419713,0.11411844023602973,True,2.060782570786457,0.054480434594082895,,-1.3733921873906654e-09,0.8649789029535865,0.054480434594082874,0.7283088305062785,2.8369657750040522,2.195190191609852
DGP-0,200,0.0,0.0011659412962625633,0.000125,False,1.0822446656768498,2.2621160694812206,1.1798714038043707,1.3920965295152965,True,4.3040771332844106,0.022566161951144956,,2.2756495638753778e-09,1.0,0.022566161951144838,0.3919080885336198,0.7632811984721386,1.70793605293612
DGP-N,1,0.014549321383605374,0.014088303311335872,0.287375,False,0.2859647932035239,0.3921025383443436,0.1061377451408197,0.011265220943577594,True,0.7638313629718656,0.02334249771394266,0.18168523584533117,2.7544214818555937e-09,1.0,0.1249539638378504,0.3266337948970486,0.33836406048751966,0.47800914285113505
DGP-N,2,0.02486299439558005,0.02872805494323382,0.911625,False,0.6308213094133286,0.509913960931151,-0.12090734848217755,0.01461858691699072,True,0.8728382063237929,0.031094066830368746,0.23110428450815357,1.34538253913567e-09,0.8959212376933896,0.1450818726925307,0.6657181192855193,0.9241616655029152,0.7358790741536589
DGP-N,3,0.022786970825793784,0.010685420769053267,0.181125,False,0.2429071758058746,0.18778555150112725,-0.055121624304747346,0.0030383934659937136,True,0.3497720551018514,0.047832961042195435,0.37910484109398673,-2.070434941687789e-09,0.8945147679324894,0.08041754644292648,0.17562384404170678,1.7936768861453303,0.45691845848134394
DGP-N,4,0.014119070995314665,0.014833178555971363,0.351625,False,1.1666540991259817,1.5254750098424301,0.3588209107164484,0.12875244596738142,True,2.555716137379105,0.01466900938595273,0.1212043652594184,1.2992557324326291e-09,1.0,0.11387219624612192,0.593609285176139,1.8859375853828473,2.2988139425730276
DGP-N,5,0.024863229128841348,0.02225546594694774,0.722375,False,1.2494621096401772,1.0527790439757942,-0.19668306566438298,0.038684228319139986,True,1.7000937859399072,0.030800984304079716,0.23669716018461393,2.823113586888843e-09,0.8673230192217534,0.12082150307895582,0.5859427148526544,3.0681951657601205,4.6470083600727845
DGP-N,6,0.01608900090659605,0.006357518157576476,0.016875,False,0.7593312304112427,0.5723675214774411,-0.18696370893380165,0.034955428458283304,True,1.0624955701086798,0.05423949115760083,0.41734027986253536,-1.2955407567179638e-09,0.8202062822315986,0.07611901007091156,0.3670429401054067,0.685910698476822,1.918291366058991
DGP-N,7,0.013545680352784438,0.014168820600455833,0.304625,False,0.2654168801809213,0.3680960105863908,0.1026791304054695,0.010543003820823411,True,0.6988940208659951,0.02702796445918242,0.22744931275459057,2.026819844843444e-09,1.0,0.1196670651206636,0.12340614585530318,1.8858387335620068,1.15931134191381
DGP-N,8,0.01770270325658969,0.016913736483723824,0.477,False,4.032671693325614,2.911832101553502,-1.1208395917721123,1.2562813904838754,True,5.77751847224436,0.02391516147125297,0.188674047421739,-8.7660903363003e-10,1.0,0.12399049698422679,0.48547681961134614,1.1258488446766255,1.8341401430846909
DGP-N,9,0.01862555554226135,0.006324188279435676,0.015375,False,0.09440637708272309,0.15615068286200157,0.061744305779278474,0.0038123592961650412,True,0.2932387033321359,0.06186657475163336,0.4855653535138096,-5.101722989472671e-10,0.7041725269573371,0.07338705118547874,0.0899142574559414,0.18911254737866956,0.4020483015145042
DGP-N,10,0.013685186871907985,0.008903071855522186,0.040625,False,0.782295339170345,1.5105432215383237,0.7282478823679787,0.5303449781734453,True,3.5263292887693214,0.03986921172238961,0.29832596805978057,-1.0640693014939732e-10,0.8584153774027192,0.10849451296575068,0.3819401479636677,0.8013506099029388,0.86651165243094
DGP-N,11,0.01893954982617379,0.017781169725401412,0.525,False,0.48810042728190556,0.9912938395928121,0.5031934123109065,0.25320361019309395,True,1.7466768536615362,0.01899629457569917,0.14578417184841957,-4.041090534556202e-10,1.0,0.12346617668445534,0.3638695009920816,1.0388822992563493,1.3157110312434064
DGP-N,12,0.01531875780181123,0.010071314791622144,0.097,False,0.09298039948126259,0.09431375302031828,0.0013333535390556844,1.7778316601123185e-06,True,0.1921433414000464,0.029288017427923734,0.23466893272932957,6.953394555459267e-10,1.0,0.10131538927527842,0.07086928012461699,0.16792528023961667,1.1652836011047814
DGP-N,13,0.014899910001505439,0.017077730172224755,0.48,False,0.5943853625379607,0.5297611141018397,-0.06462424843612102,0.004176293485933491,True,1.1036117694108167,0.026653064325339225,0.2013379436340503,-7.828216294705336e-10,1.0,0.14334948957678326,1.4859624398138311,1.1994203044841536,0.642751387758727
DGP-N,14,0.015209272922124283,0.015332808714536229,0.3735,False,0.12271466463524291,0.12613198651962645,0.0034173218843835396,1.1678088861486666e-05,True,0.2209636808389334,0.028115318730564824,0.22114821241802082,-2.2209913624848978e-09,0.870604781997187,0.12334965127065062,0.31766961442465025,0.6800194544152389,1.2483205779315065
DGP-N,15,0.01434645108467083,0.013866663545344127,0.281375,False,0.44103821655561876,0.32882011266307165,-0.1122181038925471,0.012592902841238495,True,0.5807974870014222,0.023886270966386642,0.18351706550237004,2.9898784193368725e-09,1.0,0.12552728351767267,0.46684322157458014,0.478791509775789,0.4585037566075807
DGP-N,16,0.014076001605065726,0.02085668704234348,0.712,False,0.18909344054816601,0.14607129551873774,-0.04302214502942828,0.0018509049629331603,True,0.29931607245429803,0.04306857217998031,0.33605692653205205,1.831816503349081e-09,0.7698077824660103,0.15855153488030183,0.3512158927669566,0.5570819176446854,0.2830513787372675
DGP-N,17,0.0164026207547352,0.01514250678909618,0.362875,False,0.13523847135865477,0.2156610536263887,0.08042258226773394,0.006467791738610434,True,0.45079428342741085,0.02319226117501705,0.1816824945877549,8.768815817754618e-10,1.0,0.12077069894438455,0.15800038823742835,0.44108985083054497,0.3433555132835888
DGP-N,18,0.017934764973190492,0.01936564817522726,0.61275,False,0.7145954184377499,1.0800586874069324,0.3654632689691826,0.1335634009656411,True,1.9119756788651638,0.024421030662235287,0.1982934789875769,1.5971542512771174e-09,1.0,0.12864766282604043,0.8998929996839187,1.2430737591722232,1.0282933496630107
DGP-N,19,0.01311870575600108,0.01543204836741005,0.375375,False,0.4067787766183432,0.2214712566283417,-0.18530751999000153,0.03433887696484482,True,0.46805641917744095,0.033191864751804384,0.2621318709678339,-1.7454423314825516e-09,0.8272386310360994,0.13093832897891622,0.4611505677966787,1.1577200648721906,0.32975419279811335
DGP-N,20,0.016730464211554726,0.006737632282050772,0.0235,False,0.39399632036974347,0.6298711163155132,0.2358747959457697,0.0556369193624585,True,1.1848377013194886,0.05196343816335627,0.41646104620963575,-1.8673951436590626e-09,0.53328645100797,0.07699706398951708,0.1981903038855547,0.5040433702516145,0.6840205198286613
DGP-N,21,0.016969991389374252,0.017108292439277084,0.48425,False,0.17606306321887388,0.23227686015705343,0.056213796938179544,0.0031599909662068837,True,0.43919865421438786,0.02657666714294498,0.199858172039597,-1.5745013219453238e-09,1.0,0.13369799366351962,0.6494800185924903,0.25217869929480696,0.8196733482529804
DGP-N,22,0.010796535053292035,0.010109506342876795,0.06,False,1.4362571752422935,1.7988550245983608,0.3625978493560673,0.1314772003576453,True,3.5781180854649266,0.03414157584298634,0.267300453657828,2.825019369135448e-09,0.819971870604782,0.12071534868785866,0.30178113961884734,0.6634047085049493,1.6732647176260689
DGP-N,23,0.018813616026484254,0.0273697677945874,0.89325,False,0.5188231534132317,0.7210173664703879,0.20219421305715624,0.040882499793802686,True,1.1792126986960179,0.03540450378062032,0.2713048352946242,5.542314739668969e-10,1.0,0.1528058463433151,0.18137781745003945,1.937009526579069,1.6215915733428494
DGP-N,24,0.01633983445417238,0.014279254533201433,0.325875,False,0.5074531746050368,0.6110611699179022,0.10360799531286535,0.010734616692750729,True,1.0061028398325231,0.029438152149661084,0.23607449837646025,-8.413698263389078e-10,0.8909985935302391,0.10860887988355229,0.1639384480075235,0.4988471051767711,0.6006070953755778
DGP-N,25,0.015276115732775215,0.017088619952636296,0.484,False,0.4166158527731104,0.5346628401625284,0.11804698738941799,0.01393509123171741,True,0.8896057889159664,0.025872697077201173,0.20374608976496764,5.492579898221901e-10,0.9702297233942804,0.12717182951156997,0.19794665823898355,0.3780710868905093,0.5342481823776266
DGP-N,26,0.015389733137914363,0.010714448507737537,0.109375,False,1.8001809268616824,2.5703392835034653,0.7701583566417829,0.5931438943051717,True,4.6428869016550935,0.03646951394999435,0.2668999108710112,-3.233491494041274e-10,1.0,0.10684482910804115,1.3636741358326205,1.2884513143037926,1.8623745407523669
DGP-N,27,0.013562376136403511,0.00905673701201716,0.057125,False,0.6032926120611419,0.6545148582735385,0.05122224621239657,0.002623718507043375,True,1.2294121673194296,0.037640425880194464,0.29180042375309706,1.7097049139773968e-10,1.0,0.09576569107304629,0.7340564985272403,0.8598813605740981,0.7886254614076229
DGP-N,28,0.014010796042221446,0.016938359216196117,0.473125,False,0.7695070013482206,1.124586118870181,0.3550791175219603,0.1260811797001741,True,2.068963443975467,0.02188265118779029,0.1778461710871009,1.7163117817624583e-09,1.0,0.13069429814841885,0.3915783940784666,0.5043481625842832,2.318788388668012
DGP-N,29,0.018894609020596576,0.019843136036305546,0.634625,False,1.7348704629135552,1.4232434855921172,-0.31162697732143796,0.09711137299449601,True,2.604364224858569,0.026727510158762072,0.2062692067455012,-9.095488565054055e-10,1.0,0.12885795379545087,0.3873627297377302,0.9518441814923331,0.8882098056143701
DGP-N,30,0.01867790447339445,0.017546436303695845,0.512,False,0.5109504995903378,0.6469550474746137,0.13600454788427596,0.018497237045206314,True,1.0949033828012844,0.024497158555103635,0.1964379944207574,2.021374101388369e-09,0.980309423347398,0.1171106542922086,0.1658457721150759,0.5964939521890584,0.7037284948821516
DGP-N,31,0.017238660372208607,0.009694420689517647,0.092875,False,1.5452219715352657,0.7681621356522211,-0.7770598358830446,0.6038219885425842,True,1.5279007734477072,0.048387167352307754,0.3647171656550661,-7.57169810935931e-10,0.7067510548523207,0.09409940050373972,0.20356072946384962,2.878721493009789,2.9636479751333837
DGP-N,32,0.016936079694297827,0.007862934297294732,0.0435,False,6.484984345441619,7.179558598711048,0.6945742532694288,0.48243339330478463,True,14.41545542030403,0.047185057049499345,0.3530690539948271,-1.455520153015961e-10,0.969760900140647,0.08804047643837885,0.828959539137681,2.8434547992403836,2.5202449610478173
DGP-N,33,0.015539409180688968,0.011278632247000089,0.188375,False,0.7956391356268773,0.3736301516660086,-0.42200898396086867,0.1780915825436847,True,0.7382909267684268,0.03169021298182749,0.26825591820648814,-5.398046998715959e-10,1.0,0.0892100231352099,0.20242079035437588,0.7707036755520023,0.5035302875270875
DGP-N,34,0.020129287854068176,0.01577775188317661,0.401375,False,1.1327353663142408,1.252172689839674,0.11943732352543313,0.014265274250918981,True,2.1944897452829046,0.03056925874365384,0.21546685383305192,-1.3352049817400786e-09,1.0,0.12616879272618453,0.36820834085858445,1.4648280431492324,0.9652005259891094
DGP-N,35,0.024191080576459526,0.02570119708242417,0.845125,False,0.4078493847866067,0.49410234879762105,0.08625296401101434,0.007439573800685335,True,0.7869504609959849,0.040905474189401395,0.30963131090773643,-7.618239582956704e-10,0.7822315986872949,0.13057823921559675,0.16251336883493456,0.8887447678311344,0.7060959551327459
DGP-N,36,0.017278367897519582,0.017105772475056562,0.486,False,1.098083643215793,0.7743381769391993,-0.32374546627659373,0.10481112693464908,True,1.3810439511588917,0.02007055099837752,0.15394590649136822,-8.84346113555044e-10,1.0,0.12043486648176094,0.19468790467366753,0.4742006564725776,0.6044197875183226
DGP-N,37,0.016650703227569938,0.01835871764861075,0.565875,False,0.131088884482715,0.08466588287362359,-0.04642300160909141,0.0021550950783977034,True,0.1686297196449543,0.020934544465511382,0.15040810177916997,-1.4631600249775692e-11,1.0,0.14374034348813786,0.13799012064813931,0.7952509373135901,0.58785970927329
DGP-N,38,0.016649485642485872,0.012266102385168086,0.208625,False,0.6252553522731336,0.5135986223279699,-0.11165672994516362,0.0124672253420472,True,0.9082156131240289,0.03783372236758574,0.29699395863218564,-1.525224092880374e-09,0.8626347866854196,0.10123707011098523,1.794710255861632,2.395220174510699,0.7210061841958924
DGP-N,39,0.018509429342481818,0.011600560536545946,0.174125,False,0.7605641143004683,0.45480312201698303,-0.3057609922834853,0.09348978440218156,True,0.8204954664008439,0.035511196156989285,0.27706821605990006,-1.0251795208966844e-09,0.9214721050164089,0.09968973868591713,1.2487992315698668,5.944863588910001,5.179598173194862
DGP-N,40,0.012488773369610127,0.016355380459602463,0.4305,False,0.4397278440458212,0.3012207509122029,-0.1385070931336183,0.019184214848324815,True,0.6631224766866399,0.04056949183410785,0.312275011322292,-3.2468350246244944e-11,0.7759024847632443,0.14886182010651455,0.14329812244296758,0.4046731207773364,0.6421046292886238
DGP-N,41,0.015431798403444476,0.009155829488118009,0.064125,False,2.8368318766191614,1.31281103452895,-1.5240208420902113,2.322639527125357,True,2.4972957715968076,0.039477535396870864,0.2930247748233302,-1.6766169262440273e-10,1.0,0.10099802152920238,0.6083711444123805,2.1075673416172207,1.1271826059094667
DGP-N,42,0.01913579366182541,0.02512372346700119,0.87475,False,0.096770418796393,0.11463430628397944,0.01786388748758644,0.0003191184761691473,True,0.23812728076863665,0.034900683036956044,0.24873518938480665,1.7123920444871662e-09,1.0,0.1606882062954768,0.09009047462913938,0.19703047944370522,0.2897437271041525
DGP-N,43,0.024028295564829,0.018496715668330534,0.5595,False,0.5668556259010061,1.095857272617991,0.5290016467169848,0.27984274222928157,True,1.9655811252324265,0.026575489005342175,0.19117307447021206,1.0725933704531194e-09,1.0,0.11893338718262209,0.769863130548198,1.0602187614638139,2.698015287600459
DGP-N,44,0.01909865615030165,0.01895403494828634,0.5985,False,0.20070923662266063,0.27852460439092985,0.07781536776826922,0.006055231460910993,True,0.6048695397616205,0.020718734255462234,0.1589104135705708,-1.1646586940160376e-10,1.0,0.13108933506404355,0.22052534795337575,0.42142783466420064,0.6646310466361189
DGP-N,45,0.01581084340071315,0.019610388948885504,0.636,False,0.940537194270343,1.3478453470855265,0.4073081528151835,0.1658999313497169,True,2.464935838727823,0.02543863893246697,0.19319938096612765,-3.5455473057681807e-10,1.0,0.1471716088961861,0.9932304947818522,0.8897725122862883,1.8585227864535938
DGP-N,46,0.018287724383408407,0.020756122524749426,0.686375,False,0.8793321210488437,0.6137262685688664,-0.26560585247997737,0.0705464688716155,True,1.0615747049349968,0.02474845956736905,0.19723405086267662,2.5075496078677404e-10,1.0,0.13568432202557543,0.6382891856329903,2.785173159925405,3.5624682815497564
DGP-N,47,0.021532574228742107,0.025807435232996778,0.835,False,0.5001081764360106,0.5228631212883328,0.022754944852322212,0.0005177875152322252,True,0.8632554590725718,0.019973811409498086,0.1539733382188528,8.560682778899663e-10,1.0,0.13299680363835045,0.41390195054395584,3.2188634348373695,2.972790748970519
DGP-N,48,0.014030246347660697,0.01342970581725566,0.246625,False,0.7758545587709064,1.826551921275616,1.0506973625047098,1.1039649475743536,True,3.4680526576104795,0.02810988016021311,0.22656474868647059,3.884431242047953e-10,0.8457571495546179,0.121133496019432,1.0259171300742747,0.8045983308207136,2.4114410073346493
DGP-N,49,0.018579732503777566,0.012161228131923456,0.21825,False,0.11032781582560816,0.15228674729660155,0.04195893147099339,0.0017605519301875194,True,0.29763199040936267,0.029222187027896775,0.23861306104141844,1.8476697992090849e-09,1.0,0.09856874739139966,0.09255404161969619,0.2800132892312769,0.3526473884128404
DGP-N,50,0.01558106535826937,0.014889217639843414,0.345125,False,0.2808446302963714,0.4043369427240442,0.12349231242767278,0.015250351228733946,True,0.7757880044169537,0.023273445539686976,0.18221324277505085,7.577457709063809e-10,1.0,0.12396783613548829,0.18494534907292381,0.3760972879022211,0.47327474456692964
DGP-N,51,0.01704138236326437,0.025504371154603106,0.84475,False,0.6574773325413634,0.550439753438887,-0.10703757910247647,0.011457043340118907,True,0.9522841293269054,0.04114647432101352,0.3416839369609818,-7.951327585102217e-10,0.7161275199249882,0.14230714305846864,0.17217997456037765,0.49097851078600296,2.33375300741805
DGP-N,53,0.020121624189309,0.030556244986198376,0.95325,True,1.9981032169201485,1.8680835734982002,-0.13001964342194827,0.016905107675570578,True,3.334062520888825,0.04404588770396344,0.3290052644775993,7.523791047388173e-10,0.759493670886076,0.16471614681864083,0.640221574681918,0.9916532391712716,1.686124139846112
DGP-N,54,0.014347359916327903,0.01113808376419608,0.12025,False,0.28977923060052024,0.6551293024871866,0.36535007188666635,0.13348067502759228,True,1.287946199172847,0.029571287652727256,0.22384746698374505,-1.6519167635079192e-09,0.9922644163150492,0.1164889489837305,0.17241175292949984,0.38077317872271,2.021084544375091
DGP-N,55,0.014146878385161994,0.014240793939358572,0.29175,False,0.4881548005266979,0.43578075505043,-0.052374045476267894,0.0027430406395501775,True,0.7604903947707655,0.02282306243214283,0.17865078624892514,3.878039639090265e-09,1.0,0.12589563807193813,1.149123359615413,2.912082226265032,3.3319113246559877
DGP-N,56,0.018665352991245027,0.011291479859708908,0.14975,False,0.49711746170287435,0.5651860383379419,0.06806857663506755,0.004633331125124063,True,1.1384822876242278,0.04282693881599495,0.31220585022905856,-2.5507043507609495e-09,0.76699484294421,0.10493086281419807,0.15803613385603,0.9342840723585571,2.3351485759125596
DGP-N,57,0.01609784897333997,0.016321971063773734,0.434,False,0.08113532581620307,0.22628807323215397,0.1451527474159509,0.021069320082398844,False,0.3946406961304738,0.022576186959056964,0.16866384973415918,-2.3111980236078348e-10,1.0,0.13423724302855597,0.2270837925957649,0.3331237900663313,0.632124949710946
DGP-N,58,0.01928044665797239,0.023722919580778733,0.799875,False,0.07347557543745477,0.12955744373771808,0.05608186830026331,0.0031451759520480784,True,0.25972297001896044,0.03264137259155054,0.25639567776228017,1.8268816562148273e-09,0.9371776840131271,0.14334945295898266,0.14300844899930354,0.2202351317888469,0.2614362661460088
DGP-N,59,0.017160713041983876,0.009896742272029687,0.110125,False,2.1313406418201115,4.911400893778448,2.7800602519583366,7.72873500451865,True,8.760720980955353,0.03668259334332774,0.30194367207521094,-3.4194068173922174e-09,0.7824660103141116,0.09483434712696512,1.3108571378648428,3.344569590785083,2.4015151868636604
DGP-N,60,0.0172343458777076,0.010063233496404634,0.12,False,0.31547311382182214,0.44122331697714,0.12575020315531787,0.01581311359360372,True,0.747837856486408,0.03701559819970189,0.30134062037140097,-2.685784041903474e-09,0.8884200656352556,0.09079645389234098,0.22541338206057038,0.37375456773781823,0.5156753308635755
DGP-N,61,0.020364168715146617,0.015244035797875324,0.36825,False,0.6970567488697285,1.680968291216218,0.9839115423464896,0.968081923162648,True,3.5406662115214234,0.029505941379957493,0.19865122256812182,-5.516846432724414e-10,1.0,0.12747331957865224,0.2817812646238579,0.6232437148849002,0.8515032227854888
DGP-N,62,0.028849828178613385,0.02379204514982276,0.763125,False,2.2095571176233944,3.708924790127209,1.4993676725038148,2.2481034173495065,True,6.708495299741381,0.03075567954892363,0.2292000626542672,1.6922047741809732e-09,0.9646038443506798,0.12051866469309323,0.5536078764341417,1.502073969535683,2.2401282267461515
DGP-N,63,0.01598835527795771,0.010633638797875409,0.116375,False,0.2165082513902194,0.2668860210424111,0.050377769652191706,0.0025379196751292876,True,0.49320488325747835,0.03990761471814646,0.31711268979716434,3.908576570176882e-10,0.8216127519924988,0.10041008580270183,0.11098408650035863,0.34078532186434574,0.3943384269048099
DGP-N,64,0.0196620409460637,0.013481753562364184,0.277125,False,1.143512184088665,1.642681633375409,0.499169449286744,0.24917013910123129,True,3.1222437582188527,0.026602018561538748,0.20850251600046057,-7.349955126994098e-10,1.0,0.10927237755692422,0.5976615156607498,1.5272717365144621,1.3959937126493362
DGP-N,65,0.018736613864405206,0.0283042816199952,0.921,False,3.4692243614470337,3.936570227384022,0.46734586593698824,0.21841215840839337,True,7.780136860413091,0.04069695692703689,0.30547005967004237,-1.177343679546628e-09,0.9425691514299109,0.16209312654605193,0.48071827777579657,3.8805046283536693,2.042572759130926
DGP-N,66,0.020736019114466035,0.01198097707663437,0.20475,False,2.2172986412851037,2.2889185792693105,0.07161993798420685,0.005129415516861635,True,4.108112616476283,0.04362498158357679,0.3329986097417971,1.177428659129513e-09,0.7480075011720582,0.09587604992742749,0.6350355319557952,4.8979781594679,8.60799408247638
DGP-N,67,0.017718830733291176,0.013031237365317925,0.23925,False,0.2533156623590618,0.48752444418078345,0.23420878182172167,0.05485375348241482,True,0.9509294013843629,0.032455050727481845,0.2569726126994156,1.59187220013538e-09,0.8748241912798875,0.10841165320736582,0.23499467313067934,0.652565215663951,1.0008380956169114
DGP-N,68,0.01669019187547497,0.007215903866026071,0.032625,False,0.2564622144807871,0.2425256782346727,-0.013936536246114406,0.00019422704253926063,True,0.4489593732512466,0.045864710412390715,0.38144720297234386,-2.4752235973740237e-09,0.6394749179559306,0.07753763455337258,0.2767864482280657,0.8863692208050455,1.4615076774144682
DGP-N,69,0.016301311854630057,0.009413926220372505,0.07075,False,0.8213993827345443,0.8062446996026866,-0.015154683131857638,0.00022966442082701042,True,1.508528646689351,0.03395320526166802,0.25512203474422196,-1.6003498315051166e-09,1.0,0.10131228447992781,0.19263023742717572,0.43020303454484776,0.7570877462482501
DGP-N,70,0.013016491612009748,0.009513925630542076,0.060375,False,0.2991225102558853,0.4598784346365835,0.1607559243806982,0.025842467223492753,True,0.8490606138538559,0.029662218514375848,0.2290386288533644,-4.229260917930843e-09,1.0,0.10896131661180138,0.19896214628927567,0.3400477981523997,0.4404449811715134
DGP-N,71,0.019085761785499235,0.013249568366375348,0.267125,False,1.2812717366190665,1.2829864203768488,0.001714683757782387,2.9401403892027275e-06,True,2.3814962533669,0.025975686005795487,0.20394799791412044,1.8523158054798335e-09,1.0,0.10351252718356332,0.2653691040603876,0.5970178333576277,1.2294713363203216
DGP-N,72,0.022022072765629206,0.014421837278203706,0.341875,False,0.4884087254461398,0.4647441339620461,-0.023664591484093667,0.0005600128901090385,True,0.8583367624352396,0.03772417899990936,0.2895958617277074,1.841433384896578e-10,0.8185654008438819,0.10280267868586747,0.14379267352686442,0.48762103912796784,0.4667603424846738
DGP-N,73,0.022411486695190667,0.031422196779945163,0.94,False,2.926088077395147,1.3999451549588493,-1.526142922436298,2.329112219702404,True,2.6123181379817857,0.0345905806931691,0.2662502202289618,-4.0807494613213023e-10,0.8701359587435537,0.14424818975012507,0.2499343460279413,2.612145804693678,3.304983710205014
DGP-N,74,0.014381570661905145,0.011945535136063612,0.178,False,0.673895271969733,0.5107967312211137,-0.1630985407486193,0.026601133994329028,True,0.9335886544083257,0.02618189340585046,0.20846857302443983,2.80809585513099e-10,1.0,0.11159310714577139,0.1580212584572548,0.8904842095209782,0.9215137330037582
DGP-N,75,0.02035547524630354,0.020668120401601753,0.69875,False,0.6171862857144663,1.2593344512423787,0.6421481655279124,0.4123542664908632,True,2.2307783324861576,0.025148499983865903,0.1746988362289838,-3.204274661410375e-10,1.0,0.1484158190075299,0.25505219308649063,2.8922520968593384,4.74853759803384
DGP-N,76,0.020317783198313004,0.01379280326210451,0.299375,False,0.7010848242271737,0.8210938386466219,0.12000901441944822,0.014402163541927332,True,1.4408755355150853,0.041234847731931354,0.3043074942844733,-8.845724557068163e-10,0.7810595405532115,0.10397183904944028,0.1861022642426211,1.5078419027762173,1.0401946659362258
DGP-N,77,0.019677469917851808,0.008694394785139614,0.051125,False,0.7182125665095376,0.4462812108207796,-0.271931355688758,0.07394666220672581,True,0.8528523620542556,0.04883344601582391,0.3624668216871162,-1.1747774908150946e-09,0.8624003750586029,0.0895347774316919,0.6053147502771647,0.6159706797150746,0.710075109543256
DGP-N,78,0.01823808702757106,0.013383509947616045,0.263375,False,0.3315582789552525,0.7092139685078762,0.37765568955262374,0.14262381985146771,True,1.4803849442588812,0.03259814985786606,0.23583560615057084,-1.3878489288673585e-09,1.0,0.11328735128281835,0.20865856840794977,0.4014959279295647,0.9995352531476971
DGP-N,79,0.01831733947497957,0.01038268036459709,0.120625,False,0.2750265108150156,0.16736225800153262,-0.10766425281348299,0.01159159133388558,True,0.33645988159270945,0.030871785055183756,0.24457108735674174,2.5831821122423343e-09,1.0,0.09913029361612999,0.27968513464618844,0.5569505367269434,2.4888838656939485
DGP-N,80,0.018308710354968075,0.021577426488210323,0.721125,False,0.9423487332479281,1.0170531157952702,0.07470438254734213,0.005580744771779635,True,1.8004364664621926,0.029601788686521704,0.226119447656511,1.8530426871539222e-09,1.0,0.1453139915166237,0.7086344950661723,2.2691110796811675,3.3419889466296424
DGP-N,81,0.021109501376361986,0.02554515053277315,0.852625,False,0.7161398679176797,0.9088690996385128,0.19272923172083312,0.03714455675970259,True,1.6428935629153147,0.03747469315481576,0.27539219275522314,1.9141729218511416e-10,0.7986404125644632,0.14399142420657857,0.5107222266685802,0.8840918050624276,1.2217524149368735
DGP-N,82,0.014690226349218318,0.014013188754322508,0.28125,False,0.9153581917591682,0.35378322309104016,-0.5615749686681281,0.315366445434609,False,0.6318433041689406,0.018740036920820723,0.14686792173228327,-8.832071196706814e-10,1.0,0.12344218985481874,1.558864046789474,0.8956916628815288,2.5408647396918487
DGP-N,83,0.013305998513617925,0.010812787521524463,0.088125,False,3.685633563304003,2.121826176294738,-1.5638073870092652,2.445493543664746,True,3.878736542027747,0.03555564579513258,0.26196860325660154,-1.7439630320158612e-10,0.9179559306141585,0.12295968930783804,0.3318878866032534,0.8454852050376178,2.6113649779639645
DGP-N,84,0.014851463080890921,0.0069724791786240255,0.032625,False,0.2694572884910599,0.2076568348004264,-0.06180045369063347,0.0038192960763681325,True,0.36237084964214644,0.043788615958911446,0.3699815358914839,9.007108410163934e-10,0.9231129864041256,0.07790695666083351,0.6207563222918109,0.9741359251539813,1.7064115280216985
DGP-N,85,0.020867926784855717,0.005158143501046881,0.011625,False,0.20210734281658135,0.5899802713093174,0.387872928492736,0.15044540865753112,True,1.1936666929329625,0.07440534827687277,0.5491756430196773,-7.061884608364584e-11,0.340365682137834,0.06366123252883603,0.2760901209726597,0.37869485869245434,0.5302928840236929
DGP-N,86,0.015782248758355863,0.004858130152601758,0.004,False,0.0710441992635121,0.07778458708728545,0.006740387823773342,4.5432828014871926e-05,True,0.1435935366318133,0.06133079101278082,0.4861393550317193,-2.356424895290378e-09,0.43928738865447725,0.06748238720532596,0.13555026130436787,0.4337584689104567,0.41774333691410703
DGP-N,87,0.015600581358052762,0.01173431809031096,0.16925,False,1.08681579071468,0.9828050985912223,-0.1040106921234577,0.010818224076000707,True,1.6668190428583114,0.038470926016989405,0.28977891376168985,-7.204539699625735e-11,0.7674636661978435,0.10973206715360448,0.5308519008638704,0.5695864644061641,5.049720471531103
DGP-N,88,0.014115498454489863,0.018211580397240145,0.560375,False,0.1258073616543668,0.2603585884493044,0.13455122679493758,0.01810403263202273,True,0.5407867013425748,0.03384509680030574,0.25672722784518354,1.2721481889476397e-09,0.8811533052039381,0.14842928164637412,0.13451954598101584,0.44871251268216095,0.3802410587667677
DGP-N,89,0.010412750687807497,0.011862541239859473,0.148125,False,0.7209535800421144,0.7639625863135472,0.04300900627143278,0.0018497746204561444,True,1.478269027811104,0.014935998613861473,0.12102763492081742,1.485339925286004e-09,1.0,0.12528237305254267,0.7662908060385686,0.9633275416154521,0.9318266498664411
DGP-N,90,0.015002094014849556,0.01636442923475416,0.43,False,0.6794278083252018,0.5096543055370234,-0.16977350278817838,0.02882304224896761,True,0.9389080283069825,0.024441468954785165,0.1766725685298675,-1.4920817432561758e-09,1.0,0.14456881885988807,0.24819329780777766,1.7896158944329372,1.3049687769020903
DGP-N,91,0.016109470873634176,0.021162542571742396,0.7085,False,0.9028669097818035,1.0980212020353999,0.19515429225359637,0.038085197785002106,True,1.6921965979320481,0.024952858574386356,0.19414267058797788,7.833818523809457e-11,1.0,0.13846830864264273,0.5988020960430351,2.6958856162140195,4.049667657423555
DGP-N,92,0.016546776948110888,0.013629906525731875,0.2805,False,0.15538546832950548,0.3300238220264351,0.17463835369692962,0.030498554581973893,True,0.6785014670837239,0.014891445361951174,0.11728821092154938,-1.372759276544466e-10,1.0,0.11406853486533278,0.11890453508675142,0.3148060047994554,0.3861301264251016
DGP-N,93,0.016998184922108108,0.015416795403461478,0.38,False,3.62723808070444,2.2117977310253947,-1.4154403496790455,2.0034713834995386,True,3.9405866564379313,0.02441670238012399,0.17638264110969393,-1.0313166816871883e-09,1.0,0.1300958448787776,0.5250488586266273,5.146455552982037,6.557208035807964
DGP-N,94,0.021502668718972755,0.01401575709854807,0.31925,False,1.2818723166848054,0.691404713296749,-0.5904676033880564,0.348651990650835,True,1.2921236502475046,0.03140183190439335,0.2472030852901559,-1.926547841401444e-10,1.0,0.10242510904024699,0.5503916255807765,0.7310302755827909,1.2362134312657824
DGP-N,95,0.014469100473014076,0.01654215467829273,0.44225,False,0.5956789840225755,0.8719000968371899,0.2762211128146145,0.07629810316454398,True,1.6624406403164744,0.024579264169770913,0.18902654790871556,2.959187454538908e-09,1.0,0.13288015417147975,0.5195614013823979,1.7848558164931785,3.4098997293354665
DGP-N,96,0.017079416668409668,0.009988555660031723,0.1105,False,0.762334043969146,1.20856196865161,0.4462279246824641,0.19911936076641884,True,2.1894232591627993,0.03788204177250668,0.29530764523153974,1.1356984304908407e-09,0.9929676511954993,0.09542447371992924,0.59075567846935,0.6665349879555871,0.7161120330828599
DGP-N,97,0.02347650087441919,0.04215820916725057,0.990625,True,0.6444043128344984,0.43400191051192283,-0.21040240232257557,0.04426917090311095,True,0.7663423072030603,0.04900675835842324,0.38783287020709284,2.4944794984098186e-09,0.689873417721519,0.163523459515415,0.21649424329713762,0.6608605510125201,0.6935581558767119
DGP-N,98,0.015382605259632172,0.004255642802751052,0.00075,False,1.4097042938677165,0.8759935059262577,-0.5337107879414588,0.28484720516509277,True,2.0359088186607157,0.066909494274436,0.4882815054099046,-5.313133418147283e-10,0.5213314580403188,0.07310831610503926,0.49414523136006316,3.1592989023255673,0.6485427031754054
DGP-N,99,0.014699979858782106,0.01576287769310629,0.40925,False,0.36054924525756493,0.5503398588884966,0.18979061363093164,0.03602047702240557,True,0.960024053779415,0.024391074009098856,0.2119148424005308,-1.0173087428453909e-10,0.9519456165025785,0.11416178681511534,0.1691242628702504,2.3549877232509577,0.9147035531907548
DGP-N,100,0.018166868432557295,0.013367976666774792,0.257125,False,0.5895763141498431,0.6688550523795405,0.07927873822969733,0.0062851183352928735,True,1.2276940866271728,0.03061789068298509,0.23402469489592606,4.826658942296487e-10,1.0,0.11042697778951811,0.23254340002728346,0.7191602252446345,0.9046231829213265
DGP-N,101,0.0217218842464285,0.015518830464434568,0.402,False,1.4659503676598977,0.5033555258052184,-0.9625948418546794,0.9265888295652351,False,0.964706094522799,0.02786182136717258,0.20753845483546793,-2.584178029868974e-09,1.0,0.11208114578754763,0.30807711222364975,2.8472748820102303,3.9811532083415817
DGP-N,102,0.013323342341230317,0.010584031604704327,0.06925,False,0.1334184093587053,0.24915416147883007,0.11573575212012477,0.013394764318810965,True,0.44489547007058144,0.032458446943020074,0.23931684053833355,-1.7213371227434357e-09,1.0,0.12096835128046328,0.16956247054736212,0.28070148073544987,0.6125914311581363
DGP-N,103,0.01929120124357221,0.021728548484099372,0.745125,False,0.5614896123571045,1.1962091531892967,0.6347195408321922,0.4028688955142289,True,2.340938514026152,0.028087501662319173,0.20026556919769262,7.024276204709651e-10,1.0,0.1488948720499833,1.134330455274371,0.615019367601144,1.1006962271422127
DGP-N,104,0.021566318567636005,0.013429933736291852,0.289875,False,1.2301003467032519,0.6782356815176963,-0.5518646651855555,0.3045546086803653,True,1.2589827626325476,0.03786753821517375,0.2861842993431319,-1.0219651158041132e-09,1.0,0.09839199394410705,1.294035436449499,2.6700790369704595,1.9051038933547186
DGP-N,105,0.018353519218632687,0.02051103714710943,0.678625,False,0.46782440320696833,0.6813324242065251,0.21350802099955674,0.04558567503114716,True,1.2695429640525542,0.02311284856572257,0.16292961204862325,9.736395564349643e-10,1.0,0.14249493804556745,0.4613786101449479,0.5953442010177237,0.6341632666949324
DGP-N,106,0.018322796382873954,0.0076503454761788214,0.046625,False,0.07615378272298888,0.0688775682686658,-0.007276214454323082,5.294329678530015e-05,True,0.14092794860717148,0.046738961295567746,0.38002002475504326,2.3089018582663115e-09,0.890295358649789,0.07928934243677742,0.13796563320280048,0.28411529747830794,0.43943364859390355
DGP-N,107,0.02658970659294306,0.027013555112939663,0.865375,False,0.16851064836450796,0.24331012462687865,0.07479947626237068,0.005594961649124956,True,0.42374768577616845,0.01954422770185944,0.14245759428320712,1.1631689069235767e-09,1.0,0.13457222307332184,0.2028390947927382,0.38003362506271565,0.6712052653942935
DGP-N,108,0.012618236012289601,0.012707375991666048,0.196125,False,0.7034444582754825,0.7676001679710432,0.06415570969556073,0.004115955086541064,True,1.5219096871199311,0.021208900492683817,0.16171243619460102,1.3000713646222235e-09,1.0,0.13135652023675784,0.5311509350181123,0.9725039642586695,0.9321870080568178
DGP-N,109,0.012776783839706712,0.010377900721345954,0.077875,False,0.5831816283627256,1.3688492632129323,0.7856676348502067,0.6172736324511178,True,3.0628223984528233,0.02211716926323282,0.1647265258303816,-5.79313448386905e-10,1.0,0.12017031032920585,0.24181851722350034,0.5909981259283845,1.0051145842833393
DGP-N,110,0.01535370302368619,0.004096505569387257,0.002375,False,2.9776313887235437,1.459137188859648,-1.5184941998638957,2.3058246350202927,True,2.5109874704764072,0.07141325816163796,0.5585746316389437,-2.6344381930410065e-09,0.3059071729957806,0.061416831402982035,1.996675463750109,3.488631756184721,0.7988583302842756
DGP-N,111,0.015742021697799164,0.012704928875051806,0.247125,False,1.1595929196439905,0.862212586862045,-0.2973803327819454,0.08843506232550061,True,1.582608681402214,0.024445901468158913,0.19405618807322417,-9.933334245787736e-10,1.0,0.10631164744648108,0.893415207943173,0.42980756251032703,0.6292838108661065
DGP-N,112,0.0222551007274005,0.007567349925093781,0.053625,False,0.799903012499617,0.7555349857114072,-0.044368026788209836,0.0019685218010793057,True,1.3313625870136359,0.06589700709612972,0.5132351182618866,8.883844015171322e-10,0.3551336146272855,0.0697149840449582,2.4389295376785425,2.1161822684377936,2.3487870326075684
DGP-N,113,0.021414860980906024,0.0299036181650165,0.933125,False,2.6791094836345133,2.263537184878796,-0.4155722987557171,0.172700335493111,True,3.653439269346883,0.03784553666028454,0.2804943138302967,2.4162082398932204e-09,0.8223159868729489,0.14939944327241703,0.8604262843076963,0.8917683643576324,1.2563014270379034
DGP-N,114,0.012616233449900123,0.009881414388037003,0.0695,False,0.14233825635108782,0.12165001543871179,-0.020688240912376032,0.00042800331204850947,True,0.22156361012931874,0.027614645305102523,0.21211862270632237,-1.3924362976394373e-09,1.0,0.10980446011171256,0.21283896779256273,0.46777600751383636,0.9601573103862401
DGP-N,115,0.012582889124353111,0.004072231055552367,0.00175,False,1.923723463730153,1.2592847565528356,-0.6644387071773175,0.441478795595465,True,2.584286382033735,0.047916126397084785,0.4292337599296918,7.203264187659021e-10,0.909985935302391,0.06444243998999791,0.5669617862194628,2.5600692740498276,1.2601328328870784
DGP-N,116,0.01294345226621324,0.007425449803740785,0.026625,False,0.844771173819277,0.8577137960283442,0.012942622209067167,0.00016751146964663868,True,1.5262367995180877,0.04110843274852498,0.33380055661734387,-3.0624490847590615e-10,0.9374120956399438,0.09007293296598123,0.5420993402238934,1.919130594602591,0.9421684998741919
DGP-N,117,0.024944946234666233,0.02429859009129877,0.805125,False,1.312808320204209,0.8185398972261833,-0.49426842297802565,0.24430127395318446,True,1.5908360370991221,0.029472569278843265,0.21701631935275073,-4.2874627534265455e-10,0.8853727144866386,0.1312814298231067,0.5355126314726004,0.6145713584514925,0.9873106390188469
DGP-N,118,0.01582350399026293,0.024280633357401108,0.839625,False,0.25135499570474895,0.26865402312758196,0.017299027422833013,0.0002992563497759286,True,0.5079672438874846,0.0402594460261013,0.32741154142908596,-1.79723186377434e-11,0.869901547116737,0.15268720737911645,1.0221320543682995,0.9779378738509548,2.512664375676205
DGP-N,119,0.014292389948848752,0.013194002407370958,0.2175,False,0.11369606131175741,0.12595439186390756,0.012258330552150143,0.00015026666792577762,True,0.26179965970981217,0.026818717631365743,0.19666768274013943,-1.7129081979456309e-09,1.0,0.12408073943662966,0.10158087197997856,0.20935368350829014,0.6912806773789318
DGP-N,120,0.012859096616187483,0.017141549708532385,0.485125,False,0.6021584450664892,0.40020186837563143,-0.20195657669085776,0.04078645886869031,True,0.855440216547723,0.03274086750948899,0.25105472903160325,-3.6205969347268723e-10,0.8966244725738397,0.1438958600605711,0.1773234088701897,0.6611238237294689,0.4434520640077131
DGP-N,121,0.018681160217096527,0.020450758414705394,0.685375,False,2.1912631946156065,1.2693796000034465,-0.92188359461216,0.8498693620150373,True,2.5505433523007746,0.02267266148313262,0.16326021362208637,-1.1094695082947183e-09,1.0,0.14645485222680252,0.33581316503456937,0.7502372486118372,1.4322660784711392
DGP-N,122,0.01735583808028785,0.0209901305255219,0.7065,False,3.594951442013419,2.205757121408549,-1.38919432060487,1.9298608604008265,True,4.118589354259386,0.022484098958797546,0.16948371639373933,-4.971898134121527e-10,1.0,0.14373476042304117,0.4165808018391428,1.3554783657885323,6.201258081750173
DGP-N,123,0.02004238858356886,0.006259087898404656,0.0205,False,0.24562963089883544,0.4477437387411118,0.20211410784227635,0.040850112588879314,True,0.8560421707606021,0.06022974678692298,0.4637346061788883,-6.501875210548049e-10,0.4360056258790436,0.07246575023442779,0.2740924023616462,0.3724342825562965,0.7937075654769656
DGP-N,124,0.017756292738753572,0.01292453774581951,0.24075,False,0.6661210911686299,0.7536044945332303,0.08748340336460037,0.007653345864253371,True,1.5653091648330615,0.04159326747916198,0.31449813721884323,-2.7278679156128676e-09,0.7348804500703235,0.10854881585206146,0.31282327482043193,1.3320786637134796,1.7589219952269226
DGP-N,125,0.012938872959627295,0.01260863622778874,0.18875,False,0.2981157683129304,0.34617688232490923,0.04806111401197882,0.002309870680072427,True,0.6592158350860609,0.03199092725973794,0.25633055269779226,1.672609693400826e-09,0.8197374589779653,0.1213820608638311,0.5993115469884325,1.4908286474810215,2.210509892632182
DGP-N,126,0.02142665534567794,0.019149838212674353,0.607375,False,0.40453662671900503,0.7743101320151883,0.36977350529618325,0.13673244521902647,True,1.5118499060679842,0.023974803154502088,0.179611332446436,-5.465300940882296e-10,1.0,0.13423898619364377,0.23045921077193432,0.49392788339777494,0.6847629338135
DGP-N,128,0.01842479737099215,0.03067111627206847,0.946625,False,0.45049813955371537,0.6532723439313911,0.20277420437767574,0.04111737796099941,True,1.1731558301186957,0.03712517171139237,0.28799498603276286,-6.978325413483222e-11,1.0,0.15687194140272342,0.6489475630008101,0.3683579611549914,0.8612335469293964
DGP-N,129,0.016373330072294984,0.01417010414956094,0.302375,False,0.49845175245954954,0.29722085368260265,-0.2012308987769469,0.04049387462257784,True,0.5813576626573338,0.03436162301433641,0.2629332143199615,-2.5083330880401813e-10,0.8790436005625879,0.11767686076902005,0.3787868506551128,1.0591359593210186,1.2374946875636381
DGP-N,130,0.01563162812510423,0.018546921444061802,0.57725,False,0.6365895187837367,0.5729209929707074,-0.06366852581302929,0.004053681179204377,True,1.07681557816669,0.024430710889385993,0.1915307724508903,-4.244009613189621e-10,1.0,0.13380974308397317,0.20850396366143475,0.7593168854652945,0.5189919069264517
DGP-N,131,0.012389855282563493,0.010648006136916804,0.12725,False,0.42736704431021977,0.2715857092528888,-0.155781335057331,0.02426782435224442,True,0.5406376941148986,0.018571121651049332,0.16333780790002775,3.5061424931782167e-09,1.0,0.1012161636995049,0.6739014719620985,0.3204397217847218,0.6487991158703824
DGP-N,132,0.018810546309100038,0.02514071487130702,0.855125,False,0.3428056147805706,0.3246472403475817,-0.0181583744329889,0.00032972656204862495,True,0.5729970377924944,0.030681268128738604,0.23579151623512906,9.65079375376936e-10,1.0,0.15085930453484514,0.1452683039757886,0.2767006011807942,0.46362606762481695
DGP-N,133,0.017634191313469823,0.005872940340309418,0.014375,False,0.20973429114986886,0.27957095572658675,0.06983666457671789,0.004877159719201003,True,0.5414160297317135,0.05634312720611049,0.43853851381904874,1.335387482001791e-09,0.8839662447257384,0.07256466132649193,0.4654200565927109,0.2990120450003493,0.7382067613309514
DGP-N,134,0.02517489599758601,0.028889816637654622,0.90825,False,0.1570397318083524,0.1842072681680027,0.0271675363596503,0.0007380750318529212,True,0.34984118894132665,0.02801946243580134,0.1986725259544011,-1.7606817780055123e-09,0.9444444444444444,0.14557551397084656,0.08963317716432478,0.4285992061534052,0.6906425580017184
DGP-N,135,0.015354752771578342,0.0192750772977961,0.615875,False,1.430149325042079,1.563202224239238,0.13305289919715912,0.017703073984769387,True,2.778745873985306,0.0342799993134112,0.2661742039680644,2.776943532132333e-09,0.843413033286451,0.14121630720966646,0.30776511908608795,1.2427382062490078,2.0743388281378397
DGP-N,136,0.022222967814859915,0.013132702333480658,0.274875,False,0.147622459511009,0.5373064340541726,0.38968397454316356,0.15185360001575696,False,0.9779268141744754,0.04349858095325359,0.3298740866942118,8.062859195220427e-10,0.7770745428973277,0.0961339588363372,0.15268071106764802,0.4100627156435728,0.6320884267144888
DGP-N,137,0.022106805148027864,0.015655116827669846,0.411125,False,0.8390546752882514,0.5245678350770865,-0.3144868402111649,0.09890197266600277,True,0.8674969821619877,0.040078730443537124,0.31419692491685725,-2.6101880750571055e-09,0.9278012189404594,0.10170162858555051,1.3630561513910606,2.3922576100379844,1.4363461179120103
DGP-N,138,0.016204917664282174,0.011208698503039337,0.144875,False,0.28044254583051414,0.449579946567209,0.16913740073669487,0.02860746032796531,True,0.809603356638855,0.03047650940510145,0.2314089034220184,2.3155927785746105e-09,1.0,0.10721670551176561,0.27656714395740706,0.32441285914661333,0.5298587236568424
DGP-N,139,0.01815291683535767,0.008559033452285094,0.065625,False,0.5322134920499192,0.38303318438505934,-0.14918030766485985,0.022254764194982242,True,0.780384743247841,0.04060745465555114,0.3267796414862337,1.192942408085614e-09,0.957571495546179,0.08658347627324431,0.6127018236522555,0.5457165820105712,0.4395997431779335
DGP-N,140,0.019112482516872777,0.015023149055071594,0.361125,False,0.4256991240083248,0.6073012971022798,0.18160217309395493,0.03297934927244677,True,1.1468086544063618,0.0280021756479092,0.2184013497410573,-3.775601648484714e-09,1.0,0.11234943968757231,0.21830145279762925,0.5071511789295515,2.298259670392542
DGP-N,141,0.016861726099992338,0.020967246497443214,0.693125,False,11.586628910198014,4.648649363672346,-6.937979546525668,48.13556018800851,False,8.106932245856578,0.027997530330439592,0.22683882939802674,-9.2599608139701e-10,1.0,0.13589011773005208,2.044840584555101,1.5951752462277855,3.159453373557044
DGP-N,142,0.032113599328203964,0.01952275696161474,0.59775,False,1.680970533416917,1.0049860892657452,-0.6759844441511718,0.45695496873436864,True,1.7542959600135593,0.04433000953901626,0.3206836695538889,1.7247887638625276e-09,0.7510548523206751,0.10436895770516447,0.3640207922300628,0.5486206792046928,2.051461800582439
DGP-N,143,0.019524283806133115,0.029594921165005568,0.93375,False,1.9974918989557469,1.6486327899794502,-0.3488591089762967,0.12170267791573565,True,3.047463749955836,0.04322000868562065,0.32677995396278064,7.86347316063238e-10,0.8293483356774496,0.1628823601156916,2.4039113338996567,3.900411270889965,5.465633046013947
DGP-N,144,0.023559668211722652,0.02350042675152899,0.777,False,0.45755824105736587,0.566486656466597,0.10892841540923115,0.011865399683566025,True,1.0050871435837712,0.0222166167557163,0.16588568410510593,3.979159476264432e-10,1.0,0.12793290182828368,0.18691821688466764,0.3980701685301913,0.5633564203736565
DGP-N,145,0.010745897672020365,0.013225093011629687,0.201625,False,1.0046963003067815,0.9885982825581344,-0.016098017748647053,0.0002591461754357555,True,1.8557958300665658,0.02956173651585921,0.23221881483229065,7.049598752331483e-10,1.0,0.13934358694016072,0.22317850785464743,1.6734156033118892,2.4119759058850643
DGP-N,146,0.02749054622586136,0.023274323696276078,0.778625,False,0.38408789787272835,0.35006825345343906,-0.034019644419289286,0.0011573362064148805,True,0.6959532393152434,0.019049020104346146,0.1293894902674938,-1.3504312194197375e-09,1.0,0.13611349405739245,0.13989299411062478,0.3285523306878122,0.6945740805212819
DGP-N,147,0.01920681495358537,0.020307868363813587,0.662375,False,0.20689260591682723,0.24283125184953003,0.035938645932702795,0.0012915862714761753,True,0.4424282281967823,0.027098887922126464,0.21900394474511062,-5.062568617172144e-11,0.8996718237224567,0.12780199321460092,0.20116964379083996,0.46273576344150436,0.43595294629932047
DGP-N,148,0.017072733667097516,0.02517092772698664,0.85125,False,0.6692671813791712,0.8421839799414212,0.17291679856225006,0.029900219225017764,True,1.587021433313533,0.033867486734788274,0.26018252749900994,-7.214761194578988e-10,1.0,0.1538480532131321,1.1246863569456886,1.827300096124358,2.8255423264691677
DGP-N,149,0.020235595237833602,0.007367915326540964,0.059,False,0.2237094200629749,0.30757866474647233,0.08386924468349743,0.007034050203780362,True,0.5325181726582927,0.05793210265155169,0.4576371243911065,2.7788700077806105e-09,0.4880450070323488,0.06996758216452369,0.12817034997911114,0.35428152101599975,0.45983982188217887
DGP-N,150,0.02032097238167197,0.015033216348592005,0.363125,False,2.0631401239450127,2.9151428125717556,0.8520026886267429,0.7259085814271986,True,4.883337951378601,0.029719956540668876,0.2388382970284501,1.3798979749126426e-09,1.0,0.1055453958687384,0.47056112243715253,0.8810337107450175,1.4854271161098476
DGP-N,151,0.019992610795592298,0.007281496682656687,0.054125,False,0.4710731937225598,1.1695984323817712,0.6985252386592113,0.48793750904390815,True,2.1755699014380183,0.055543525816141484,0.4591385912402673,-3.932334268595223e-10,0.4453820909517112,0.07128793236360936,0.42331787069143967,0.5001520594876061,0.7042215203501754
DGP-N,152,0.01728706223084489,0.014165450787080792,0.32325,False,0.7642479194840076,1.1920963721674642,0.4278484526834566,0.183054298463628,True,1.9772778257941819,0.026791293990455354,0.2118885960944354,9.674262370515626e-11,1.0,0.10520613561179035,0.312067944835976,0.9536644547455055,0.9628043970365487
DGP-N,153,0.019114091457580498,0.02808149266717399,0.91325,False,0.4531783401787135,0.5440050730368653,0.09082673285815179,0.00824949540168607,True,1.1357121537699006,0.037617143096843574,0.2930409231578007,1.872622675355114e-09,1.0,0.15896290362748938,0.2797306978198596,0.6049890689063033,0.542559399301952
DGP-N,154,0.016768169227842394,0.00622472309987452,0.01725,False,0.25564973243916395,0.2741932901381615,0.01854355769899757,0.00034386353213605204,True,0.582040634917977,0.06093948896789342,0.47049854362965066,6.428398423045331e-10,0.39428035630567276,0.0747783806853289,0.13061193817725392,0.6634457788965354,0.8097149146536875
DGP-N,155,0.017285548636595673,0.01575335786897683,0.39625,False,0.7433586426924973,0.5514636352659535,-0.19189500742654375,0.03682369387523328,True,0.9176020428342431,0.024739376191077602,0.18293906598377335,-8.765686691895843e-10,1.0,0.12982504224863825,0.38296128164079407,0.38731393244592804,0.8581587583697203
DGP-N,156,0.022161137676639596,0.03589833074285427,0.980125,True,0.5952063597932744,0.5137774100401857,-0.08142894975308868,0.0066306738578910404,True,0.984227959461624,0.041231866180928424,0.30834930865074,-1.1567865385699056e-09,0.9491326769807783,0.1663832658951517,0.28290554413605057,0.508000446540828,1.2290365068946913
DGP-N,157,0.013315947455245458,0.012626009182860241,0.19025,False,0.7394046295940838,1.2478381957386218,0.5084335661445379,0.25850469118245223,True,2.354948349281394,0.031151569412599805,0.23616381500823036,-1.1246190545993472e-09,0.8567744960150023,0.12303725742621799,0.3077320558418859,0.7505079133728472,0.8909234257972292
DGP-N,158,0.017743404043884855,0.016705908466504577,0.458875,False,0.7281837505170332,0.5763275743426796,-0.15185617617435365,0.023060298242296332,True,1.1548068486850964,0.016892486329313883,0.1225810448022857,1.3237619546651367e-09,1.0,0.1351959959671042,0.4448754722459227,1.251093741597276,0.7160392559552586
DGP-N,159,0.021733186375127805,0.0253804245515414,0.842,False,0.19778024459584512,0.3735574033583151,0.17577715876247,0.03089760954260658,True,0.7065246568881728,0.03237570505069948,0.24372322066953425,-6.500168046680052e-10,0.90014064697609,0.13707599018580163,0.1933908013324982,0.365218344656949,0.8507503126849165
DGP-N,160,0.017505415145619492,0.017053025776679526,0.48325,False,0.8705900701110173,0.5877516083857959,-0.2828384617252214,0.07999759543108954,True,1.0528089267737586,0.033021022343825895,0.25280754471868677,-9.89333642773848e-10,0.8202062822315986,0.1282582746096371,0.5420216928228238,3.722525131862315,5.501492323559401
DGP-N,161,0.02013673088944513,0.011037126751664282,0.159125,False,0.5759382275992327,0.4969908625814115,-0.07894736501782124,0.006232686443257104,True,0.9192138970008723,0.04218133200268437,0.3213755177367458,-5.071866248337404e-10,0.9289732770745429,0.09488388180203526,0.2038170964801984,1.3542067768645858,2.1853321724160524
DGP-N,162,0.016779531845961985,0.020786135339359628,0.708125,False,1.6539753523071312,2.9857212707180514,1.3317459184109202,1.7735471912041452,True,6.140353469717311,0.03807463228149653,0.2905422270722235,-2.075255175601321e-09,0.9526488513830286,0.15333390082588405,0.3697187351991298,0.8437828998134131,1.4998077489619606
DGP-N,163,0.014097835752946146,0.011097581447810718,0.10525,False,0.3801002894799226,0.4329296468581042,0.05282935737818162,0.0027909410009916325,True,0.7804352900575078,0.03193169513014278,0.23361030290954815,9.798077138403383e-11,1.0,0.11613973415855727,0.1572302381539823,0.3073613857900388,0.5593617310111751
DGP-N,164,0.014821520879466697,0.016267832626761722,0.425,False,0.692958724844705,1.0044627950078142,0.3115040701631092,0.09703478572818326,True,1.9508897442326525,0.02889804123641031,0.21429229061659713,-3.766640486412392e-09,1.0,0.14573728379038856,0.21048700398731346,1.0922045562002973,0.6662313057136442
DGP-N,165,0.017720907711743825,0.018090813314122246,0.545125,False,0.1566093410335653,0.30463764334226084,0.14802830230869554,0.021912378284394556,True,0.577256913914918,0.024077906406177362,0.1776961468300463,-1.1581139366769491e-09,1.0,0.13682636154752126,0.5626654891559018,0.42725433772332777,0.7605610717847868
DGP-N,166,0.014736891440629582,0.013685606108351032,0.25725,False,0.17826594873936863,0.2358972423364042,0.05763129359703556,0.003321366001667712,True,0.4981172614434122,0.03682373169769394,0.2814180436507022,-4.995264736310132e-10,0.7878574777308954,0.12553855901564306,0.10643495585470308,0.3589730734167801,0.48397330610712597
DGP-N,167,0.014774663522552895,0.01287113388904308,0.208875,False,0.44822847185301523,0.5343511003397395,0.0861226284867243,0.007417107137462337,True,0.90349597775752,0.022603173370237983,0.1708476962595486,-2.4567527655921956e-09,1.0,0.12318061557594279,0.16104947377608725,0.6022217327211135,0.5507744984899146
DGP-N,168,0.01946750804388891,0.025839916196381613,0.868,False,0.8268588571162393,1.1851479005549714,0.35828904343873214,0.12837103864824168,True,2.044722870747399,0.032037743845333144,0.24077430524444493,-7.28821414325633e-10,1.0,0.15243493002391037,0.23828923173693872,0.8483398604144385,1.138271868623666
DGP-N,169,0.015861708757650993,0.01808824061957289,0.54475,False,1.2406059629590858,1.8232142528757254,0.5826082899166396,0.3394324194795912,True,3.100596529273575,0.02746987000416651,0.22176653794641818,1.0185639629749258e-09,0.90014064697609,0.12757041601464172,0.8053194320594566,0.6556075894752249,3.8235429353069343
DGP-N,170,0.014019632262818008,0.023458649864898984,0.80225,False,0.45874893188497284,0.372349494190291,-0.08639943769468184,0.007464862833957208,True,0.8273943361434203,0.04464599655463331,0.376766163034647,-2.1390188618113438e-09,0.7107360525082044,0.14989923487744986,0.12821511350393322,0.5812044665263911,0.5315052372040572
DGP-N,171,0.018007454228035187,0.021984847899790147,0.719125,False,1.020417829097849,1.3705337765033032,0.35011594740545426,0.12258117662761882,True,2.42212231856318,0.028644964123572213,0.22007617451691572,2.720079946458054e-09,0.9045944678856072,0.13466351955347236,0.27482817616779487,0.6315787824391237,1.4650306945012002
DGP-N,172,0.015869406247011525,0.02286607234947827,0.792625,False,0.2914878890117673,0.41814631961084603,0.12665843059907872,0.01604235804182164,True,0.9071408711977342,0.034548700791034156,0.2718879123837106,1.9284596662697832e-10,1.0,0.15159927424850403,0.662288021894944,0.5394009072927297,0.8953637121213152
DGP-N,173,0.020895925793657108,0.021455195293082555,0.715875,False,2.0911844571965212,2.569670804864336,0.4784863476678147,0.22894918490448488,True,4.684669343280624,0.03232549583916553,0.233585855424151,-5.357843404758852e-10,0.8762306610407876,0.13528246302462274,0.35750700429163074,0.8181740848593191,1.532221849993709
DGP-N,174,0.019272216259456236,0.02026671840330037,0.669,False,0.41293487631285974,0.2945033406702536,-0.11843153564260617,0.014026028634665896,True,0.5857614032633327,0.025759589879870728,0.19341647315675417,-2.680134868010306e-10,1.0,0.13701115906330094,0.37364749599101565,0.2613746475844121,0.4459166335778071
DGP-N,175,0.01691196859494907,0.02464097103636472,0.846125,False,0.1895755384210696,0.5855733435689526,0.395997805147883,0.15681426168194074,False,1.0859130212971642,0.040903408825701065,0.31736549008395704,-1.98974655577802e-10,0.8783403656821378,0.15674975854353315,0.1633549177784196,0.5517622255659325,1.1874919603147276
DGP-N,176,0.017944976940094372,0.01641071601157909,0.44375,False,0.39016948768753096,0.5176740808498719,0.12750459316234092,0.016257421277494074,True,1.1233584223918316,0.02137770257402939,0.16122048881137963,4.2770818308633564e-10,1.0,0.1279992867705779,0.48995006205216435,0.37404088225570686,0.5181807520622392
DGP-N,177,0.015110180440756078,0.020104413632633607,0.675625,False,0.5153621134846934,0.42151964117808804,-0.09384247230660536,0.008806409608615994,True,0.802381052744132,0.04059055470844799,0.2986715591720934,-1.689664410054175e-09,0.7784810126582279,0.1586568735527693,0.13923579441371925,0.3855399512080677,1.4340458059358374
DGP-N,178,0.022756805281542596,0.012912711821326993,0.254,False,0.857934302378278,0.9397270981346765,0.08179279575639853,0.0066900614376479255,True,1.6018520640218057,0.03564269774405773,0.2685399340275853,-3.0907896058126127e-10,0.9688232536333802,0.1021273830773221,0.29604353164818664,1.5303168663050928,2.4251101307024854
DGP-N,179,0.021719548175699762,0.030317507880627217,0.938875,False,0.17756281412348088,0.363076816518196,0.18551400239471513,0.03441544508450637,True,0.7186144988877701,0.03368984749002864,0.24475428800138202,1.8756408324186584e-10,1.0,0.1599150089826538,0.35003223834226976,0.5153890468000217,1.0347756728099595
DGP-N,180,0.018265355584485242,0.011575896276879303,0.166375,False,1.8369603782148918,0.8214266268555495,-1.0155337513593423,1.0313088001499786,False,1.4469350924639068,0.03982352280066635,0.2921021199208009,-1.1320712484335015e-09,0.8556024378809189,0.10271599166351478,0.5741302943331629,1.5021471153104031,1.4874611841781624
DGP-N,181,0.01214552623191079,0.010633276531835722,0.095375,False,0.6683179575510042,0.5657108475299784,-0.10260711002102585,0.010528219026866903,True,1.0631729556572294,0.034626976920134576,0.2729612470184235,-2.6133358848294926e-09,0.7655883731833099,0.11465442719896815,0.6102966490273692,0.4536112652417408,1.5113575994951907
DGP-N,182,0.026942697753668105,0.018329793969014452,0.5525,False,0.5569881365718445,1.5917110416231348,1.0347229050512903,1.0706514902377815,False,2.5540715565986805,0.039768959413708456,0.2943165676133578,2.937879293802182e-09,0.9017815283638069,0.10349951561331963,0.8310965322496684,1.96281382134682,3.005335635900534
DGP-N,183,0.017407762904400638,0.028078714190171147,0.927375,False,0.19868299478897047,0.11476710105410365,-0.08391589373486683,0.007041877221321461,True,0.22966654163569233,0.042344886288496905,0.32946995105643717,-2.2810570079152427e-09,0.9732770745428974,0.1643553177359389,0.22169764968800182,0.24519606016031203,0.5417849585748002
DGP-N,184,0.01769174620598221,0.012249878446611476,0.1915,False,2.917136605407567,4.515510991631396,1.5983743862238287,2.554800678536401,True,7.8547786710850955,0.040815628292779904,0.28529116221856204,7.568265445506713e-10,0.7827004219409283,0.11296386261406233,0.7081573891344595,1.0937157597658635,1.4426394520870525
DGP-N,185,0.0242380751042507,0.018448426727455943,0.5595,False,0.5191372830045388,0.8999008986052024,0.38076361560066363,0.14498093096528994,True,1.532229796836579,0.023983126843992852,0.1764400652220562,1.0855611153963018e-09,1.0,0.12042496590822303,0.19918089443635134,1.0458618956149488,2.475708522684213
DGP-N,186,0.01740760158816637,0.00959715166219993,0.079625,False,2.131540688218658,1.7142258559367867,-0.41731483228187116,0.17415166924244627,True,3.432311005404028,0.044702419718202685,0.3240237031793604,-7.763316241878526e-10,0.9062353492733239,0.09753525101987945,2.3298973416296582,0.6046844536037979,0.8544363830071506
DGP-N,187,0.024303489814559667,0.027862289470241712,0.880625,False,1.0897142291913304,1.5869699760947307,0.49725574690340024,0.24726327782845844,True,2.8207184585338574,0.025964959811616995,0.20003500806764796,5.861272815226948e-13,1.0,0.13698880813976907,0.27211689596658295,0.6498096634534374,1.0471247500006515
DGP-N,188,0.01628210023198477,0.013938054096051512,0.29325,False,0.4382041343772517,0.5289316227764774,0.09072748839922573,0.00823147715123164,True,1.0087256003292386,0.03165841288844056,0.2363347900310938,1.2489083583011965e-09,0.9076418190342241,0.11826893352571316,0.3495627428411483,0.7442171666462905,0.906535341273103
DGP-N,189,0.01745652171841318,0.022553478284119133,0.77175,False,0.24994556283897723,0.3514811973715231,0.10153563453254588,0.010309485079926723,True,0.7479848941806393,0.029347836088008946,0.2214028230791011,-6.960081662440353e-10,1.0,0.15399868579487372,0.21444530931376438,0.4089330378257485,0.92410791700908
DGP-N,190,0.02383016878612733,0.027014963145462575,0.888375,False,0.09893059997021854,0.0790538938058936,-0.019876706164324937,0.0003950834479429129,True,0.1565028917605433,0.035144733747600576,0.24795774040480986,-2.6475314257431445e-10,0.8380215658696671,0.14636990579701348,0.2934391452983053,0.393636686537173,0.4456062082898382
DGP-N,191,0.015230117322817148,0.01232067043407738,0.16375,False,1.1822324207842407,1.7632173785756318,0.580984957791391,0.3375435211798644,True,3.250022381072345,0.024964367064891538,0.1835146750902185,-1.7497712375238067e-09,1.0,0.12164926899975682,0.5537895582533366,0.5888286838947976,0.9237276342885941
DGP-N,192,0.013881462883899225,0.012805912302950648,0.23475,False,0.039876088635730195,0.17880810449363946,0.13893201585790926,0.01930210503034235,False,0.3664647397542199,0.026470095267562065,0.2247046905159912,9.014109477598217e-10,0.903187998124707,0.11028707608738386,0.1900686406551044,0.22637509602165717,0.3603767041558805
DGP-N,193,0.017656205728736975,0.014604675868730772,0.320875,False,0.3272714756301882,0.44779865593011753,0.12052718029992932,0.01452680119105167,True,0.9431701250248354,0.02659689207737844,0.18930277876862306,4.909926088665061e-11,1.0,0.12417746926198214,0.4900142579744253,0.5251574093956879,0.6919337802146375
DGP-N,194,0.0157307806039933,0.00803534379422902,0.05675,False,0.6626952653867082,0.5513010309666942,-0.11139423442001395,0.01240867546202102,True,1.1357067375847014,0.04193252430377105,0.34789630115319037,-6.188252934511208e-10,0.8279418659165495,0.08238372158479366,0.600174133430111,1.0254256625359819,0.5426707037291076
DGP-N,195,0.017437647084984895,0.023899695184583014,0.811125,False,0.31450447009718796,0.15395425062140816,-0.1605502194757798,0.025776372973721064,True,0.27267818182386894,0.03411441648140617,0.268257189031057,2.562649935564615e-09,1.0,0.15214279593265922,1.6312978245223735,2.194546133738819,3.1420898871996443
DGP-N,196,0.01610199528996587,0.01505377056737256,0.355625,False,0.6742194598461368,0.481735349657446,-0.19248411018869083,0.037050132675132075,True,0.9014444785236106,0.02592571258637354,0.20302565957318314,-6.978771001728379e-10,1.0,0.12170456579715236,0.193230646096822,1.35052515922233,1.6945439814012722
DGP-N,197,0.01259462235997546,0.007616664369038328,0.02,False,0.5175821900567104,0.7399626730984276,0.2223804830417172,0.04945307923786747,True,1.4137190661737407,0.04212843612487933,0.324180654767149,-1.1760648984337468e-09,0.9278012189404594,0.09699243982576154,0.5781627831111043,1.0475801295169638,0.6535703506812829
DGP-N,198,0.02047756949197495,0.012815381976881937,0.226375,False,0.9982582300290559,0.95779544139174,-0.040462788637315894,0.0016372372643081003,True,1.797889558686381,0.03547609796057474,0.2502144480833811,3.9796643430280277e-10,1.0,0.11026637066956169,0.5315126994120531,0.7559816614506123,0.8352063742551858
DGP-N,199,0.02069192219429754,0.037627347125340355,0.991125,True,1.0290628461304958,1.443656951440049,0.4145941053095532,0.17188827215742888,True,2.437042927729509,0.056028132495531846,0.39898462754518443,-4.5537833534216865e-10,0.7491795593061416,0.1855771060241104,0.7555959148114346,2.97037140784531,2.288227468000059
DGP-N,200,0.019291041389966027,0.013515044241194756,0.256875,False,0.9640658145404831,2.004804919160621,1.0407391046201377,1.0831378838855261,True,3.6219206672387596,0.02653764064369774,0.18889971890209903,-1.227768533295823e-10,1.0,0.11843379607281536,0.36880429068348797,0.7372321559607027,1.8196654282220148
