dgp_id,replication_id,parameter,truth,posterior_mean,posterior_sd,bias,squared_error,interval_lower,interval_upper,interval_width,covered
DGP-0,1,mu,-0.59351125,-0.623804245610125,0.26299318670900806,-0.030292995610124995,0.0009176655830350522,-1.1331657499999999,-0.09484313500000018,1.0383226149999998,True
DGP-0,1,phi,0.9883567500000001,0.990804312875,0.0025158044294469983,0.00244756287499992,5.9905640270778744e-06,0.985397,0.995248025,0.009851025000000013,True
DGP-0,1,sigma_h,1.0268899999999999,1.120975326375,0.14417660757565218,0.09408532637500011,0.008852048639090292,0.9017895,1.4560469999999996,0.5542574999999996,True
DGP-0,1,sigma_eta,0.1562457416833446,0.14813036375000002,0.013034463537796663,-0.008115377933344575,6.585935900101607e-05,0.124039475,0.17495007499999998,0.050910599999999986,True
DGP-0,1,nu,12.8628,12.12986435375,2.4706374808882483,-0.7329356462500005,0.5371946615439059,8.59188975,18.051019999999994,9.459130249999994,True
DGP-0,2,mu,-0.59351125,-0.45668305877125,0.16471454140206662,0.13682819122875006,0.018721953914931394,-0.7788822000000001,-0.12273185000000018,0.6561503499999999,True
DGP-0,2,phi,0.9883567500000001,0.985156557,0.003698870656500128,-0.0032001930000000733,1.024123523724947e-05,0.977336925,0.9917480249999999,0.014411099999999899,True
DGP-0,2,sigma_h,1.0268899999999999,0.898942745625,0.09540655942956146,-0.12794725437499987,0.016370499902100925,0.749607475,1.12097225,0.37136477499999987,True
DGP-0,2,sigma_eta,0.1562457416833446,0.151708444375,0.014441633822479667,-0.0045372973083445955,2.0587066864311113e-05,0.125312675,0.18216434999999997,0.05685167499999996,True
DGP-0,2,nu,12.8628,15.00444947625,3.612666260687285,2.1416494762500005,4.586662479121902,9.97146175,23.909182499999996,13.937720749999997,True
DGP-0,3,mu,-0.59351125,-0.7548824804375001,0.16938732667263334,-0.1613712304375,0.02604067401291273,-1.0892074999999999,-0.41920915000000003,0.6699983499999999,True
DGP-0,3,phi,0.9883567500000001,0.9865260774999999,0.0036421454861058876,-0.001830672500000241,3.3513618022571325e-06,0.9785737000000001,0.99294305,0.014369349999999947,True
DGP-0,3,sigma_h,1.0268899999999999,0.847297806,0.09680272908489408,-0.17959219399999982,0.03225335614573357,0.694569675,1.0714059999999999,0.37683632499999986,True
DGP-0,3,sigma_eta,0.1562457416833446,0.13593778745,0.014497168698718723,-0.020307954233344583,0.00041241300514361815,0.109543,0.166649475,0.05710647499999999,True
DGP-0,3,nu,12.8628,11.44168057375,2.145537361158569,-1.4211194262499998,2.0195804236651287,8.2573,16.452155,8.194855,True
DGP-0,4,mu,-0.59351125,-0.8586581012999999,0.20886847849091467,-0.2651468512999998,0.07030285275430422,-1.25725575,-0.4123959750000006,0.8448597749999993,True
DGP-0,4,phi,0.9883567500000001,0.98812892675,0.0029303521176346882,-0.00022782325000014758,5.1903433240629746e-08,0.98191095,0.9935191,0.01160815000000004,True
DGP-0,4,sigma_h,1.0268899999999999,0.973327732375,0.11080827067755399,-0.053562267624999826,0.0028689165131321045,0.7981069000000001,1.2322542499999996,0.4341473499999995,True
DGP-0,4,sigma_eta,0.1562457416833446,0.146804215875,0.01264335852358334,-0.009441525808344592,8.9142409589637e-05,0.12379782500000001,0.17348344999999998,0.04968562499999997,True
DGP-0,4,nu,12.8628,14.96517116125,3.6190770653253725,2.10237116125,4.419964499655673,9.946890499999999,23.754485,13.8075945,True
DGP-0,5,mu,-0.59351125,-0.6047959195575,0.14646063244188975,-0.01128466955749996,0.00012734376702196634,-0.896016875,-0.31866542500000006,0.57735145,True
DGP-0,5,phi,0.9883567500000001,0.9823332722499999,0.0042399348033338915,-0.006023477750000228,3.6282284204747805e-05,0.973293925,0.9899593,0.016665374999999982,True
DGP-0,5,sigma_h,1.0268899999999999,0.855187313125,0.08230361416947768,-0.1717026868749999,0.029481812680094262,0.7200117,1.0420889999999998,0.3220772999999998,True
DGP-0,5,sigma_eta,0.1562457416833446,0.15777069325,0.015922061903725367,0.0015249515666554136,2.3254772806448006e-06,0.12864989999999998,0.191690275,0.06304037500000001,True
DGP-0,5,nu,12.8628,15.837195932499998,4.237430421714673,2.9743959324999985,8.847031163272534,10.22222,26.188439999999993,15.966219999999993,True
DGP-0,6,mu,-0.59351125,-0.6308691593787501,0.2212724865222534,-0.037357909378750054,0.0013956133931509011,-1.0686525,-0.18857282500000028,0.8800796749999997,True
DGP-0,6,phi,0.9883567500000001,0.9881366315,0.0030007223899946953,-0.00022011850000014377,4.845215404231329e-08,0.981788725,0.993627,0.01183827500000001,True
DGP-0,6,sigma_h,1.0268899999999999,1.048221140375,0.12108666142200783,0.021331140375000057,0.00045501754969795756,0.8599466,1.3274707499999998,0.4675241499999998,True
DGP-0,6,sigma_eta,0.1562457416833446,0.157847830875,0.013206580960949222,0.0016020891916554147,2.5666897780191e-06,0.133135725,0.18503084999999997,0.05189512499999996,True
DGP-0,6,nu,12.8628,16.9638741475,4.641571700291143,4.1010741475,16.818809163292855,10.90764,28.690389999999958,17.782749999999957,True
DGP-0,7,mu,-0.59351125,-0.9571098380662499,0.23283454135446585,-0.3635985880662499,0.13220393324377047,-1.3922014999999999,-0.4754166000000001,0.9167848999999998,True
DGP-0,7,phi,0.9883567500000001,0.989018075125,0.0028921571422725607,0.0006613251249998342,4.3735092095604634e-07,0.9829229,0.994199275,0.011276375000000005,True
DGP-0,7,sigma_h,1.0268899999999999,1.06982123225,0.1302143782041818,0.04293123225000017,0.0018430907025034548,0.87038275,1.3859602500000001,0.5155775000000001,True
DGP-0,7,sigma_eta,0.1562457416833446,0.15479176725000002,0.013772663745737754,-0.0014539744333445792,2.11404165281969e-06,0.12922287500000001,0.18389207499999996,0.054669199999999946,True
DGP-0,7,nu,12.8628,11.46078477375,2.114886830403911,-1.4020152262500005,1.96564669463684,8.286656,16.55203,8.265373999999998,True
DGP-0,8,mu,-0.59351125,-0.5845074681901749,0.21000064278828337,0.009003781809825195,8.106808687893906e-05,-0.9839561,-0.1473721750000003,0.8365839249999997,True
DGP-0,8,phi,0.9883567500000001,0.987492908875,0.0031353172928568324,-0.0008638411250001532,7.462214892415302e-07,0.980976,0.993182125,0.012206125000000068,True
DGP-0,8,sigma_h,1.0268899999999999,1.02296309325,0.11786352592736041,-0.003926906749999848,1.5420596623194366e-05,0.8435441,1.3007669999999998,0.45722289999999977,True
DGP-0,8,sigma_eta,0.1562457416833446,0.1582290425,0.013614349741524725,0.0019833008166554034,3.93348212934599e-06,0.1333999,0.18605207499999998,0.052652174999999996,True
DGP-0,8,nu,12.8628,8.8785055425,1.2977189487534944,-3.9842944575000008,15.874602324065226,6.7994235,11.869747499999997,5.070323999999998,False
DGP-0,9,mu,-0.59351125,-0.75307773788375,0.19027138315858363,-0.15956648788374994,0.025461464055554918,-1.1208242499999999,-0.378214125,0.7426101249999999,True
DGP-0,9,phi,0.9883567500000001,0.985624049375,0.0035000589658293817,-0.002732700625000084,7.46765270587585e-06,0.978321925,0.991924325,0.013602400000000014,True
DGP-0,9,sigma_h,1.0268899999999999,1.014414936625,0.10679959172377676,-0.012475063374999928,0.0001556272062102646,0.8464729750000001,1.2514142499999998,0.40494127499999977,True
DGP-0,9,sigma_eta,0.1562457416833446,0.16852730962499998,0.014827465243247066,0.012281567941655386,0.0001508369111054973,0.14049695,0.19896322499999994,0.05846627499999993,True
DGP-0,9,nu,12.8628,16.4446899475,4.4119834301870515,3.581889947499999,12.829935596001544,10.4800175,27.705575,17.2255575,True
DGP-0,10,mu,-0.59351125,-0.505450078702125,0.22033467891292857,0.08806117129787505,0.007754769890353693,-0.9299963250000001,-0.06356329500000006,0.86643303,True
DGP-0,10,phi,0.9883567500000001,0.984868380625,0.0033754760552882892,-0.0034883693750000777,1.2168720896438433e-05,0.9778082250000001,0.991082,0.013273774999999932,True
DGP-0,10,sigma_h,1.0268899999999999,1.224617206375,0.119124630386064,0.1977272063750002,0.039096048140861914,1.0343395,1.5027125,0.46837299999999993,False
DGP-0,10,sigma_eta,0.1562457416833446,0.209202646875,0.016300692278620348,0.05295690519165541,0.00280443380747798,0.179207075,0.24305834999999998,0.06385127499999999,False
DGP-0,10,nu,12.8628,15.080336886249999,4.0317495530935075,2.2175368862499987,4.917469841879339,9.715489,24.837337499999993,15.121848499999993,True
DGP-0,11,mu,-0.59351125,-0.55823868941875,0.20720358614919845,0.035272560581250056,0.0012441535299579554,-0.9655294,-0.133120575,0.832408825,True
DGP-0,11,phi,0.9883567500000001,0.9879654877499999,0.0032685550451400274,-0.00039126225000019055,1.530861482752116e-07,0.980958525,0.993653425,0.012694899999999953,True
DGP-0,11,sigma_h,1.0268899999999999,0.9892962728750001,0.1145105016807315,-0.037593727124999754,0.0014132883191489423,0.807931675,1.24770925,0.43977757500000003,True
DGP-0,11,sigma_eta,0.1562457416833446,0.14995503279999997,0.015418914889792959,-0.006290708883344626,3.9573018254990986e-05,0.12175265,0.18174267499999996,0.05999002499999996,True
DGP-0,11,nu,12.8628,12.41119372625,2.611853689524116,-0.4516062737500004,0.2039482264903603,8.65904475,18.6195325,9.960487749999999,True
DGP-0,12,mu,-0.59351125,-0.78791615216475,0.22805293336676644,-0.19440490216474993,0.03779326598568599,-1.2313022500000002,-0.32165680000000046,0.9096454499999997,True
DGP-0,12,phi,0.9883567500000001,0.9884834140000001,0.0029213254201441332,0.00012666399999994304,1.6043768895985572e-08,0.9822726249999999,0.993702075,0.011429450000000063,True
DGP-0,12,sigma_h,1.0268899999999999,1.096180254375,0.12554038236927229,0.06929025437500025,0.004801139351352241,0.8986152749999999,1.3933867499999997,0.49477147499999974,True
DGP-0,12,sigma_eta,0.1562457416833446,0.162658981625,0.013331605219458881,0.0064132399416554076,4.1129646549244257e-05,0.13811215000000002,0.189920525,0.05180837499999999,True
DGP-0,12,nu,12.8628,12.69497558125,2.7474917557948118,-0.16782441874999954,0.028165035528775195,8.72375375,19.411027499999996,10.687273749999996,True
DGP-0,13,mu,-0.59351125,-0.53258759891325,0.2576270297548511,0.06092365108675002,0.0037116912617400567,-1.0362217500000002,-0.010982080000000031,1.0252396700000002,True
DGP-0,13,phi,0.9883567500000001,0.989579974125,0.0026819192340193075,0.0012232241249998665,1.4962772599816891e-06,0.983888675,0.994389175,0.010500500000000024,True
DGP-0,13,sigma_h,1.0268899999999999,1.160325522,0.13954656769796436,0.13343552200000008,0.017805038531412506,0.947609125,1.4853305,0.5377213750000001,True
DGP-0,13,sigma_eta,0.1562457416833446,0.16364226725000003,0.013414172000477134,0.007396525566655432,5.4708590458187456e-05,0.1388282,0.190814975,0.051986774999999985,True
DGP-0,13,nu,12.8628,13.575664721250002,3.076360108823001,0.7128647212500017,0.5081761108028425,9.3885825,20.99207999999999,11.60349749999999,True
DGP-0,14,mu,-0.59351125,-0.7153031510127501,0.2335485761270586,-0.12179190101275006,0.014833267152299509,-1.1563837499999998,-0.23134347500000035,0.9250402749999995,True
DGP-0,14,phi,0.9883567500000001,0.988984360375,0.0028993593119959046,0.0006276103749999207,3.9389478280754107e-07,0.9828298249999999,0.994198025,0.01136820000000005,True
DGP-0,14,sigma_h,1.0268899999999999,1.0644813819999999,0.1277647362018132,0.037591382000000007,0.0014131120006699244,0.8693699,1.3679742499999998,0.4986043499999998,True
DGP-0,14,sigma_eta,0.1562457416833446,0.15428298174999996,0.013742981741121868,-0.001962759933344632,3.852426555943025e-06,0.12913597500000001,0.18258644999999998,0.05345047499999997,True
DGP-0,14,nu,12.8628,12.59755069625,2.6197241020936755,-0.2652493037500001,0.07035719313985982,8.86263125,18.888892499999997,10.026261249999997,True
DGP-0,15,mu,-0.59351125,-0.5918719661655,0.2570596665819714,0.0016392838345000715,2.687251490053258e-06,-1.08561425,-0.05936832250000015,1.0262459274999998,True
DGP-0,15,phi,0.9883567500000001,0.9902149299999999,0.0026521762008631807,0.0018581799999998205,3.452832912399333e-06,0.98439195,0.994869025,0.010477074999999947,True
DGP-0,15,sigma_h,1.0268899999999999,1.12939792275,0.1349067444537482,0.10250792275000009,0.010507874226519985,0.9201893999999999,1.44567075,0.52548135,True
DGP-0,15,sigma_eta,0.1562457416833446,0.154249307125,0.014366574515919387,-0.001996434558344584,3.985750945752535e-06,0.12789085,0.1840866,0.05619574999999999,True
DGP-0,15,nu,12.8628,11.192342925,2.290808851718544,-1.6704570749999998,2.790426839417555,7.9292635,16.644959999999998,8.715696499999996,True
DGP-0,16,mu,-0.59351125,-0.715844384867225,0.24770803080146353,-0.12233313486722497,0.014965395886442653,-1.2036835000000001,-0.22778845000000036,0.9758950499999998,True
DGP-0,16,phi,0.9883567500000001,0.988456919125,0.002898379753109207,0.00010016912499988262,1.003385360324211e-08,0.982316575,0.993662425,0.01134584999999999,True
DGP-0,16,sigma_h,1.0268899999999999,1.171383254125,0.13381558407130628,0.14449325412500014,0.020878300487631868,0.967142525,1.48038275,0.513240225,True
DGP-0,16,sigma_eta,0.1562457416833446,0.1741136995,0.014854899421312212,0.0178679578166554,0.0003192639165377768,0.1470068,0.20525264999999998,0.05824584999999999,True
DGP-0,16,nu,12.8628,10.9077217025,2.037824126872314,-1.9550782975,3.822331149355499,7.88238125,15.742022499999997,7.8596412499999975,True
DGP-0,17,mu,-0.59351125,-0.7077680232462501,0.2053004519662797,-0.11425677324625005,0.013054610232645002,-1.11926825,-0.2974451000000001,0.82182315,True
DGP-0,17,phi,0.9883567500000001,0.9869596443750001,0.003239277817855936,-0.0013971056250000613,1.951904127406812e-06,0.9799879499999999,0.992854,0.012866050000000073,True
DGP-0,17,sigma_h,1.0268899999999999,1.04097637225,0.11118621664529588,0.014086372250000201,0.00019842588316557573,0.8614613249999999,1.3000917499999995,0.4386304249999996,True
DGP-0,17,sigma_eta,0.1562457416833446,0.16465798462499998,0.014871709918125578,0.008412242941655379,7.076583130943075e-05,0.13735350000000002,0.194841475,0.05748797499999997,True
DGP-0,17,nu,12.8628,11.00502699625,2.1453850730230246,-1.8577730037499993,3.451320533462295,7.894144000000001,16.247147499999997,8.353003499999996,True
DGP-0,18,mu,-0.59351125,-0.7919705432237499,0.19674495922370083,-0.1984592932237499,0.03938609106687034,-1.16513625,-0.38449505000000006,0.7806411999999999,True
DGP-0,18,phi,0.9883567500000001,0.9866947398750001,0.003426408801481421,-0.001662010125000002,2.762277655602522e-06,0.979539875,0.992842125,0.013302250000000071,True
DGP-0,18,sigma_h,1.0268899999999999,0.9699945377500001,0.10734942081798028,-0.05689546224999975,0.003237093624641147,0.797529,1.2180099999999996,0.42048099999999955,True
DGP-0,18,sigma_eta,0.1562457416833446,0.1547995325,0.014883558738941963,-0.0014462091833445934,2.0915210019902358e-06,0.12796675,0.18599037499999999,0.058023624999999995,True
DGP-0,18,nu,12.8628,15.17801188375,4.043232628574698,2.315211883750001,5.360206066657227,9.88179175,25.022142499999998,15.140350749999998,True
DGP-0,19,mu,-0.59351125,-0.7417487059487501,0.23272580256201073,-0.14823745594875004,0.02197434334615761,-1.1910987499999999,-0.26783077500000024,0.9232679749999997,True
DGP-0,19,phi,0.9883567500000001,0.988486359,0.0029747023711866783,0.00012960899999991948,1.679849288097913e-08,0.9822314,0.9938501750000001,0.011618775000000081,True
DGP-0,19,sigma_h,1.0268899999999999,1.11732177925,0.12993740680715654,0.09043177925000023,0.008177906698320773,0.920025,1.4287815,0.5087565,True
DGP-0,19,sigma_eta,0.1562457416833446,0.16566996174999998,0.014160427682323201,0.009424220066655387,8.881592386475007e-05,0.1395959,0.19495532499999998,0.05535942499999999,True
DGP-0,19,nu,12.8628,11.770428998749999,2.3460191545149316,-1.092371001250001,1.1932744043719297,8.381756750000001,17.523945,9.14218825,True
DGP-0,20,mu,-0.59351125,-0.78902678249875,0.20986441728523864,-0.19551553249874998,0.03822632344826976,-1.18628575,-0.35959975000000033,0.8266859999999996,True
DGP-0,20,phi,0.9883567500000001,0.98818878575,0.0030825088869258247,-0.00016796425000009663,2.821198927809496e-08,0.9815955000000001,0.993696275,0.012100774999999953,True
DGP-0,20,sigma_h,1.0268899999999999,1.01988903375,0.11537019255130754,-0.007000966249999907,4.901352843363776e-05,0.8416405499999999,1.28831125,0.4466707000000001,True
DGP-0,20,sigma_eta,0.1562457416833446,0.15323966587500001,0.01395142135714928,-0.0030060758083445827,9.036491765514536e-06,0.12710965,0.181973525,0.054863875000000006,True
DGP-0,20,nu,12.8628,18.1393288225,5.469987921358775,5.276528822500001,27.84175641467325,11.230557500000002,31.487597499999985,20.257039999999982,True
DGP-0,21,mu,-0.59351125,-0.5169241157375,0.2409550487447905,0.07658713426250008,0.005865589134542213,-0.987188225,-0.022183220000000937,0.9650050049999991,True
DGP-0,21,phi,0.9883567500000001,0.9896612343750001,0.0027700122364201023,0.0013044843749999702,1.7016794846190628e-06,0.9838669750000001,0.9946010999999999,0.010734124999999817,True
DGP-0,21,sigma_h,1.0268899999999999,1.094030724875,0.1324657552277623,0.06714072487500022,0.0045078769367404735,0.890165775,1.406703499999999,0.516537724999999,True
DGP-0,21,sigma_eta,0.1562457416833446,0.15352646299999997,0.01377481900763918,-0.0027192786833446225,7.3944765576924635e-06,0.12812082500000002,0.18202015,0.05389932499999997,True
DGP-0,21,nu,12.8628,14.659144406250002,3.6247640033054433,1.796344406250002,3.226853225865672,9.6624435,23.459924999999995,13.797481499999995,True
DGP-0,22,mu,-0.59351125,-0.6888765560108749,0.31642527864545333,-0.0953653060108749,0.009094541590547811,-1.2826167499999999,-0.033321880000000026,1.24929487,True
DGP-0,22,phi,0.9883567500000001,0.991786058125,0.0023117187819807045,0.0034293081249998636,1.176015421619008e-05,0.98678475,0.9958680249999999,0.009083274999999946,True
DGP-0,22,sigma_h,1.0268899999999999,1.281970524,0.16916341655958503,0.25508052400000003,0.06506607372411459,1.0320995,1.6724415,0.640342,False
DGP-0,22,sigma_eta,0.1562457416833446,0.159892353375,0.013880010733866441,0.0036466116916553937,1.3297776829717813e-05,0.13503959999999998,0.18861715,0.05357755000000003,True
DGP-0,22,nu,12.8628,10.52641022125,1.824496396906453,-2.33638977875,5.4587171982474745,7.7732045,14.676327499999996,6.9031229999999955,True
DGP-0,23,mu,-0.59351125,-0.5833542982737501,0.21807144853481902,0.010156951726249974,0.00010316366836937233,-0.9989037249999999,-0.13993315000000003,0.8589705749999998,True
DGP-0,23,phi,0.9883567500000001,0.9896944256250001,0.002758997104356235,0.0013376756249999788,1.789376077719084e-06,0.98384985,0.994684025,0.010834174999999946,True
DGP-0,23,sigma_h,1.0268899999999999,0.9818330753749999,0.11842247179882737,-0.045056924624999994,0.0020301264566629307,0.7970859,1.2554237499999996,0.4583378499999996,True
DGP-0,23,sigma_eta,0.1562457416833446,0.1376277374375,0.012791090170535643,-0.018618004245844588,0.0003466300820982871,0.11440485,0.16443244999999998,0.05002759999999998,True
DGP-0,23,nu,12.8628,13.368030978750001,2.881395345328946,0.5052309787500011,0.25525834188868407,9.220627250000001,20.431359999999984,11.210732749999982,True
DGP-0,24,mu,-0.59351125,-0.7975272921362501,0.2093772085338998,-0.20401604213625002,0.041622545448940146,-1.209589,-0.37311555000000013,0.83647345,True
DGP-0,24,phi,0.9883567500000001,0.9884715492499999,0.0030184960485519657,0.0001147992499997974,1.3178867800515985e-08,0.982012825,0.9938861250000001,0.011873300000000087,True
DGP-0,24,sigma_h,1.0268899999999999,0.966761505625,0.11454113424063257,-0.0601284943749999,0.003615435835804394,0.790256125,1.2376399999999999,0.4473838749999999,True
DGP-0,24,sigma_eta,0.1562457416833446,0.14337793725,0.01280088354338281,-0.012867804433344593,0.00016558039093480276,0.11976329999999999,0.170103525,0.050340225000000016,True
DGP-0,24,nu,12.8628,13.25370529625,2.8852039438313843,0.3909052962500006,0.15280695063630073,9.20591775,20.1566175,10.95069975,True
DGP-0,25,mu,-0.59351125,-0.6939483420855375,0.2583392467629092,-0.10043709208553742,0.010087609466598722,-1.17597125,-0.1536699250000001,1.022301325,True
DGP-0,25,phi,0.9883567500000001,0.99102910125,0.0025907929731121184,0.0026723512499998714,7.141461203375875e-06,0.98553025,0.995633025,0.010102774999999897,True
DGP-0,25,sigma_h,1.0268899999999999,1.0486502420000001,0.14054397978932454,0.021760242000000263,0.00047350813189857543,0.83663425,1.3770909999999998,0.5404567499999998,True
DGP-0,25,sigma_eta,0.1562457416833446,0.1365903617625,0.013425192805535882,-0.019655379920844596,0.0003863339598327409,0.1117496,0.164754025,0.053004424999999994,True
DGP-0,25,nu,12.8628,10.61710642,1.8064731070456927,-2.2456935799999993,5.0431396552532135,7.81761225,14.7025575,6.8849452499999995,True
DGP-0,26,mu,-0.59351125,-0.41105488130545004,0.26198130485615473,0.18245636869455,0.033290326477201565,-0.9299842500000001,0.1101572499999998,1.0401414999999998,True
DGP-0,26,phi,0.9883567500000001,0.9910280056250002,0.002469598948455829,0.002671255625000035,7.1356066140943285e-06,0.985709675,0.99538605,0.00967637500000007,True
DGP-0,26,sigma_h,1.0268899999999999,1.1144544795000002,0.14142913909930346,0.08756447950000035,0.007667538070105981,0.89590205,1.4457992499999992,0.5498971999999992,True
DGP-0,26,sigma_eta,0.1562457416833446,0.145529285,0.013138131859490894,-0.010716456683344588,0.0001148424438460009,0.1214869,0.172652025,0.05116512499999999,True
DGP-0,26,nu,12.8628,13.3223104175,2.930438526206929,0.45951041750000066,0.2111498237910249,9.16760275,20.379597499999996,11.211994749999995,True
DGP-0,27,mu,-0.59351125,-0.6249555292484377,0.25845330496637287,-0.03144427924843762,0.000988742697453725,-1.13276975,-0.09038131250000038,1.0423884374999997,True
DGP-0,27,phi,0.9883567500000001,0.9903459465000001,0.0026530754739210755,0.0019891964999999567,3.956902715612078e-06,0.98484885,0.995204075,0.010355224999999968,True
DGP-0,27,sigma_h,1.0268899999999999,1.0924120871250003,0.13923779863662175,0.0655220871250004,0.0042931439012161435,0.883706275,1.4254289999999998,0.5417227249999998,True
DGP-0,27,sigma_eta,0.1562457416833446,0.147887138625,0.013437959913142937,-0.0083586030583446,6.986624508696769e-05,0.122799425,0.17602455,0.053225125,True
DGP-0,27,nu,12.8628,11.45904501125,2.1323850450911745,-1.4037549887500003,1.9705280684405133,8.219452500000001,16.489907499999994,8.270454999999993,True
DGP-0,28,mu,-0.59351125,-0.83566475378625,0.2232527255549602,-0.24215350378625,0.05863831939595739,-1.26964525,-0.3754763250000001,0.8941689249999998,True
DGP-0,28,phi,0.9883567500000001,0.9882822236250001,0.002945994776517733,-7.452637500005022e-05,5.55418057064811e-09,0.982138875,0.993732,0.011593124999999982,True
DGP-0,28,sigma_h,1.0268899999999999,1.077602218875,0.12451996299209181,0.050712218875000215,0.002571729143225928,0.886797125,1.3750104999999997,0.4882133749999997,True
DGP-0,28,sigma_eta,0.1562457416833446,0.16130155200000001,0.013239707540029507,0.005055810316655418,2.5561217957999357e-05,0.13695169999999998,0.18893639999999998,0.051984699999999995,True
DGP-0,28,nu,12.8628,12.544242313749999,2.5773645089429102,-0.318557686250001,0.1014789994689541,8.808884,18.750002499999997,9.941118499999996,True
DGP-0,29,mu,-0.59351125,-0.595514352588125,0.18622227359336802,-0.002003102588124972,4.012419978552961e-06,-0.962309525,-0.21489450000000002,0.747415025,True
DGP-0,29,phi,0.9883567500000001,0.9860428523749999,0.003320639012187717,-0.0023138976250002274,5.3541222189816934e-06,0.97905595,0.992059225,0.01300327499999998,True
DGP-0,29,sigma_h,1.0268899999999999,0.967793363875,0.10248284496811803,-0.059096636124999824,0.0034924124012906343,0.806158075,1.2004969999999997,0.3943389249999997,True
DGP-0,29,sigma_eta,0.1562457416833446,0.15849107112500002,0.01355156031173815,0.002245329441655425,5.041504301564662e-06,0.133207775,0.18655505,0.053347275,True
DGP-0,29,nu,12.8628,21.627974442499998,7.337328019931789,8.765174442499998,76.82828300745514,12.563935,39.99724749999996,27.433312499999957,True
DGP-0,30,mu,-0.59351125,-0.781540334625,0.16817132937134446,-0.188029084625,0.03535493666491542,-1.110472,-0.44154710000000025,0.6689248999999997,True
DGP-0,30,phi,0.9883567500000001,0.98393249025,0.0037786374519169033,-0.004424259750000159,1.957407433547147e-05,0.97603155,0.9907014000000001,0.014669850000000095,True
DGP-0,30,sigma_h,1.0268899999999999,0.9297976229999999,0.09015137981992456,-0.09709237699999995,0.009426929671510119,0.7807166249999999,1.13438025,0.35366362500000004,True
DGP-0,30,sigma_eta,0.1562457416833446,0.16368639675,0.015729056842560013,0.007440655066655394,5.5363347820944584e-05,0.13472497500000002,0.195986525,0.06126154999999997,True
DGP-0,30,nu,12.8628,12.086585541249999,2.5320975720059695,-0.7762144587500011,0.6025088859725571,8.525872249999999,18.333452499999996,9.807580249999997,True
DGP-0,31,mu,-0.59351125,-0.511207230970625,0.21349135645667147,0.08230401902937501,0.0067739515483877235,-0.9302608,-0.08059203750000017,0.8496687624999998,True
DGP-0,31,phi,0.9883567500000001,0.9877719792499999,0.0032770828082359983,-0.0005847707500001853,3.419568300557792e-07,0.98075385,0.993583075,0.012829224999999944,True
DGP-0,31,sigma_h,1.0268899999999999,1.0273663345,0.1171366238197296,0.00047633450000006405,2.2689455589031103e-07,0.843383725,1.2963687499999996,0.4529850249999996,True
DGP-0,31,sigma_eta,0.1562457416833446,0.157005163375,0.01563526560300442,0.0007594216916554097,5.767213057567642e-07,0.12898205,0.18898012499999997,0.059998074999999984,True
DGP-0,31,nu,12.8628,11.71751585,2.3475136105696284,-1.1452841500000002,1.3116757842412228,8.250915500000001,17.276117499999994,9.025201999999993,True
DGP-0,32,mu,-0.59351125,-0.3707958113260413,0.24894585023535176,0.22271543867395877,0.04960216662373389,-0.84758605,0.15068997499999992,0.9982760249999999,True
DGP-0,32,phi,0.9883567500000001,0.98977486,0.002833080050443602,0.001418109999999917,2.0110359720997643e-06,0.98371395,0.994707125,0.010993175000000077,True
DGP-0,32,sigma_h,1.0268899999999999,1.1098657223750001,0.1368610362045921,0.08297572237500028,0.0068849705036531225,0.903384525,1.4325947499999996,0.5292102249999996,True
DGP-0,32,sigma_eta,0.1562457416833446,0.154705963375,0.014164638433031954,-0.0015397783083445915,2.370917238848532e-06,0.12855905,0.183816025,0.055256974999999986,True
DGP-0,32,nu,12.8628,8.804698815,1.2679257797377814,-4.058101185,16.468185227698402,6.777058500000001,11.717234999999999,4.940176499999998,False
DGP-0,33,mu,-0.59351125,-0.962832227225,0.17607221439663198,-0.3693209772249999,0.13639798421842889,-1.2996109999999998,-0.60274505,0.6968659499999998,False
DGP-0,33,phi,0.9883567500000001,0.9858629522499999,0.00350470753060499,-0.0024937977500002484,6.2190272179063016e-06,0.97844075,0.992153,0.013712249999999981,True
DGP-0,33,sigma_h,1.0268899999999999,0.906123437375,0.09659880450166282,-0.12076656262499985,0.01458456264825801,0.7524198249999999,1.1226894999999997,0.37026967499999974,True
DGP-0,33,sigma_eta,0.1562457416833446,0.1492735055,0.014002074679797886,-0.00697223618334461,4.861207739633981e-05,0.12384255,0.178291275,0.054448725,True
DGP-0,33,nu,12.8628,10.4209263925,1.784987937795966,-2.4418736075,5.962746715005063,7.64983225,14.583847499999997,6.934015249999997,True
DGP-0,34,mu,-0.59351125,-0.1699498682211875,0.23452738255739497,0.42356138177881253,0.17940424413437697,-0.6392863499999999,0.3102275749999997,0.9495139249999995,True
DGP-0,34,phi,0.9883567500000001,0.989601738125,0.0026891700831787337,0.0012449881249998462,1.5499954313906328e-06,0.9841249750000001,0.994477375,0.010352399999999928,True
DGP-0,34,sigma_h,1.0268899999999999,1.0738963161250001,0.13080857479363933,0.04700631612500028,0.0022095937556434616,0.8694163,1.38082925,0.5114129499999999,True
DGP-0,34,sigma_eta,0.1562457416833446,0.151229877,0.012785342732831625,-0.005015864683344584,2.5158898521623467e-05,0.1272546,0.17736802499999998,0.05011342499999999,True
DGP-0,34,nu,12.8628,11.1251554075,2.030026343728694,-1.7376445925000006,3.019408729844493,8.1066025,15.952889999999995,7.846287499999995,True
DGP-0,35,mu,-0.59351125,-0.48024597583375,0.17517437164894678,0.11326527416625004,0.012829022331955788,-0.831586925,-0.12181205000000014,0.7097748749999998,True
DGP-0,35,phi,0.9883567500000001,0.98713344425,0.003464501336459654,-0.00122330575000007,1.4964769579832335e-06,0.97981785,0.9932167749999999,0.01339892499999995,True
DGP-0,35,sigma_h,1.0268899999999999,0.8578690923750001,0.09740754176333646,-0.16902090762499977,0.028568067214378705,0.70340035,1.0784464999999999,0.37504614999999986,True
DGP-0,35,sigma_eta,0.1562457416833446,0.13454287203749998,0.014334650474945027,-0.021702869645844614,0.0004710145508645235,0.108272675,0.164506325,0.05623365000000001,True
DGP-0,35,nu,12.8628,12.3108515675,2.428031928060204,-0.5519484324999997,0.3046470721392067,8.77696025,17.984737499999998,9.207777249999998,True
DGP-0,36,mu,-0.59351125,-0.5635021588675,0.19454480294285675,0.030009091132500054,0.0009005455505986934,-0.93805735,-0.17183425000000016,0.7662230999999998,True
DGP-0,36,phi,0.9883567500000001,0.9870981185000001,0.003284066383838705,-0.0012586315000000514,1.5841532527923795e-06,0.980205475,0.9931460999999999,0.012940624999999928,True
DGP-0,36,sigma_h,1.0268899999999999,0.9773817355000001,0.11069849058383309,-0.04950826449999979,0.0024510682538019394,0.804345725,1.23314325,0.4287975249999999,True
DGP-0,36,sigma_eta,0.1562457416833446,0.15355528275,0.01409659351243712,-0.0026904589333446027,7.238569272013778e-06,0.12714385,0.18167137499999994,0.05452752499999994,True
DGP-0,36,nu,12.8628,16.38077063125,4.45446960470314,3.5179706312500016,12.376117362337535,10.3190875,27.377442499999987,17.058354999999985,True
DGP-0,37,mu,-0.59351125,-0.38648094286541257,0.28746540093426387,0.20703030713458748,0.04286154807224162,-0.956436525,0.185395475,1.141832,True
DGP-0,37,phi,0.9883567500000001,0.991363089625,0.0024221599892903594,0.003006339624999854,9.038077940844263e-06,0.98626795,0.995634125,0.009366175000000032,True
DGP-0,37,sigma_h,1.0268899999999999,1.165378118,0.15242503368298868,0.13848811800000016,0.019178958827181968,0.933748475,1.52066025,0.5869117749999999,True
DGP-0,37,sigma_eta,0.1562457416833446,0.149026967,0.012427651871212034,-0.0072187746833445865,5.211070792889674e-05,0.1265581,0.17473239999999998,0.048174299999999975,True
DGP-0,37,nu,12.8628,13.57061197,2.9431426177281876,0.7078119699999998,0.5009977848752807,9.384795,20.812202499999994,11.427407499999994,True
DGP-0,38,mu,-0.59351125,-0.6486461994275,0.19904123445834487,-0.05513494942749997,0.003039862648372979,-1.0331922500000001,-0.23573625000000073,0.7974559999999994,True
DGP-0,38,phi,0.9883567500000001,0.9885833089999999,0.0028335908045931733,0.000226558999999793,5.132898048090621e-08,0.98276785,0.9937510500000001,0.010983200000000082,True
DGP-0,38,sigma_h,1.0268899999999999,0.951934005375,0.11020655699034566,-0.07495599462499991,0.005618401130223016,0.780299425,1.2120002499999998,0.43170082499999973,True
DGP-0,38,sigma_eta,0.1562457416833446,0.14075386025,0.012341891084297497,-0.015491881433344595,0.000239998390344807,0.1183264,0.166656475,0.048330075,True
DGP-0,38,nu,12.8628,10.489818404999998,1.8229305482527784,-2.3729815950000024,5.631041650208755,7.7352465,14.6979325,6.962686000000001,True
DGP-0,39,mu,-0.59351125,-0.69650397848125,0.1883819099529234,-0.10299272848124996,0.010607502120012477,-1.0551365,-0.32747070000000006,0.7276657999999998,True
DGP-0,39,phi,0.9883567500000001,0.985148985625,0.0036038533220726725,-0.003207764375000144,1.0289752285520064e-05,0.977506925,0.9916750249999999,0.014168099999999906,True
DGP-0,39,sigma_h,1.0268899999999999,0.99202821675,0.1049317111942538,-0.03486178324999989,0.001215343931369973,0.8266927,1.22690425,0.4002115500000001,True
DGP-0,39,sigma_eta,0.1562457416833446,0.16747927737499999,0.014717142901029883,0.011233535691655389,0.0001261923241356955,0.140040625,0.198292375,0.05825174999999999,True
DGP-0,39,nu,12.8628,17.72626895125,5.158573828700912,4.863468951249999,23.653330239772764,11.142385,30.2053,19.062915,True
DGP-0,40,mu,-0.59351125,-0.64289755082375,0.2672145460963083,-0.04938630082374995,0.002439006709053925,-1.169422,-0.10461845000000007,1.06480355,True
DGP-0,40,phi,0.9883567500000001,0.989525807125,0.002682642271925037,0.0011690571249999282,1.3666945615130977e-06,0.9837749499999999,0.99425315,0.010478200000000104,True
DGP-0,40,sigma_h,1.0268899999999999,1.225394681,0.14248771055274576,0.19850468100000018,0.03940410837891183,1.0046465,1.5571439999999999,0.5524974999999999,True
DGP-0,40,sigma_eta,0.1562457416833446,0.17338866375000003,0.014332774365412028,0.017142922066655436,0.00029387977698342187,0.14701175,0.20313927499999998,0.056127524999999984,True
DGP-0,40,nu,12.8628,15.65266565125,4.255260077216282,2.7898656512500004,7.783350352024589,10.1957975,26.138185,15.9423875,True
DGP-0,41,mu,-0.59351125,-0.48442666945912505,0.24440011824145066,0.109084580540875,0.011899445711778645,-0.982278475,0.006847186499999718,0.9891256614999997,True
DGP-0,41,phi,0.9883567500000001,0.989475627,0.002628943478538036,0.001118876999999907,1.251885741128792e-06,0.9840529,0.9942482,0.010195300000000018,True
DGP-0,41,sigma_h,1.0268899999999999,1.095987101875,0.1276995583430122,0.06909710187500018,0.004774409487524153,0.898039225,1.4017327499999999,0.5036935249999999,True
DGP-0,41,sigma_eta,0.1562457416833446,0.15559103125,0.01355296524840234,-0.0006547104333445852,4.286457515302546e-07,0.130943,0.18369984999999997,0.052756849999999966,True
DGP-0,41,nu,12.8628,11.83371106375,2.313643603959564,-1.02908893625,1.0590240387121566,8.43500925,17.347867499999996,8.912858249999996,True
DGP-0,42,mu,-0.59351125,-0.34003573509172497,0.25107909089219516,0.2534755149082751,0.06424983665801519,-0.84302985,0.15812762499999977,1.0011574749999999,True
DGP-0,42,phi,0.9883567500000001,0.9899695316249999,0.0027790272689504248,0.0016127816249997817,2.6010645699369367e-06,0.9841125000000001,0.9950021250000001,0.010889625000000014,True
DGP-0,42,sigma_h,1.0268899999999999,1.0958757881249999,0.13882733729409621,0.068985788125,0.004759038963227391,0.886966825,1.4289759999999996,0.5420091749999996,True
DGP-0,42,sigma_eta,0.1562457416833446,0.15118868587500003,0.013608862244440165,-0.005057055808344563,2.557381344871148e-05,0.12626132499999998,0.18000377499999998,0.05374245,True
DGP-0,42,nu,12.8628,15.8865599625,4.026062294406049,3.0237599625,9.143124310818001,10.241872500000001,25.806472499999998,15.564599999999997,True
DGP-0,43,mu,-0.59351125,-0.28871958278750004,0.17093130048052796,0.3047916672125,0.09289796040217535,-0.6238519749999999,0.04904101249999988,0.6728929874999998,True
DGP-0,43,phi,0.9883567500000001,0.984527934125,0.003793517524730416,-0.003828815875000169,1.4659831004653309e-05,0.976503475,0.991503025,0.014999549999999973,True
DGP-0,43,sigma_h,1.0268899999999999,0.9323005102499999,0.09627755006208816,-0.09458948974999992,0.008947171571165341,0.7781327,1.1538132499999998,0.3756805499999998,True
DGP-0,43,sigma_eta,0.1562457416833446,0.160750289625,0.015532957314339998,0.00450454794165539,2.0290952158671814e-05,0.13197295,0.19333845,0.06136549999999999,True
DGP-0,43,nu,12.8628,15.17328664,3.8432670687817136,2.3104866400000006,5.3383485136184925,9.97218125,24.438174999999994,14.465993749999994,True
DGP-0,44,mu,-0.59351125,-0.59021547951375,0.20682507333885292,0.0032957704862500714,1.0862103098037032e-05,-0.9815587250000001,-0.16767050000000008,0.813888225,True
DGP-0,44,phi,0.9883567500000001,0.987385127125,0.0030982539131546383,-0.0009716228750000777,9.440510112234166e-07,0.980921975,0.992984075,0.012062099999999965,True
DGP-0,44,sigma_h,1.0268899999999999,0.9957201046249999,0.11234697522138326,-0.031169895374999923,0.0009715623776884416,0.822715625,1.2512397499999999,0.4285241249999999,True
DGP-0,44,sigma_eta,0.1562457416833446,0.154826980375,0.013246873598570606,-0.0014187613083445905,2.0128836500556543e-06,0.13078684999999998,0.18216707499999998,0.051380225,True
DGP-0,44,nu,12.8628,11.95265916625,2.3094237539987508,-0.9101408337500008,0.8283563372591465,8.532037749999999,17.440939999999998,8.908902249999999,True
DGP-0,45,mu,-0.59351125,-0.4784875997515,0.23979745180849907,0.11502365024850003,0.01323044011648926,-0.94568895,0.021708219999999678,0.9673971699999997,True
DGP-0,45,phi,0.9883567500000001,0.9893958660000001,0.002706875162006337,0.001039115999999951,1.0797620614558983e-06,0.983623875,0.994289175,0.010665299999999989,True
DGP-0,45,sigma_h,1.0268899999999999,1.1154262995,0.13272229370715066,0.08853629950000008,0.007838676329153714,0.909951575,1.4210464999999999,0.5110949249999999,True
DGP-0,45,sigma_eta,0.1562457416833446,0.15873710725,0.01311962355179313,0.0024913655666554124,6.206902386716244e-06,0.134260975,0.18556815000000002,0.05130717500000001,True
DGP-0,45,nu,12.8628,13.575177633750002,3.0661726239651212,0.7123776337500018,0.5074818930672518,9.223424,20.911774999999995,11.688350999999995,True
DGP-0,46,mu,-0.59351125,-0.7612555148375,0.18715770981576257,-0.16774426483749993,0.028138138385873316,-1.12070775,-0.3824322000000002,0.7382755499999998,True
DGP-0,46,phi,0.9883567500000001,0.984848549,0.0036469512338063587,-0.003508201000000155,1.2307474256402088e-05,0.977220925,0.9913580999999999,0.01413717499999989,True
DGP-0,46,sigma_h,1.0268899999999999,0.99309192475,0.1012987919914026,-0.03379807524999989,0.0011423098906046553,0.83224785,1.22666225,0.39441439999999994,True
DGP-0,46,sigma_eta,0.1562457416833446,0.16948853325,0.015223551676000199,0.013242791566655393,0.0001753715284778792,0.14124672500000002,0.2008411,0.05959437499999998,True
DGP-0,46,nu,12.8628,18.5942642775,5.759568165907319,5.731464277499999,32.84968276425858,11.286425,33.037564999999994,21.751139999999992,True
DGP-0,47,mu,-0.59351125,-0.5905429303412499,0.16816484231673529,0.002968319658750107,8.810921596522351e-06,-0.9216825,-0.25279250000000003,0.66889,True
DGP-0,47,phi,0.9883567500000001,0.985719533625,0.0035229270263480448,-0.00263721637500014,6.954910208568878e-06,0.9782387499999999,0.99207205,0.013833300000000048,True
DGP-0,47,sigma_h,1.0268899999999999,0.86723560275,0.09010655575170778,-0.15965439724999986,0.025489526561260762,0.7201259,1.0784624999999999,0.3583365999999999,True
DGP-0,47,sigma_eta,0.1562457416833446,0.14367956055,0.01394693597480041,-0.012566181133344595,0.00015790890827602566,0.117839175,0.172791225,0.05495204999999999,True
DGP-0,47,nu,12.8628,14.223095090000001,3.661220588335579,1.360295090000001,1.8504027318781109,9.6384335,22.300714999999993,12.662281499999994,True
DGP-0,48,mu,-0.59351125,-0.75954221560625,0.24374362512036768,-0.16603096560624997,0.02756628154014376,-1.22034425,-0.26739507500000015,0.9529491749999998,True
DGP-0,48,phi,0.9883567500000001,0.9892902805,0.002844865931039712,0.0009335304999998906,8.714791944300457e-07,0.983284925,0.99434015,0.011055225000000002,True
DGP-0,48,sigma_h,1.0268899999999999,1.11818471275,0.13444490888267133,0.09129471275000012,0.008334724576105033,0.9125210250000001,1.44289,0.5303689749999999,True
DGP-0,48,sigma_eta,0.1562457416833446,0.15974846250000002,0.014099559387298535,0.0035027208166554247,1.2269053119431245e-05,0.13363225,0.18812235,0.054490099999999986,True
DGP-0,48,nu,12.8628,13.124784611250002,2.931493429651883,0.2619846112500017,0.06863593653181453,8.983685000000001,20.470429999999983,11.486744999999981,True
DGP-0,49,mu,-0.59351125,-0.900725346875,0.16447880277330199,-0.307214096875,0.09438050131872189,-1.2230824999999999,-0.5682170750000002,0.6548654249999997,True
DGP-0,49,phi,0.9883567500000001,0.983311599375,0.0039325054461831505,-0.0050451506250001055,2.5453544828938955e-05,0.974974525,0.990421525,0.015446999999999989,True
DGP-0,49,sigma_h,1.0268899999999999,0.948612355875,0.09070899828139643,-0.07827764412499982,0.00612738956976012,0.79976855,1.156574,0.35680544999999997,True
DGP-0,49,sigma_eta,0.1562457416833446,0.17008650425000002,0.01578080937669405,0.013840762566655423,0.00019156670842653003,0.1407904,0.20227982499999997,0.06148942499999996,True
DGP-0,49,nu,12.8628,14.998566205,4.0373286576649265,2.1357662049999995,4.5614972824201,9.780517,24.58190999999999,14.80139299999999,True
DGP-0,50,mu,-0.59351125,-0.685958290295,0.24351107285828025,-0.09244704029499995,0.008546455259305344,-1.15852175,-0.1912611500000001,0.9672605999999999,True
DGP-0,50,phi,0.9883567500000001,0.9898158530000001,0.00264443286817614,0.0014591029999999616,2.128981564608888e-06,0.9843309499999999,0.994651275,0.010320325000000019,True
DGP-0,50,sigma_h,1.0268899999999999,1.0810745899999998,0.13280878558597226,0.05418458999999998,0.0029359697934680973,0.8775471,1.387953,0.5104059,True
DGP-0,50,sigma_eta,0.1562457416833446,0.15062787275,0.012874528518925675,-0.005617868933344594,3.156045135223833e-05,0.126694375,0.177871075,0.05117669999999999,True
DGP-0,50,nu,12.8628,11.63315633,2.224863024451843,-1.2296436699999997,1.5120235551710683,8.339727750000002,17.045044999999995,8.705317249999993,True
DGP-0,51,mu,-0.59351125,-0.9234907847249999,0.17335278905892335,-0.32997953472499986,0.10888649333732739,-1.2625435,-0.57296385,0.68957965,True
DGP-0,51,phi,0.9883567500000001,0.98446486675,0.003779157500941387,-0.0038918832500001166,1.514675523163147e-05,0.976618875,0.99131325,0.014694375000000037,True
DGP-0,51,sigma_h,1.0268899999999999,0.939546993875,0.09668870048018231,-0.0873430061249999,0.00762880071895177,0.7840845999999999,1.1610367499999996,0.3769521499999997,True
DGP-0,51,sigma_eta,0.1562457416833446,0.16228735975,0.014926641288484806,0.006041618066655402,3.6501148863336956e-05,0.13497915,0.193186375,0.058207225,True
DGP-0,51,nu,12.8628,14.767666197499999,3.5526945573612263,1.9048661974999987,3.6285152303781043,9.814099,23.400092499999992,13.585993499999992,True
DGP-0,52,mu,-0.59351125,-0.507140852788125,0.22514233541694884,0.086370397211875,0.007459845514537065,-0.937663725,-0.059500557500000696,0.8781631674999992,True
DGP-0,52,phi,0.9883567500000001,0.9875519378750001,0.00304081298178863,-0.000804812125000054,6.477225565471024e-07,0.981151175,0.9929830999999999,0.011831924999999854,True
DGP-0,52,sigma_h,1.0268899999999999,1.123623800375,0.12201774706808523,0.09673380037500023,0.009357428134990395,0.9279273,1.4113504999999995,0.4834231999999995,True
DGP-0,52,sigma_eta,0.1562457416833446,0.173673139375,0.014829237058035556,0.01742739769165541,0.0003037141903031163,0.146526925,0.20412315,0.057596225,True
DGP-0,52,nu,12.8628,13.668977445000001,3.224759937913859,0.8061774450000012,0.64992207282673,9.1959275,21.740757499999997,12.544829999999997,True
DGP-0,53,mu,-0.59351125,-0.43845388424375,0.1822725817708959,0.15505736575625007,0.02404278667526751,-0.79501075,-0.07207729000000043,0.7229334599999996,True
DGP-0,53,phi,0.9883567500000001,0.985014394,0.0036055595810152038,-0.003342356000000102,1.117134363073668e-05,0.977293825,0.9915280249999999,0.014234199999999975,True
DGP-0,53,sigma_h,1.0268899999999999,0.9893796675000001,0.09992838557203765,-0.0375103324999998,0.001407025044260541,0.824291625,1.2173352499999996,0.3930436249999997,True
DGP-0,53,sigma_eta,0.1562457416833446,0.1679240265,0.014809427864328735,0.011678284816655393,0.00013638233625892389,0.14094422499999998,0.19844845,0.05750422500000002,True
DGP-0,53,nu,12.8628,13.704708105,3.197894360509311,0.8419081049999999,0.7088092572646909,9.236274,21.423865,12.187591,True
DGP-0,54,mu,-0.59351125,-0.5933777564715002,0.2301326192502547,0.00013349352849989504,1.782052215135229e-08,-1.0329519999999999,-0.12293857500000031,0.9100134249999996,True
DGP-0,54,phi,0.9883567500000001,0.987069720875,0.0031153962993055876,-0.0012870291250001165,1.6564439685985653e-06,0.980516975,0.992785075,0.012268100000000004,True
DGP-0,54,sigma_h,1.0268899999999999,1.17470527625,0.12544374764991476,0.14781527625000024,0.021849355892863884,0.9764185,1.4730575,0.49663899999999994,True
DGP-0,54,sigma_eta,0.1562457416833446,0.18505842362500002,0.01512589006280096,0.028812681941655427,0.0008301706406709967,0.15714962500000001,0.216034375,0.058884749999999986,False
DGP-0,54,nu,12.8628,20.55126212125,6.643183282992357,7.6884621212500015,59.112449789896075,12.067595,37.2290275,25.1614325,True
DGP-0,55,mu,-0.59351125,-0.632304274375125,0.2593397685861682,-0.038793024375124996,0.0015048987401690421,-1.1298454999999998,-0.09325467,1.0365908299999997,True
DGP-0,55,phi,0.9883567500000001,0.9904439833750001,0.0024781408972528057,0.0020872333749999417,4.356543161713647e-06,0.985340875,0.99494605,0.009605175000000021,True
DGP-0,55,sigma_h,1.0268899999999999,1.104907710375,0.13838610859064612,0.07801771037500016,0.006086763132157408,0.893586075,1.4267322499999997,0.5331461749999997,True
DGP-0,55,sigma_eta,0.1562457416833446,0.149139348625,0.012484055498727067,-0.0071063930583445956,5.0500822299688256e-05,0.12617175,0.17507225,0.04890050000000001,True
DGP-0,55,nu,12.8628,10.07557833,1.707375590032138,-2.787221669999999,7.768604637717584,7.4621812499999995,14.017874999999993,6.555693749999993,True
DGP-0,56,mu,-0.59351125,-0.39889680565175,0.1983328163024302,0.19461444434825004,0.03787478194897811,-0.778811475,-0.0021576440000002266,0.7766538309999999,True
DGP-0,56,phi,0.9883567500000001,0.98556091225,0.00338621950541711,-0.002795837750000141,7.81670872432585e-06,0.978558725,0.99178805,0.01322932500000007,True
DGP-0,56,sigma_h,1.0268899999999999,1.052954361,0.10963814999288414,0.026064361000000202,0.0006793509143383315,0.881297075,1.3029469999999999,0.42164992499999987,True
DGP-0,56,sigma_eta,0.1562457416833446,0.175418986625,0.014628208393829292,0.0191732449416554,0.00036761332159271435,0.14805775,0.20505615,0.056998400000000005,True
DGP-0,56,nu,12.8628,14.373777135000001,3.4592310449740857,1.510977135000001,2.283051902492811,9.54424325,22.6354025,13.091159250000002,True
DGP-0,57,mu,-0.59351125,-0.5320476616859999,0.2781870463261831,0.06146358831400012,0.003777772688432892,-1.1016475,0.02578341999999986,1.1274309199999997,True
DGP-0,57,phi,0.9883567500000001,0.9916612007500001,0.0023502174001415123,0.0033044507499999654,1.0919394759175333e-05,0.9867608,0.995838075,0.009077274999999996,True
DGP-0,57,sigma_h,1.0268899999999999,1.129876538625,0.15095287619514644,0.10298653862500018,0.010606227137958654,0.90302215,1.4956239999999996,0.5926018499999997,True
DGP-0,57,sigma_eta,0.1562457416833446,0.14196991,0.012769389366136424,-0.014275831683344592,0.0002037993702511853,0.118365525,0.1682811,0.04991557499999999,True
DGP-0,57,nu,12.8628,10.39717433,1.7584413586221008,-2.4656256699999997,6.079309944562947,7.696222000000001,14.628074999999999,6.9318529999999985,True
DGP-0,58,mu,-0.59351125,-0.6822386867825001,0.194832298026213,-0.08872743678250006,0.007872558037992545,-1.0592505,-0.29086865,0.7683818500000001,True
DGP-0,58,phi,0.9883567500000001,0.986544130875,0.0033536562632503412,-0.0018126191250000812,3.2855880923160597e-06,0.9793796,0.992541,0.01316139999999999,True
DGP-0,58,sigma_h,1.0268899999999999,0.9840446896249999,0.10721096750360559,-0.042845310374999945,0.001835720621130078,0.815019425,1.23588825,0.4208688249999999,True
DGP-0,58,sigma_eta,0.1562457416833446,0.15806436325,0.014334708916098126,0.0018186215666554095,3.307384402704176e-06,0.131667525,0.187889225,0.056221699999999986,True
DGP-0,58,nu,12.8628,10.047793464999998,1.6409019104368574,-2.815006535000002,7.924261792092717,7.504309500000001,13.722984999999998,6.218675499999997,True
DGP-0,59,mu,-0.59351125,-0.8386640077312499,0.20947036178879103,-0.2451527577312499,0.060099874623236904,-1.237379,-0.39956992500000005,0.837809075,True
DGP-0,59,phi,0.9883567500000001,0.9870177821249999,0.003345196170979107,-0.0013389678750002076,1.7928349702825717e-06,0.979969575,0.9931371750000001,0.013167600000000057,True
DGP-0,59,sigma_h,1.0268899999999999,1.041499641375,0.1177474160383986,0.014609641375000093,0.0002134416211061146,0.85750635,1.3195504999999996,0.46204414999999965,True
DGP-0,59,sigma_eta,0.1562457416833446,0.1640504285,0.014605997321095734,0.007804686816655415,6.091313630607484e-05,0.1373477,0.19443434999999998,0.05708664999999999,True
DGP-0,59,nu,12.8628,11.678026416249999,2.2656712340766387,-1.184773583750001,1.4036884447518208,8.30242925,17.1597125,8.857283250000002,True
DGP-0,60,mu,-0.59351125,-0.8698714761277501,0.19293833519754316,-0.27636022612775,0.07637497458538113,-1.2432839999999998,-0.4867764000000004,0.7565075999999995,True
DGP-0,60,phi,0.9883567500000001,0.986733092625,0.0033567438722627635,-0.0016236573750001426,2.6362632713923536e-06,0.9796938,0.992702325,0.013008525000000049,True
DGP-0,60,sigma_h,1.0268899999999999,0.9748093341249999,0.10448243919795842,-0.05208066587499993,0.0027123957579833825,0.8075588,1.2179437499999997,0.41038494999999964,True
DGP-0,60,sigma_eta,0.1562457416833446,0.155452533625,0.014379288206532866,-0.0007932080583445966,6.29179023822805e-07,0.128441875,0.1852209,0.05677902499999998,True
DGP-0,60,nu,12.8628,14.632215228749999,3.5205219460158346,1.769415228749999,3.130830251732411,9.739138,23.22975,13.490611999999999,True
DGP-0,61,mu,-0.59351125,0.038736994277,0.2396855868355532,0.6322482442770001,0.3997378423913492,-0.4262435999999999,0.526174,0.9524176,False
DGP-0,61,phi,0.9883567500000001,0.9892819926249999,0.002756757300012463,0.0009252426249998225,8.560739151165621e-07,0.983455925,0.994127225,0.01067129999999994,True
DGP-0,61,sigma_h,1.0268899999999999,1.096380329125,0.12765719801429593,0.0694903291250002,0.00482890584190085,0.900942375,1.3981629999999998,0.49722062499999986,True
DGP-0,61,sigma_eta,0.1562457416833446,0.15693479125,0.013531813386030813,0.0006890495666554142,4.7478930530801405e-07,0.132087475,0.184478025,0.05239054999999998,True
DGP-0,61,nu,12.8628,15.92225043375,4.194150828986743,3.0594504337499995,9.36023695657306,10.271825,26.284422499999987,16.012597499999988,True
DGP-0,62,mu,-0.59351125,-0.43635718390625006,0.12797310333479933,0.15715406609375,0.02469740048979874,-0.683406875,-0.17988785000000002,0.5035190249999999,True
DGP-0,62,phi,0.9883567500000001,0.977230853,0.005022901062834791,-0.011125897000000107,0.00012378558405461138,0.96640585,0.9862332,0.01982735000000002,False
DGP-0,62,sigma_h,1.0268899999999999,0.82696295075,0.07161008449768995,-0.19992704924999982,0.03997082502181185,0.706815625,0.9859264999999998,0.27911087499999987,False
DGP-0,62,sigma_eta,0.1562457416833446,0.173472500125,0.01675224547590742,0.017226758441655415,0.00029676120640714614,0.142581875,0.20835737499999998,0.06577549999999999,True
DGP-0,62,nu,12.8628,13.57779629625,3.1669443839478175,0.7149962962499998,0.5112197036512175,9.1611095,21.25059249999999,12.089482999999989,True
DGP-0,63,mu,-0.59351125,-0.7944081780587501,0.2053417380360786,-0.20089692805875004,0.040359575703442584,-1.1929595,-0.37947885000000003,0.8134806499999999,True
DGP-0,63,phi,0.9883567500000001,0.98712303075,0.003204002176075646,-0.0012337192500001537,1.5220631878209418e-06,0.9803039499999999,0.992888075,0.012584125000000057,True
DGP-0,63,sigma_h,1.0268899999999999,1.027130566125,0.11215520462660876,0.00024056612500023,5.787206049762629e-08,0.850493925,1.2833802499999996,0.43288632499999957,True
DGP-0,63,sigma_eta,0.1562457416833446,0.1613972895,0.014306141793031238,0.005151547816655416,2.6538444907287185e-05,0.135317,0.1907595,0.055442500000000006,True
DGP-0,63,nu,12.8628,15.746907581249998,4.150360338760944,2.8841075812499977,8.318076540223712,10.154245,26.009014999999998,15.854769999999998,True
DGP-0,64,mu,-0.59351125,-0.6509469046628625,0.20964097349699864,-0.05743565466286249,0.003298854426551598,-1.0592724999999998,-0.22616642500000014,0.8331060749999997,True
DGP-0,64,phi,0.9883567500000001,0.98778732525,0.003170552437913246,-0.0005694247500001026,3.2424454591267934e-07,0.9810989250000001,0.99352205,0.01242312499999998,True
DGP-0,64,sigma_h,1.0268899999999999,1.015072783125,0.11561327575416314,-0.011817216874999925,0.000139646614670783,0.83477385,1.2873534999999998,0.4525796499999998,True
DGP-0,64,sigma_eta,0.1562457416833446,0.15506687175,0.014029045342447734,-0.0011788699333445951,1.38973431974389e-06,0.129088675,0.184402725,0.055314049999999976,True
DGP-0,64,nu,12.8628,12.984374921250001,2.7869556376753946,0.12157492125000147,0.014780461476944059,8.974464750000001,19.62709,10.652625249999998,True
DGP-0,65,mu,-0.59351125,-0.49476470348987506,0.17686548991458864,0.09874654651012499,0.009750880447676278,-0.838897,-0.1365105000000001,0.7023864999999999,True
DGP-0,65,phi,0.9883567500000001,0.9828783237500001,0.004037666197814841,-0.005478426250000057,3.0013154176689687e-05,0.974261725,0.9900532,0.015791475,True
DGP-0,65,sigma_h,1.0268899999999999,1.0129703515,0.09910724969132617,-0.013919648499999937,0.0001937566143635505,0.8501862250000001,1.2388452499999998,0.3886590249999997,True
DGP-0,65,sigma_eta,0.1562457416833446,0.18392080349999998,0.017025317518352276,0.027675061816655383,0.0007659090465556967,0.152724525,0.21889809999999998,0.06617357499999998,True
DGP-0,65,nu,12.8628,10.877296475000001,2.07844221194177,-1.9855035249999986,3.94222424778742,7.856095,15.887182499999998,8.031087499999998,True
DGP-0,66,mu,-0.59351125,-0.504893407302125,0.2054905819649345,0.0886178426978751,0.007853122044425334,-0.90862595,-0.08927911250000016,0.8193468374999998,True
DGP-0,66,phi,0.9883567500000001,0.9884828904999999,0.0031215714190572807,0.00012614049999981614,1.5911425740203616e-08,0.981838725,0.994025425,0.012186699999999995,True
DGP-0,66,sigma_h,1.0268899999999999,0.9515038252500001,0.11338456237428252,-0.07538617474999976,0.005683075343437501,0.779107325,1.2232815,0.4441741749999999,True
DGP-0,66,sigma_eta,0.1562457416833446,0.1409863167875,0.013920002738226417,-0.015259424895844587,0.00023285004815192157,0.1154794,0.1699871,0.054507700000000006,True
DGP-0,66,nu,12.8628,13.915033374999998,3.2794145185104857,1.0522333749999984,1.107195075463887,9.3705055,21.895627499999996,12.525121999999996,True
DGP-0,67,mu,-0.59351125,-0.69832780229675,0.1830126169995816,-0.10481655229674991,0.010986509635377308,-1.047126,-0.3297285000000001,0.7173974999999999,True
DGP-0,67,phi,0.9883567500000001,0.984708777,0.0035710162144159266,-0.003647973000000082,1.3307707008729598e-05,0.977186,0.9911244,0.013938400000000017,True
DGP-0,67,sigma_h,1.0268899999999999,1.007369626,0.101180925809368,-0.01952037399999984,0.00038104500109986976,0.846150425,1.2348244999999995,0.3886740749999995,True
DGP-0,67,sigma_eta,0.1562457416833446,0.17283043212500002,0.014909559623431658,0.01658469044165542,0.00027505195704553663,0.14541062500000002,0.20363805000000001,0.058227425,True
DGP-0,67,nu,12.8628,14.480588225,3.7010852839129766,1.617788225,2.6172387409486504,9.4491265,23.8656475,14.416521000000001,True
DGP-0,68,mu,-0.59351125,-0.9590210538462499,0.20338470184558693,-0.36550980384624987,0.13359741670772404,-1.34471425,-0.5448892000000001,0.7998250499999999,True
DGP-0,68,phi,0.9883567500000001,0.98713091975,0.003271511668615087,-0.001225830250000115,1.5026598018153446e-06,0.9803458500000001,0.9931760999999999,0.012830249999999821,True
DGP-0,68,sigma_h,1.0268899999999999,0.993285838,0.11443946191839498,-0.033604161999999826,0.0011292397037222324,0.818416,1.25683325,0.43841724999999987,True
DGP-0,68,sigma_eta,0.1562457416833446,0.15576043237499998,0.013482473609189995,-0.00048530930834461694,2.3552512476593048e-07,0.131102875,0.183507125,0.052404249999999986,True
DGP-0,68,nu,12.8628,17.152051795,4.859080582260549,4.289251794999998,18.39768096091071,10.724997499999999,29.22337249999999,18.49837499999999,True
DGP-0,69,mu,-0.59351125,-0.5490315404805001,0.22671614604548557,0.04447970951949998,0.001978444558939097,-1.0004865,-0.09901404500000015,0.901472455,True
DGP-0,69,phi,0.9883567500000001,0.9870604108749998,0.003087720420266535,-0.0012963391250002676,1.6804951270064595e-06,0.9805598,0.992784,0.012224200000000018,True
DGP-0,69,sigma_h,1.0268899999999999,1.11419008075,0.11962234756501437,0.08730008075000018,0.007621304098956551,0.9281086,1.3971935,0.4690849,True
DGP-0,69,sigma_eta,0.1562457416833446,0.17564352237499997,0.014443317136282675,0.019397780691655375,0.0003762738957615581,0.1485757,0.2053243,0.05674859999999998,True
DGP-0,69,nu,12.8628,14.61948028625,3.8074234768146593,1.7566802862500008,3.085925628099385,9.61124075,23.946152499999993,14.334911749999993,True
DGP-0,70,mu,-0.59351125,-0.6696088447745,0.25505984481946437,-0.07609759477449995,0.005790843930464003,-1.16044125,-0.15375032500000002,1.006690925,True
DGP-0,70,phi,0.9883567500000001,0.98918922275,0.0026541307085578324,0.0008324727499998685,6.930108794923437e-07,0.9836989,0.9940023250000001,0.010303425000000033,True
DGP-0,70,sigma_h,1.0268899999999999,1.2001076027500002,0.13745959674813074,0.1732176027500003,0.030004337902456914,0.9885407,1.52346275,0.5349220499999999,True
DGP-0,70,sigma_eta,0.1562457416833446,0.172656659125,0.013233948011418414,0.016410917441655404,0.0002693182112768295,0.14832040000000002,0.1997928,0.051472399999999974,True
DGP-0,70,nu,12.8628,15.661979828749999,4.059431351163718,2.799179828749999,7.8354077136808735,10.1889,25.802484999999994,15.613584999999993,True
DGP-0,71,mu,-0.59351125,-0.6907158882787501,0.18710080625557834,-0.09720463827875003,0.009448741702902635,-1.04657625,-0.3185821250000001,0.7279941249999999,True
DGP-0,71,phi,0.9883567500000001,0.985922723875,0.0034000321664980813,-0.0024340261250000994,5.924483177183e-06,0.9787929750000001,0.992106,0.013313024999999978,True
DGP-0,71,sigma_h,1.0268899999999999,0.966323311125,0.10184900719939549,-0.06056668887499983,0.0036683238012810283,0.8035098500000001,1.2025124999999999,0.3990026499999998,True
DGP-0,71,sigma_eta,0.1562457416833446,0.15892919412499998,0.014309522764068947,0.0026834524416553818,7.20091700662623e-06,0.13187374999999998,0.188446275,0.05657252500000001,True
DGP-0,71,nu,12.8628,12.27213521875,2.5173410306598227,-0.5906647812500001,0.3488848838091105,8.66132,18.248544999999996,9.587224999999997,True
DGP-0,72,mu,-0.59351125,-0.61006871545,0.16167630687638326,-0.01655746544999992,0.000274149662127941,-0.9290606499999999,-0.27594867500000003,0.6531119749999998,True
DGP-0,72,phi,0.9883567500000001,0.9832816455,0.0040003020478320125,-0.005075104500000149,2.5756685685921767e-05,0.9748095999999999,0.990472,0.015662400000000076,True
DGP-0,72,sigma_h,1.0268899999999999,0.9046992117499999,0.08969761263850501,-0.12219078824999996,0.014930588733156329,0.759281,1.10802475,0.34874375,True
DGP-0,72,sigma_eta,0.1562457416833446,0.16225670174999998,0.015239328170959004,0.006010960066655385,3.613164092292571e-05,0.134139625,0.193516625,0.059376999999999985,True
DGP-0,72,nu,12.8628,12.54266696625,2.6399911283302577,-0.32013303375000035,0.10248515929797887,8.7482145,18.757975,10.009760499999999,True
DGP-0,73,mu,-0.59351125,-0.6412817183124999,0.13491100610254944,-0.04777046831249987,0.002282017642795554,-0.90018655,-0.36393785000000023,0.5362486999999998,True
DGP-0,73,phi,0.9883567500000001,0.9807709696249999,0.00435572120289534,-0.0075857803750002395,5.7544063897738774e-05,0.9714538500000001,0.988571125,0.017117274999999932,True
DGP-0,73,sigma_h,1.0268899999999999,0.818442458625,0.07512178449504013,-0.20844754137499988,0.04345037750528229,0.688875925,0.9852546499999998,0.29637872499999984,False
DGP-0,73,sigma_eta,0.1562457416833446,0.157842163,0.016336522800548245,0.0015964213166554109,2.5485610202717956e-06,0.127748275,0.192022075,0.06427379999999999,True
DGP-0,73,nu,12.8628,13.50713817875,3.056233004726778,0.6443381787499991,0.4151716885948658,9.24239675,20.839407499999993,11.597010749999994,True
DGP-0,74,mu,-0.59351125,-0.7292322946525001,0.2524284893638863,-0.1357210446525,0.0184202019615659,-1.224585,-0.21566220000000028,1.0089227999999997,True
DGP-0,74,phi,0.9883567500000001,0.9906743073750001,0.0025487625593547556,0.0023175573749999456,5.371072186416638e-06,0.985329925,0.9952491,0.009919174999999947,True
DGP-0,74,sigma_h,1.0268899999999999,1.0956690452500002,0.13824124826222758,0.06877904525000034,0.0047305570655015935,0.883718825,1.4209239999999996,0.5372051749999996,True
DGP-0,74,sigma_eta,0.1562457416833446,0.14593741075,0.013911305105111467,-0.0103083309333446,0.00010626168663134917,0.120032425,0.17448487499999998,0.054452449999999986,True
DGP-0,74,nu,12.8628,8.424306756250001,1.213911505360861,-4.438493243749999,19.70022227481439,6.495028250000001,11.244549999999998,4.749521749999998,False
DGP-0,75,mu,-0.59351125,-0.16579387642441254,0.239031087197953,0.4277173735755875,0.18294215165839867,-0.6428354749999999,0.3167812499999999,0.9596167249999998,True
DGP-0,75,phi,0.9883567500000001,0.98931623975,0.0027611617211829977,0.0009594897499999311,9.206205803549302e-07,0.983438575,0.9942304999999999,0.010791924999999924,True
DGP-0,75,sigma_h,1.0268899999999999,1.09670681075,0.12825809353885612,0.06981681075000012,0.004874387063301333,0.90022985,1.3954262499999994,0.4951963999999994,True
DGP-0,75,sigma_eta,0.1562457416833446,0.156715579625,0.013719716699560505,0.0004698379416553933,2.2074769141897672e-07,0.13155405,0.18569945,0.05414539999999998,True
DGP-0,75,nu,12.8628,13.4318027225,3.0361765063954054,0.5690027225000005,0.3237640982124126,9.228981,20.941687499999997,11.712706499999998,True
DGP-0,76,mu,-0.59351125,-0.44365045106375,0.20750396897359794,0.14986079893625004,0.02245825905781116,-0.8494185750000001,-0.02965667000000031,0.8197619049999998,True
DGP-0,76,phi,0.9883567500000001,0.989511087,0.002813816831205604,0.0011543369999998943,1.332493909568756e-06,0.983534875,0.9946241499999999,0.011089274999999899,True
DGP-0,76,sigma_h,1.0268899999999999,0.9409831744999999,0.115511336871967,-0.08590682549999995,0.007379982667487441,0.7643053750000001,1.2150327499999993,0.45072737499999926,True
DGP-0,76,sigma_eta,0.1562457416833446,0.13303474206250002,0.012639838550647622,-0.02321099962084458,0.0005387505033988473,0.10978235,0.15956844999999997,0.04978609999999997,True
DGP-0,76,nu,12.8628,11.9850591575,2.253489216109594,-0.8777408424999997,0.7704289865926093,8.5567335,17.427112499999996,8.870378999999996,True
DGP-0,77,mu,-0.59351125,-0.46600586426,0.17670960829232005,0.12750538574000003,0.016257623392706203,-0.814268125,-0.11045977500000002,0.70380835,True
DGP-0,77,phi,0.9883567500000001,0.98319896575,0.003807388127492534,-0.00515778425000013,2.6602738369549405e-05,0.975266325,0.9901303499999999,0.014864024999999947,True
DGP-0,77,sigma_h,1.0268899999999999,1.03253243075,0.10118838427077671,0.005642430750000038,3.183702476854599e-05,0.8685236249999999,1.25704325,0.38851962500000004,True
DGP-0,77,sigma_eta,0.1562457416833446,0.1857508905,0.01526591470405487,0.02950514881665539,0.000870553806692981,0.1571579,0.21657399999999996,0.05941609999999997,False
DGP-0,77,nu,12.8628,20.233021327499998,6.612495749698481,7.370221327499998,54.320162416335826,11.90629,36.6013025,24.695012500000004,True
DGP-0,78,mu,-0.59351125,-0.3216946423865126,0.23407692522969614,0.27181660761348747,0.07388426817450461,-0.7905430750000001,0.1482383999999998,0.9387814749999999,True
DGP-0,78,phi,0.9883567500000001,0.9896343245,0.002703072157719061,0.0012775744999998784,1.6321966030499392e-06,0.98397685,0.994536125,0.010559274999999979,True
DGP-0,78,sigma_h,1.0268899999999999,1.044296790125,0.12601740899674976,0.017406790125000127,0.0003029963424558019,0.8515316749999999,1.3402382499999999,0.4887065749999999,True
DGP-0,78,sigma_eta,0.1562457416833446,0.146869810625,0.01291638605595061,-0.009375931058344583,8.790808321083057e-05,0.123491775,0.17422164999999998,0.05072987499999998,True
DGP-0,78,nu,12.8628,13.67457249625,3.1609659274085566,0.8117724962500006,0.6589745856679572,9.270184,21.417307499999996,12.147123499999996,True
DGP-0,79,mu,-0.59351125,-0.773123594675,0.22560945149229356,-0.17961234467499998,0.03226059435965099,-1.209827,-0.31344417500000016,0.8963828249999999,True
DGP-0,79,phi,0.9883567500000001,0.988493785125,0.002922301452823849,0.00013703512499985138,1.877862548372489e-08,0.982433,0.993740525,0.011307524999999985,True
DGP-0,79,sigma_h,1.0268899999999999,1.058164256125,0.1217952625016887,0.03127425612500012,0.0009780790961721076,0.868453425,1.3405819999999997,0.4721285749999997,True
DGP-0,79,sigma_eta,0.1562457416833446,0.15693027162499998,0.01303017813385987,0.0006845299416553818,4.685812410227205e-07,0.132587125,0.183866275,0.051279149999999996,True
DGP-0,79,nu,12.8628,11.2543299775,2.1498474193403947,-1.6084700225000006,2.5871758132811524,8.063672500000001,16.35303,8.2893575,True
DGP-0,80,mu,-0.59351125,-0.5199580910887625,0.2221336100126461,0.07355315891123759,0.0054100671858217705,-0.9511896000000001,-0.07339187750000006,0.8777977225,True
DGP-0,80,phi,0.9883567500000001,0.988261737125,0.0030175375594409864,-9.501287500013333e-05,9.027446415790963e-09,0.9818617000000001,0.9936660500000001,0.011804350000000019,True
DGP-0,80,sigma_h,1.0268899999999999,1.04778263125,0.12394371655817937,0.020892631250000182,0.0004365020405484842,0.85667985,1.3394257499999995,0.4827458999999995,True
DGP-0,80,sigma_eta,0.1562457416833446,0.15691496262500002,0.014164872541219413,0.0006692209416554185,4.47856668750165e-07,0.13096515,0.18650567499999995,0.05554052499999995,True
DGP-0,80,nu,12.8628,9.294549264999997,1.4692030149907611,-3.568250735000003,12.732413307828061,7.002115000000001,12.646505,5.644389999999999,False
DGP-0,81,mu,-0.59351125,-0.38002255231625,0.19130268527703234,0.21348869768375006,0.04557742403870363,-0.7441839,0.009423528999999755,0.7536074289999998,True
DGP-0,81,phi,0.9883567500000001,0.9870671970000001,0.003270337938955295,-0.0012895529999999988,1.662946939808997e-06,0.98008275,0.992910075,0.012827324999999945,True
DGP-0,81,sigma_h,1.0268899999999999,0.9502551136249999,0.10473661353099357,-0.07663488637499993,0.005872905809709151,0.784104575,1.1994074999999997,0.41530292499999977,True
DGP-0,81,sigma_eta,0.1562457416833446,0.1495804225,0.013643019797295335,-0.006665319183344592,4.4426479815861425e-05,0.124542925,0.1777996,0.053256675,True
DGP-0,81,nu,12.8628,12.03109268125,2.4192780361464132,-0.8317073187500004,0.6917370640623147,8.54076975,18.071077499999994,9.530307749999993,True
DGP-0,82,mu,-0.59351125,-0.722259826319125,0.28103605228131645,-0.12874857631912495,0.016576195904201542,-1.270243,-0.16421850000000002,1.1060245,True
DGP-0,82,phi,0.9883567500000001,0.9919690463749999,0.002253944424372056,0.003612296374999824,1.3048685100836868e-05,0.9871906,0.99595805,0.00876745000000001,True
DGP-0,82,sigma_h,1.0268899999999999,1.121657208,0.14775337683542894,0.09476720800000016,0.008980823712115294,0.900657925,1.472893,0.572235075,True
DGP-0,82,sigma_eta,0.1562457416833446,0.13830087224999998,0.011410956472175379,-0.017944869433344612,0.0003220183389797858,0.117392525,0.161824225,0.04443169999999999,True
DGP-0,82,nu,12.8628,14.938998896249998,3.5267831992833267,2.0761988962499984,4.310601856789711,9.9931895,23.588349999999995,13.595160499999995,True
DGP-0,83,mu,-0.59351125,-0.37287105750435,0.35485847539598087,0.22064019249565003,0.0486820945445175,-1.0621885,0.3319635499999997,1.3941520499999998,True
DGP-0,83,phi,0.9883567500000001,0.99357904625,0.0018529605380863893,0.005222296249999925,2.7272378122763277e-05,0.98972985,0.9968870249999999,0.007157174999999905,False
DGP-0,83,sigma_h,1.0268899999999999,1.261768122875,0.18264232395109317,0.2348781228750001,0.05516773260528364,0.9866805,1.7043807499999999,0.7177002499999999,True
DGP-0,83,sigma_eta,0.1562457416833446,0.13872186575,0.011249110370635682,-0.01752387593334459,0.00030708622772725376,0.11795382500000001,0.16224167499999997,0.04428784999999996,True
DGP-0,83,nu,12.8628,16.415332058750003,4.384174423866215,3.5525320587500033,12.620484028446537,10.638795,27.290999999999993,16.652204999999995,True
DGP-0,84,mu,-0.59351125,-1.028132958,0.21304413343819462,-0.434621708,0.18889602906483727,-1.4371079999999998,-0.585987975,0.8511200249999998,True
DGP-0,84,phi,0.9883567500000001,0.988905093625,0.00295503811636043,0.0005483436249998919,3.00680731078022e-07,0.982698725,0.9941480500000001,0.011449325000000066,True
DGP-0,84,sigma_h,1.0268899999999999,1.01313987925,0.11892375846099353,-0.013750120749999928,0.00018906582063957857,0.824025625,1.289352999999999,0.4653273749999991,True
DGP-0,84,sigma_eta,0.1562457416833446,0.147386687625,0.013457942311585178,-0.008859054058344584,7.848283880867165e-05,0.12210684999999999,0.17470662499999995,0.05259977499999996,True
DGP-0,84,nu,12.8628,14.419343687500001,3.363691715783219,1.5565436875000014,2.422828251096102,9.746878500000001,22.386019999999995,12.639141499999994,True
DGP-0,85,mu,-0.59351125,-0.4332015420865,0.1878557620028739,0.16030970791350002,0.02569920245131169,-0.80397825,-0.05224042500000022,0.7517378249999997,True
DGP-0,85,phi,0.9883567500000001,0.98551946225,0.003513626588199164,-0.0028372877500001392,8.050201776300852e-06,0.978321575,0.9919442,0.013622625,True
DGP-0,85,sigma_h,1.0268899999999999,0.9837467025000001,0.10453472417235919,-0.04314329749999979,0.001861344119173488,0.8219295249999999,1.2262545,0.4043249750000001,True
DGP-0,85,sigma_eta,0.1562457416833446,0.164011371,0.014522924908660681,0.0077656293166553925,6.03049986836977e-05,0.13704145,0.193798175,0.05675672499999998,True
DGP-0,85,nu,12.8628,16.969127568749997,4.723883354430594,4.106327568749997,16.86192610187626,10.7597775,28.914152499999993,18.154374999999995,True
DGP-0,86,mu,-0.59351125,-0.77194305463875,0.21955032302095132,-0.17843180463874997,0.03183790890664104,-1.1970165,-0.33877805000000016,0.8582384499999998,True
DGP-0,86,phi,0.9883567500000001,0.987895316875,0.0031438777027090973,-0.00046143312500013245,2.1292052884738787e-07,0.98133995,0.99361715,0.012277199999999988,True
DGP-0,86,sigma_h,1.0268899999999999,1.0730051196250001,0.12333642566752885,0.046115119625000256,0.002126604258028084,0.8803356,1.3644465,0.4841108999999999,True
DGP-0,86,sigma_eta,0.1562457416833446,0.16308874112500002,0.01409756233041075,0.006842999441655423,4.682664135849643e-05,0.13664779999999999,0.192363,0.05571520000000002,True
DGP-0,86,nu,12.8628,16.887758093749998,4.80254211645033,4.024958093749998,16.200287656443617,10.7178475,28.954119999999996,18.2362725,True
DGP-0,87,mu,-0.59351125,-0.5627685290416875,0.24229392965135532,0.03074272095831254,0.0009451148919206692,-1.03475225,-0.0778650175000002,0.9568872324999997,True
DGP-0,87,phi,0.9883567500000001,0.9898529039999999,0.0026777372542193772,0.0014961539999998053,2.238476791715417e-06,0.98416695,0.994673575,0.010506624999999992,True
DGP-0,87,sigma_h,1.0268899999999999,1.074719008125,0.13164921429931706,0.04782900812500013,0.0022876140182213284,0.875401925,1.3868337499999994,0.5114318249999994,True
DGP-0,87,sigma_eta,0.1562457416833446,0.14944953662500002,0.012939155032546683,-0.006796205058344579,4.6188403195068437e-05,0.1255269,0.17646509999999999,0.05093819999999999,True
DGP-0,87,nu,12.8628,12.7640118725,2.693087106179134,-0.09878812750000066,0.009759094134956386,8.906144,19.1366225,10.230478500000002,True
DGP-0,88,mu,-0.59351125,-0.61419774838,0.23820943358783458,-0.020686498379999918,0.00042793121522573924,-1.0757865,-0.14394990000000024,0.9318365999999998,True
DGP-0,88,phi,0.9883567500000001,0.9883242995,0.0029655821020417297,-3.245050000011407e-05,1.0530349502574033e-09,0.98188995,0.993698125,0.011808174999999976,True
DGP-0,88,sigma_h,1.0268899999999999,1.155921735625,0.1308586401081797,0.12903173562500014,0.016649188798399932,0.9522542,1.4578842499999998,0.5056300499999997,True
DGP-0,88,sigma_eta,0.1562457416833446,0.17278019575000003,0.015095553004196129,0.016534454066655435,0.00027338817128233847,0.144620925,0.20313055,0.05850962499999998,True
DGP-0,88,nu,12.8628,14.70756562375,3.650944232001546,1.8447656237499999,3.403160206569726,9.71825475,23.436849999999993,13.718595249999993,True
DGP-0,89,mu,-0.59351125,-0.8427003477328752,0.3364912237669571,-0.24918909773287512,0.06209520642892439,-1.48277475,-0.16334612500000012,1.3194286249999998,True
DGP-0,89,phi,0.9883567500000001,0.993463787875,0.001964034840827673,0.005107037874999887,2.608183585668336e-05,0.9893529000000001,0.996927125,0.0075742249999999345,False
DGP-0,89,sigma_h,1.0268899999999999,1.20552043775,0.1729280884297744,0.1786304377500001,0.03190883329075666,0.94839925,1.6285404999999995,0.6801412499999995,True
DGP-0,89,sigma_eta,0.1562457416833446,0.13368618292500004,0.0127319861899524,-0.02255955875834456,0.0005089336913712008,0.110067675,0.16027929999999999,0.05021162499999998,True
DGP-0,89,nu,12.8628,9.0106713925,1.338452671510603,-3.852128607499999,14.838894808719882,6.86430025,12.148702499999999,5.2844022499999985,False
DGP-0,90,mu,-0.59351125,-0.400611565393625,0.2658621593444169,0.19289968460637502,0.03721028832123895,-0.9313747,0.11964024999999999,1.05101495,True
DGP-0,90,phi,0.9883567500000001,0.9902517863749999,0.0024616287261156004,0.00189503637499977,3.591162862572269e-06,0.98521695,0.9947550749999999,0.009538124999999953,True
DGP-0,90,sigma_h,1.0268899999999999,1.187587049875,0.14233011114452274,0.16069704987500022,0.025823541838528308,0.9689293,1.52460325,0.55567395,True
DGP-0,90,sigma_eta,0.1562457416833446,0.162057145625,0.01250609096867734,0.005811403941655413,3.377241577308807e-05,0.13932640000000002,0.18755852499999998,0.04823212499999996,True
DGP-0,90,nu,12.8628,19.220119461249997,5.8388592890100615,6.357319461249997,40.41551073238795,11.641097499999999,34.12820249999998,22.48710499999998,True
DGP-0,91,mu,-0.59351125,-0.68458054152,0.22616586012427284,-0.09106929151999998,0.008293615857954741,-1.123919,-0.2301239500000002,0.8937950499999997,True
DGP-0,91,phi,0.9883567500000001,0.98978410425,0.002734440818651187,0.001427354249999846,2.037340154992623e-06,0.984001825,0.994626375,0.010624549999999955,True
DGP-0,91,sigma_h,1.0268899999999999,1.003400311,0.12341584307226598,-0.023489688999999814,0.0005517654893167122,0.8134011499999999,1.2959317499999998,0.4825305999999999,True
DGP-0,91,sigma_eta,0.1562457416833446,0.1400116514625,0.012996563363807431,-0.0162340902208446,0.00026354568529852226,0.116264575,0.167358175,0.0510936,True
DGP-0,91,nu,12.8628,14.4888004975,3.403098738377436,1.6260004974999998,2.6438776178702468,9.7472855,22.9830425,13.235757,True
DGP-0,92,mu,-0.59351125,-0.7386824445237501,0.1978741999361432,-0.14517119452375005,0.021074675719452474,-1.127363,-0.34648635000000005,0.7808766499999998,True
DGP-0,92,phi,0.9883567500000001,0.9865709847499999,0.0032455930647279497,-0.001785765250000182,3.1889575281082122e-06,0.979696875,0.9924491,0.01275222499999995,True
DGP-0,92,sigma_h,1.0268899999999999,1.034245431375,0.10807091888623602,0.007355431375000165,5.410237071233682e-05,0.85969225,1.29003325,0.430341,True
DGP-0,92,sigma_eta,0.1562457416833446,0.166148011875,0.014625723722436253,0.009902270191655405,9.805495494854717e-05,0.138598875,0.19591609999999998,0.05731722499999997,True
DGP-0,92,nu,12.8628,9.29168426,1.4816422136804308,-3.5711157399999998,12.752867628475746,7.01609475,12.78657,5.77047525,False
DGP-0,93,mu,-0.59351125,-0.2215794625971125,0.2430532784038062,0.37193178740288757,0.13833325448070677,-0.6955146249999999,0.27254079999999964,0.9680554249999995,True
DGP-0,93,phi,0.9883567500000001,0.9896691458749999,0.0026713347297278684,0.001312395874999761,1.7223829327163884e-06,0.984064925,0.99457805,0.010513125000000012,True
DGP-0,93,sigma_h,1.0268899999999999,1.09144546975,0.13057729399093984,0.06455546975000015,0.004167408674643184,0.892566275,1.40121025,0.5086439750000001,True
DGP-0,93,sigma_eta,0.1562457416833446,0.15326443374999998,0.013288613258431161,-0.0029813079333446124,8.888196993423524e-06,0.1283106,0.180394375,0.052083775,True
DGP-0,93,nu,12.8628,10.35609311,1.8165932298810965,-2.5067068900000002,6.2835794323734735,7.5926525,14.675267499999999,7.082614999999999,True
DGP-0,94,mu,-0.59351125,-0.72333745869,0.15524625962039418,-0.12982620868999994,0.016854844462819416,-1.0210705,-0.4100950000000005,0.6109754999999994,True
DGP-0,94,phi,0.9883567500000001,0.98267778375,0.004037164912138456,-0.005678966250000084,3.225065766864001e-05,0.9741496249999999,0.98998905,0.01583942500000013,True
DGP-0,94,sigma_h,1.0268899999999999,0.913578472,0.08911616907044248,-0.11331152799999988,0.012839502377694758,0.7693700499999999,1.12037375,0.35100370000000003,True
DGP-0,94,sigma_eta,0.1562457416833446,0.16687697012500002,0.015285974036106157,0.010631228441655427,0.00011302301817866328,0.13878137499999998,0.198885175,0.06010380000000001,True
DGP-0,94,nu,12.8628,18.001733108750003,5.215241412259668,5.1389331087500025,26.408633496206967,11.1248925,30.674134999999996,19.5492425,True
DGP-0,95,mu,-0.59351125,-0.582000005518125,0.22482138739094668,0.011511244481875016,0.000132508749521498,-1.02080325,-0.11979085000000014,0.9010123999999998,True
DGP-0,95,phi,0.9883567500000001,0.988172054125,0.0030121331696531025,-0.0001846958750001404,3.411256624206749e-08,0.9817597,0.993683075,0.011923374999999958,True
DGP-0,95,sigma_h,1.0268899999999999,1.0982112741249999,0.1262307350255916,0.071321274125,0.005086724142813395,0.901079725,1.40252325,0.501443525,True
DGP-0,95,sigma_eta,0.1562457416833446,0.165125942625,0.014035239911522883,0.008880200941655397,7.88579687641774e-05,0.1393682,0.19447630000000002,0.05510810000000002,True
DGP-0,95,nu,12.8628,14.199702262499999,3.1810712265709875,1.3369022624999989,1.7873076594776158,9.663037,22.01019249999999,12.347155499999992,True
DGP-0,96,mu,-0.59351125,-0.65870078606,0.19302541838101547,-0.06518953606,0.00424967561171804,-1.0346305,-0.2731581000000002,0.7614723999999998,True
DGP-0,96,phi,0.9883567500000001,0.9857935680000001,0.0036500148894508156,-0.0025631820000000527,6.5699019651242705e-06,0.9778754,0.9920560500000001,0.014180650000000128,True
DGP-0,96,sigma_h,1.0268899999999999,1.026885437,0.10681451368032167,-4.56299999984644e-06,2.082096899859861e-11,0.8519056500000001,1.2668229999999996,0.4149173499999995,True
DGP-0,96,sigma_eta,0.1562457416833446,0.16951263075,0.016671296637892418,0.013266889066655407,0.00017601034550694078,0.139463325,0.204776075,0.06531275,True
DGP-0,96,nu,12.8628,12.59539503625,2.954577003493807,-0.2674049637499998,0.0715054146381387,8.578637500000001,19.66695249999999,11.088314999999989,True
DGP-0,97,mu,-0.59351125,-0.69476339865,0.130496861077008,-0.10125214864999998,0.010251997606241695,-0.952466725,-0.431464825,0.5210018999999999,True
DGP-0,97,phi,0.9883567500000001,0.9797959435,0.0047735027163059805,-0.008560806500000129,7.328740793044446e-05,0.969433825,0.98823905,0.018805225000000036,False
DGP-0,97,sigma_h,1.0268899999999999,0.8239591272500001,0.07544244289907624,-0.20293087274999977,0.0411809391150766,0.6958314,0.988409625,0.29257822499999997,False
DGP-0,97,sigma_eta,0.1562457416833446,0.162678303125,0.016883159859615908,0.00643256144165541,4.137784670067192e-05,0.13275674999999998,0.199322075,0.06656532500000001,True
DGP-0,97,nu,12.8628,12.185605927500001,2.573568527991468,-0.677194072499999,0.45859181182913383,8.62089,18.2540675,9.633177500000002,True
DGP-0,98,mu,-0.59351125,-0.37965556853379995,0.27013842148850337,0.2138556814662001,0.04573425249537284,-0.9127388249999999,0.16173634999999978,1.0744751749999997,True
DGP-0,98,phi,0.9883567500000001,0.989512657625,0.002623053188253701,0.0011559076249998412,1.3361224375327735e-06,0.984079925,0.994321125,0.010241200000000061,True
DGP-0,98,sigma_h,1.0268899999999999,1.226808935625,0.14410989800123541,0.19991893562500018,0.039967580821432966,1.0038295,1.5660379999999996,0.5622084999999997,True
DGP-0,98,sigma_eta,0.1562457416833446,0.17371974325,0.01367867345780559,0.017474001566655406,0.0003053407307514756,0.14865882500000002,0.201833025,0.05317419999999998,True
DGP-0,98,nu,12.8628,10.3311572375,1.7621542827762433,-2.5316427625000006,6.409215076918635,7.6726427500000005,14.413997499999997,6.741354749999997,True
DGP-0,99,mu,-0.59351125,-1.0549646216375,0.19660347750253723,-0.4614533716374999,0.2129392141956166,-1.426432,-0.6488680500000001,0.7775639499999998,False
DGP-0,99,phi,0.9883567500000001,0.987465362,0.0032356178849785706,-0.000891388000000104,7.945725665441854e-07,0.980520975,0.99340405,0.012883074999999966,True
DGP-0,99,sigma_h,1.0268899999999999,0.967461598125,0.11065929293808797,-0.05942840187499987,0.003531734949416488,0.79514725,1.2288024999999998,0.4336552499999998,True
DGP-0,99,sigma_eta,0.1562457416833446,0.14977786450000002,0.01419821973545792,-0.0064678771833445725,4.183343525882932e-05,0.12389644999999999,0.17970749999999996,0.05581104999999997,True
DGP-0,99,nu,12.8628,12.80532195125,2.7421552026764093,-0.05747804874999929,0.0033037260881072948,8.88934775,19.445372499999998,10.556024749999997,True
DGP-0,100,mu,-0.59351125,-0.5551523646775001,0.20665212872715386,0.03835888532249998,0.0014714040831847045,-0.9518940499999999,-0.13903270000000015,0.8128613499999998,True
DGP-0,100,phi,0.9883567500000001,0.987299937625,0.003137899120884221,-0.0010568123750001046,1.1168523959533617e-06,0.980641575,0.993050125,0.012408549999999963,True
DGP-0,100,sigma_h,1.0268899999999999,1.0256717786249998,0.11285888491937741,-0.0012182213750000503,1.4840633185070132e-06,0.8453643,1.28583875,0.44047444999999996,True
DGP-0,100,sigma_eta,0.1562457416833446,0.16004940499999998,0.01399947144231017,0.0038036633166553813,1.4467854626469815e-05,0.134873575,0.18968049999999997,0.05480692499999998,True
DGP-0,100,nu,12.8628,13.03513533875,2.857239913393798,0.17233533875000084,0.029699468982077544,8.982045,19.97119249999999,10.98914749999999,True
DGP-0,101,mu,-0.59351125,-0.44300060747250003,0.17664753943902967,0.15051064252750002,0.022653453514040897,-0.789997475,-0.08349868000000013,0.7064987949999998,True
DGP-0,101,phi,0.9883567500000001,0.985008532625,0.0035786677064942483,-0.0033482173750001287,1.1210559590252753e-05,0.977455,0.991490125,0.014035125000000037,True
DGP-0,101,sigma_h,1.0268899999999999,0.963529705875,0.09932451049275522,-0.06336029412499988,0.0040145268716064945,0.803809975,1.1911837499999998,0.3873737749999998,True
DGP-0,101,sigma_eta,0.1562457416833446,0.16357054099999999,0.014355577667402994,0.007324799316655389,5.3652685029275255e-05,0.137229775,0.193675275,0.05644550000000001,True
DGP-0,101,nu,12.8628,10.627899919999999,1.8801109008748507,-2.234900080000001,4.9947783675840105,7.7667095,15.128582499999997,7.361872999999997,True
DGP-0,102,mu,-0.59351125,-0.489338388686575,0.2851413005117221,0.10417286131342507,0.010851985034226094,-1.046627,0.08993899249999993,1.1365659925,True
DGP-0,102,phi,0.9883567500000001,0.990335217125,0.0024486489692692936,0.0019784671249998276,3.914332164705083e-06,0.985218975,0.99476915,0.009550174999999994,True
DGP-0,102,sigma_h,1.0268899999999999,1.2642645198750002,0.15473914622931578,0.23737451987500036,0.056346662685886936,1.0275130000000001,1.6283322499999997,0.6008192499999996,False
DGP-0,102,sigma_eta,0.1562457416833446,0.171669944,0.01278685970069429,0.015424202316655394,0.00023790601710511764,0.148285175,0.19800420000000002,0.04971902500000003,True
DGP-0,102,nu,12.8628,16.01965769625,4.30360918527164,3.1568576962500003,9.965750514372859,10.2499175,26.68991749999999,16.43999999999999,True
DGP-0,103,mu,-0.59351125,-0.1996933728710875,0.22313362680363702,0.3938178771289126,0.1550925203463233,-0.638171575,0.25804617499999977,0.8962177499999997,True
DGP-0,103,phi,0.9883567500000001,0.988572259875,0.002922513367614932,0.00021550987499985297,4.644450622245225e-08,0.98241665,0.993854275,0.011437625000000007,True
DGP-0,103,sigma_h,1.0268899999999999,1.066914981375,0.12329653047971716,0.04002498137500021,0.0016019991340691139,0.874734075,1.352094,0.4773599249999999,True
DGP-0,103,sigma_eta,0.1562457416833446,0.15768394662500002,0.013506204432826373,0.0014382049416554188,2.0684334542020665e-06,0.132864575,0.18550804999999998,0.05264347499999997,True
DGP-0,103,nu,12.8628,12.701340168749999,2.711399898780457,-0.16145983125000107,0.026069277107278823,8.8363995,19.186269999999993,10.349870499999993,True
DGP-0,104,mu,-0.59351125,-0.5007524702975,0.15545050126704182,0.09275877970250002,0.00860419121189693,-0.80681875,-0.1849197500000001,0.621899,True
DGP-0,104,phi,0.9883567500000001,0.981954290375,0.004349838647765001,-0.006402459625000079,4.099148924975615e-05,0.97283885,0.989863025,0.017024174999999975,True
DGP-0,104,sigma_h,1.0268899999999999,0.90780333025,0.08549511891922434,-0.11908666974999982,0.014181634912145523,0.7660174000000001,1.1011935,0.33517609999999987,True
DGP-0,104,sigma_eta,0.1562457416833446,0.169211142,0.016755954674860195,0.012965400316655412,0.00016810160537112826,0.137799725,0.203246,0.065446275,True
DGP-0,104,nu,12.8628,11.37411403375,2.2249497921541885,-1.4886859662499994,2.2161859061096942,8.0969795,16.682209999999994,8.585230499999994,True
DGP-0,105,mu,-0.59351125,-0.164622770160425,0.22873701029299912,0.428888479839575,0.18394532813910153,-0.608115275,0.3001861999999996,0.9083014749999996,True
DGP-0,105,phi,0.9883567500000001,0.9895212092500001,0.0027393799940512845,0.0011644592499999717,1.3559653449104968e-06,0.9837718,0.994398225,0.010626424999999995,True
DGP-0,105,sigma_h,1.0268899999999999,1.0575191179999999,0.12786067836536505,0.03062911800000001,0.0009381428694579247,0.8618661000000001,1.359593,0.49772689999999997,True
DGP-0,105,sigma_eta,0.1562457416833446,0.149524281875,0.01298761970799043,-0.006721459808344599,4.517802195519181e-05,0.12574312499999998,0.176903825,0.0511607,True
DGP-0,105,nu,12.8628,11.4266516275,2.153647464116113,-1.4361483725,2.0625221478343985,8.24781175,16.663404999999997,8.415593249999997,True
DGP-0,106,mu,-0.59351125,-0.889565275375,0.1791785022564451,-0.2960540253749999,0.0876479859407411,-1.2357825,-0.53545785,0.70032465,True
DGP-0,106,phi,0.9883567500000001,0.98451446275,0.003614268606067767,-0.0038422872500001315,1.4763171311513573e-05,0.976877,0.9909870749999999,0.014110074999999944,True
DGP-0,106,sigma_h,1.0268899999999999,0.990263398375,0.09807499227281431,-0.036626601624999866,0.0013415079465964428,0.830667225,1.2131025,0.38243527499999996,True
DGP-0,106,sigma_eta,0.1562457416833446,0.170965572875,0.014346866249492843,0.014719831191655403,0.0002166734303108313,0.1447177,0.20023882499999995,0.05552112499999995,True
DGP-0,106,nu,12.8628,16.084985446250002,4.250733317362316,3.222185446250002,10.382479050025324,10.337895,26.429802499999994,16.091907499999994,True
DGP-0,107,mu,-0.59351125,-0.33386502621387504,0.18456116163936656,0.259646223786125,0.06741616152639451,-0.6959179999999999,0.043046759999999955,0.7389647599999999,True
DGP-0,107,phi,0.9883567500000001,0.98737375325,0.0033982154564786682,-0.0009829967500001313,9.662826105108206e-07,0.980273975,0.99351515,0.013241174999999994,True
DGP-0,107,sigma_h,1.0268899999999999,0.880062721,0.10295091721113506,-0.1468272789999998,0.021558249858543786,0.7209125000000001,1.1230550000000001,0.40214250000000007,True
DGP-0,107,sigma_eta,0.1562457416833446,0.136570421675,0.013846634514586035,-0.0196753200083446,0.00038711821743076533,0.11112895,0.16532119999999997,0.05419224999999997,True
DGP-0,107,nu,12.8628,11.100639928749999,1.939028260824882,-1.7621600712500012,3.1052081167078094,8.15440175,15.612115,7.457713249999999,True
DGP-0,108,mu,-0.59351125,-0.534590526399375,0.29181946847725765,0.05892072360062506,0.003471651669621255,-1.07997125,0.08810120249999968,1.1680724524999997,True
DGP-0,108,phi,0.9883567500000001,0.9911692627500001,0.0023652223474351286,0.0028125127499999403,7.910227968912226e-06,0.9861909000000001,0.9954521,0.009261199999999858,True
DGP-0,108,sigma_h,1.0268899999999999,1.232343632125,0.15638054246177616,0.20545363212500023,0.04221119495335492,0.999799075,1.60673175,0.606932675,True
DGP-0,108,sigma_eta,0.1562457416833446,0.15968293149999999,0.013371527305336792,0.0034371898166553894,1.1814273835719509e-05,0.135092525,0.18780829999999998,0.05271577499999999,True
DGP-0,108,nu,12.8628,8.8209138275,1.2816024958928802,-4.0418861725,16.3368438314467,6.7657985,11.778582499999999,5.012783999999999,False
DGP-0,109,mu,-0.59351125,-0.537328670948625,0.2642584715331928,0.056182579051375026,0.003156482188864004,-1.05610325,-0.011485125000000169,1.044618125,True
DGP-0,109,phi,0.9883567500000001,0.990136323625,0.002437707071022352,0.0017795736249999194,3.166882286795354e-06,0.9851139750000001,0.994565075,0.009451099999999935,True
DGP-0,109,sigma_h,1.0268899999999999,1.2043484450000002,0.14131593981119067,0.1774584450000003,0.03149149970181813,0.985513925,1.5267339999999998,0.5412200749999998,True
DGP-0,109,sigma_eta,0.1562457416833446,0.165548944,0.013751535418641813,0.009303202316655407,8.654957334462253e-05,0.1399628,0.19402105,0.05405825,True
DGP-0,109,nu,12.8628,11.86847528875,2.363590792648217,-0.99432471125,0.9886816314023958,8.41045275,17.602437499999997,9.191984749999998,True
DGP-0,110,mu,-0.59351125,-0.6379951788836788,0.2195878783790781,-0.0444839288836788,0.001978819928928193,-1.06260675,-0.18236537500000044,0.8802413749999995,True
DGP-0,110,phi,0.9883567500000001,0.988072832875,0.003053039084322462,-0.00028391712500008826,8.060893386831573e-08,0.9816075750000001,0.993583175,0.011975599999999975,True
DGP-0,110,sigma_h,1.0268899999999999,1.065144673125,0.12191101263738056,0.038254673125000194,0.001463420015900612,0.874233975,1.3597515,0.485517525,True
DGP-0,110,sigma_eta,0.1562457416833446,0.1608550085,0.014189081215133133,0.004609266816655411,2.1245340587120705e-05,0.13502455,0.190119675,0.055095124999999995,True
DGP-0,110,nu,12.8628,16.546036355000002,4.758074714259335,3.683236355000002,13.566230046793699,10.3040875,28.36491,18.0608225,True
DGP-0,111,mu,-0.59351125,-0.6424115302685,0.22817570189081884,-0.04890028026849991,0.0023912374103378414,-1.08814725,-0.1752709750000002,0.9128762749999998,True
DGP-0,111,phi,0.9883567500000001,0.98959619275,0.002783989437569044,0.001239442749999875,1.5362183305272526e-06,0.983693,0.99465415,0.010961149999999975,True
DGP-0,111,sigma_h,1.0268899999999999,1.010184849375,0.12371142092595121,-0.016705150624999776,0.0002790620574039304,0.8216677,1.30464775,0.48298005,True
DGP-0,111,sigma_eta,0.1562457416833446,0.142197235425,0.01302514513654065,-0.014048506258344584,0.00019736052809074693,0.11834235,0.169128075,0.05078572499999999,True
DGP-0,111,nu,12.8628,8.808791353750001,1.297790730935035,-4.054008646249999,16.43498610386975,6.765384,11.8647025,5.0993185,False
DGP-0,112,mu,-0.59351125,-0.6167238018125001,0.1576589029145218,-0.023212551812500037,0.0005388225616479987,-0.923450475,-0.2924222750000002,0.6310281999999998,True
DGP-0,112,phi,0.9883567500000001,0.9841493760000001,0.0036841668174115456,-0.0042073740000000415,1.770199597587635e-05,0.976434825,0.99079825,0.014363424999999985,True
DGP-0,112,sigma_h,1.0268899999999999,0.860095249,0.08742567726885214,-0.16679475099999985,0.02782048896115195,0.716759425,1.05911725,0.3423578249999999,True
DGP-0,112,sigma_eta,0.1562457416833446,0.15028299474999998,0.013739131808081157,-0.005962746933344615,3.5554350991110605e-05,0.124748675,0.17892215,0.054173475,True
DGP-0,112,nu,12.8628,16.53106720875,4.431447707786587,3.668267208749999,13.456184314790507,10.511075,27.545574999999978,17.03449999999998,True
DGP-0,113,mu,-0.59351125,-0.422551114170375,0.20858074329612178,0.17096013582962505,0.029227368042883846,-0.829432375,-0.007505348750000407,0.8219270262499996,True
DGP-0,113,phi,0.9883567500000001,0.9890789516249999,0.0030370487158831836,0.0007222016249998076,5.215751871523627e-07,0.982559325,0.99451735,0.011958024999999983,True
DGP-0,113,sigma_h,1.0268899999999999,0.9270577390000001,0.1140688534910274,-0.09983226099999976,0.009966480336372072,0.750273375,1.2043324999999998,0.4540591249999998,True
DGP-0,113,sigma_eta,0.1562457416833446,0.13362895426249996,0.013712848635089665,-0.022616787420844636,0.0005115190732396761,0.10920389999999999,0.16189652499999999,0.05269262499999999,True
DGP-0,113,nu,12.8628,13.713450454999998,2.9513019971228625,0.8506504549999985,0.7236061965917044,9.5440045,20.821075,11.2770705,True
DGP-0,114,mu,-0.59351125,-0.664324285302125,0.29287382248596283,-0.0708130353021249,0.005014485968699988,-1.2380849999999999,-0.07550158000000072,1.1625834199999991,True
DGP-0,114,phi,0.9883567500000001,0.991983922,0.0021858401132152983,0.0036271719999998453,1.3156376717582878e-05,0.9873369750000001,0.9959410249999999,0.008604049999999863,True
DGP-0,114,sigma_h,1.0268899999999999,1.180530124375,0.15327847937562,0.15364012437500008,0.023605287817965493,0.947815075,1.53573725,0.587922175,True
DGP-0,114,sigma_eta,0.1562457416833446,0.14562180375,0.011969145542408735,-0.010623937933344596,0.00011286805721155825,0.123561775,0.16975867499999997,0.04619689999999997,True
DGP-0,114,nu,12.8628,12.599032866249999,2.5838575301848605,-0.26376713375000094,0.06957310084669088,8.758612750000001,18.758575,9.99996225,True
DGP-0,115,mu,-0.59351125,-1.23327437175,0.22415620097567407,-0.63976312175,0.4092968519513054,-1.6662055,-0.7845148500000005,0.8816906499999995,False
DGP-0,115,phi,0.9883567500000001,0.98691831925,0.003164535389375234,-0.0014384307500001636,2.0690830225460333e-06,0.980405725,0.992600775,0.012195049999999985,True
DGP-0,115,sigma_h,1.0268899999999999,1.1079514325,0.1214626091385371,0.08106143250000009,0.00657095583895207,0.918899425,1.393416,0.474516575,True
DGP-0,115,sigma_eta,0.1562457416833446,0.1754797355,0.014225493764528715,0.019233993816655415,0.0003699465181391387,0.1494401,0.20487505,0.05543495000000001,True
DGP-0,115,nu,12.8628,14.646217966250001,3.6619493013179167,1.783417966250001,3.1805796423432895,9.640654,23.659264999999994,14.018610999999995,True
DGP-0,116,mu,-0.59351125,-0.8578398175575,0.2543410789137019,-0.2643285675575,0.06986959162699985,-1.3440717500000001,-0.3433083750000001,1.000763375,True
DGP-0,116,phi,0.9883567500000001,0.990158136125,0.0025481342800436606,0.0018013861249999152,3.2449919713422103e-06,0.984728875,0.99475205,0.01002317500000005,True
DGP-0,116,sigma_h,1.0268899999999999,1.12712281725,0.13740397882022304,0.10023281725000022,0.010046617653871942,0.9147690249999999,1.4578339999999996,0.5430649749999997,True
DGP-0,116,sigma_eta,0.1562457416833446,0.15441576999999998,0.012470688497444718,-0.0018299716833446167,3.34879636184313e-06,0.131493975,0.18008502499999998,0.04859104999999997,True
DGP-0,116,nu,12.8628,11.448708060000001,2.217700032118071,-1.4140919399999987,1.99965601477296,8.1798745,16.776107499999995,8.596232999999994,True
DGP-0,117,mu,-0.59351125,-0.45362381880875,0.13884577685064162,0.13988743119125002,0.01956849340528671,-0.7224186,-0.17947982500000026,0.5429387749999998,True
DGP-0,117,phi,0.9883567500000001,0.979858802,0.0044333017556165795,-0.008497948000000144,7.221512021070645e-05,0.97034795,0.98764835,0.017300399999999994,False
DGP-0,117,sigma_h,1.0268899999999999,0.8836776572499999,0.0788441409987578,-0.14321234274999994,0.02050977511594346,0.7485182250000001,1.05718775,0.3086695249999999,True
DGP-0,117,sigma_eta,0.1562457416833446,0.17428598950000002,0.01529067892934793,0.01804024781665542,0.00032545054128634064,0.146041625,0.2058383,0.059796674999999994,True
DGP-0,117,nu,12.8628,19.35990853375,5.945307036437341,6.497108533750001,42.212419299327095,11.659715,34.2169125,22.5571975,True
DGP-0,118,mu,-0.59351125,-0.9126575155375,0.2131400304486559,-0.3191462655374999,0.10185433880653241,-1.3404414999999998,-0.48241057500000006,0.8580309249999998,True
DGP-0,118,phi,0.9883567500000001,0.9885239590000001,0.0029181934707470294,0.0001672090000000015,2.79588496810005e-08,0.98235495,0.993715225,0.01136027500000003,True
DGP-0,118,sigma_h,1.0268899999999999,1.014361726375,0.11584920221570262,-0.012528273624999864,0.00015695764002286722,0.8319516250000001,1.2887017499999998,0.4567501249999997,True
DGP-0,118,sigma_eta,0.1562457416833446,0.15036242649999998,0.013690143091649244,-0.005883315183344617,3.4613397546573306e-05,0.124821975,0.17844999999999997,0.05362802499999997,True
DGP-0,118,nu,12.8628,16.435658234999995,4.394430606073182,3.5728582349999947,12.765315967407277,10.5609975,27.227935000000002,16.666937500000003,True
DGP-0,119,mu,-0.59351125,-0.427127299210375,0.2946210160195861,0.16638395078962503,0.027683619080364364,-0.993864875,0.16806559999999993,1.161930475,True
DGP-0,119,phi,0.9883567500000001,0.99176340825,0.0022952204596621527,0.003406658249999861,1.1605320432292115e-05,0.9868433750000001,0.995929275,0.009085899999999869,True
DGP-0,119,sigma_h,1.0268899999999999,1.1812095475000002,0.15866217471148333,0.15431954750000032,0.023814522740604856,0.941574875,1.5675924999999997,0.6260176249999997,True
DGP-0,119,sigma_eta,0.1562457416833446,0.147476318375,0.012397040269644737,-0.008769423308344598,7.690278516093752e-05,0.12457692499999999,0.17349435,0.048917425,True
DGP-0,119,nu,12.8628,11.6377102175,2.2594393856177217,-1.2250897824999996,1.5008449751858963,8.3119925,17.11983,8.8078375,True
DGP-0,120,mu,-0.59351125,-0.6848951730562501,0.2316430763467161,-0.0913839230562501,0.008351021393150637,-1.14144125,-0.20870687500000024,0.9327343749999997,True
DGP-0,120,phi,0.9883567500000001,0.98754566,0.0030182571813799465,-0.0008110900000001253,6.578669881002033e-07,0.9811349,0.9930720749999999,0.011937174999999911,True
DGP-0,120,sigma_h,1.0268899999999999,1.1359461267500002,0.12538951902410472,0.10905612675000032,0.011893238781712135,0.9430138250000001,1.426512,0.4834981749999999,True
DGP-0,120,sigma_eta,0.1562457416833446,0.175615375375,0.014930041134513107,0.019369633691655397,0.00037518270934891186,0.148380675,0.20614737499999997,0.057766699999999976,True
DGP-0,120,nu,12.8628,10.644094367499997,1.9141444823060296,-2.2187056325000025,4.922654683687236,7.750558,15.171394999999999,7.420836999999999,True
DGP-0,121,mu,-0.59351125,-0.30103634170702503,0.23081860420645378,0.292474908292975,0.08554157198098414,-0.7449295499999999,0.1686454749999997,0.9135750249999997,True
DGP-0,121,phi,0.9883567500000001,0.988417414,0.0029460385513426753,6.066399999993255e-05,3.6801208959918163e-09,0.982193875,0.993695125,0.011501250000000018,True
DGP-0,121,sigma_h,1.0268899999999999,1.091585748875,0.12488402949279426,0.06469574887500018,0.004185539922497087,0.894058025,1.3844782499999995,0.4904202249999995,True
DGP-0,121,sigma_eta,0.1562457416833446,0.16247510725,0.014060544302693562,0.006229365566655404,3.8804995363032e-05,0.13663215,0.19137797499999998,0.05474582499999997,True
DGP-0,121,nu,12.8628,13.77315937875,3.1692895040489097,0.91035937875,0.8287541984780858,9.324011,21.712089999999996,12.388078999999996,True
DGP-0,122,mu,-0.59351125,-0.47254177441487505,0.20075673100701383,0.120969475585125,0.014633614023340152,-0.8634715749999999,-0.07267844750000058,0.7907931274999993,True
DGP-0,122,phi,0.9883567500000001,0.985749147,0.0034215777865203726,-0.0026076030000000694,6.799593405609362e-06,0.97863495,0.9919410999999999,0.013306149999999906,True
DGP-0,122,sigma_h,1.0268899999999999,1.0502854869999998,0.10971324958912897,0.023395486999999937,0.000547348811967166,0.878057825,1.3086464999999998,0.43058867499999987,True
DGP-0,122,sigma_eta,0.1562457416833446,0.173811154625,0.015243651011076203,0.017565412941655395,0.00030854373181087486,0.1453599,0.205150275,0.05979037500000001,True
DGP-0,122,nu,12.8628,15.6987988925,4.259106213025906,2.8359988924999993,8.042889718261222,10.114857500000001,26.308502499999992,16.19364499999999,True
DGP-0,123,mu,-0.59351125,-0.6420985279400001,0.1764430593322892,-0.04858727794000006,0.002360723577618817,-0.99301405,-0.291058475,0.7019555749999999,True
DGP-0,123,phi,0.9883567500000001,0.9834194697499999,0.00386471678316299,-0.0049372802500001756,2.4376736267041795e-05,0.975184925,0.990448125,0.015263200000000032,True
DGP-0,123,sigma_h,1.0268899999999999,1.0039646075000002,0.09520477431106802,-0.022925392499999697,0.0005255736212790424,0.8450219750000001,1.2233212499999997,0.3782992749999996,True
DGP-0,123,sigma_eta,0.1562457416833446,0.17947612087500003,0.016168637419330174,0.023230379191655437,0.0005396505173880979,0.149499325,0.2123299,0.062830575,True
DGP-0,123,nu,12.8628,12.845812223749999,2.9932233648466458,-0.016987776250001474,0.00028858454192011413,8.71769175,20.050584999999998,11.332893249999998,True
DGP-0,124,mu,-0.59351125,-0.49660709998537506,0.20004339111293074,0.09690415001462499,0.009390414290056945,-0.886758275,-0.08770997500000019,0.7990482999999998,True
DGP-0,124,phi,0.9883567500000001,0.986842589375,0.0032178634506315634,-0.0015141606250000939,2.2926823983006747e-06,0.9801458749999999,0.9926010749999999,0.0124552,True
DGP-0,124,sigma_h,1.0268899999999999,1.012153054,0.10729242885975651,-0.014736945999999751,0.00021717757740690865,0.83863645,1.26105025,0.42241380000000006,True
DGP-0,124,sigma_eta,0.1562457416833446,0.16084060937500003,0.013739234325983021,0.00459486769165543,2.1112809103818897e-05,0.136098875,0.18953215,0.053433275,True
DGP-0,124,nu,12.8628,12.50458016125,2.558551103665221,-0.3582198387499993,0.1283214528740755,8.80387225,18.498754999999992,9.694882749999993,True
DGP-0,125,mu,-0.59351125,-0.80278460849375,0.25365893786644433,-0.20927335849374995,0.043795338575253584,-1.2976557499999999,-0.27653380000000094,1.021121949999999,True
DGP-0,125,phi,0.9883567500000001,0.9901343318749999,0.0025343766753633053,0.0017775818749997674,3.1597973223276887e-06,0.984922,0.99471305,0.009791050000000023,True
DGP-0,125,sigma_h,1.0268899999999999,1.140580892625,0.13763938362961775,0.1136908926250002,0.012925619065869327,0.9306125749999999,1.4626417499999995,0.5320291749999996,True
DGP-0,125,sigma_eta,0.1562457416833446,0.156506692375,0.012696102796705765,0.0002609506916554094,6.809526347543655e-08,0.1330189,0.18296537499999999,0.04994647499999999,True
DGP-0,125,nu,12.8628,15.895136606249999,4.057106919577771,3.0323366062499986,9.19506529360376,10.3876025,25.815589999999993,15.427987499999993,True
DGP-0,126,mu,-0.59351125,-0.544425098485,0.17416424003451794,0.049086151515000065,0.002409450270553543,-0.8827336,-0.18887565000000034,0.6938579499999997,True
DGP-0,126,phi,0.9883567500000001,0.982445264625,0.0038663394692797057,-0.005911485375000081,3.4945659338839845e-05,0.974389925,0.9895010999999999,0.015111174999999921,True
DGP-0,126,sigma_h,1.0268899999999999,1.025733803375,0.09592834017050017,-0.0011561966249997724,1.3367906356608643e-06,0.86945225,1.2439554999999998,0.37450324999999973,True
DGP-0,126,sigma_eta,0.1562457416833446,0.188835578375,0.01594387269581719,0.03258983669165541,0.0010620974555887693,0.159194425,0.22166909999999998,0.06247467499999998,False
DGP-0,126,nu,12.8628,20.45885227625,6.8243108194090905,7.596052276249999,57.70001018352279,12.195132500000001,37.49236499999999,25.297232499999993,True
DGP-0,127,mu,-0.59351125,-0.33677247512174996,0.2639463149432659,0.2567387748782501,0.06591479852598478,-0.855904925,0.18692354999999936,1.0428284749999994,True
DGP-0,127,phi,0.9883567500000001,0.9908804314999999,0.0024885048988572836,0.002523681499999819,6.368968313441337e-06,0.98571785,0.995429,0.009711150000000002,True
DGP-0,127,sigma_h,1.0268899999999999,1.1039730644999999,0.14195357365592035,0.07708306450000002,0.005941798832711164,0.890901175,1.4527379999999999,0.5618368249999999,True
DGP-0,127,sigma_eta,0.1562457416833446,0.145272238,0.012766702512531826,-0.010973503683344599,0.00012041778308837748,0.121617775,0.17136432499999998,0.04974654999999999,True
DGP-0,127,nu,12.8628,15.350776986249999,3.809835784440956,2.4879769862499987,6.190029484109626,10.096795,24.7395225,14.6427275,True
DGP-0,128,mu,-0.59351125,-0.6256767666278751,0.19727441797658515,-0.032165516627875035,0.0010346204599381054,-0.998048325,-0.23318970000000008,0.7648586249999999,True
DGP-0,128,phi,0.9883567500000001,0.9872350977500001,0.003320475135479199,-0.0011216522500000492,1.258103769930173e-06,0.980245975,0.9932140500000001,0.012968075000000079,True
DGP-0,128,sigma_h,1.0268899999999999,0.9462534491250001,0.10862655197079141,-0.08063655087499977,0.0065022533370164256,0.77657775,1.1955784999999994,0.4190007499999995,True
DGP-0,128,sigma_eta,0.1562457416833446,0.14782083762500003,0.014244802010182451,-0.008424904058344562,7.097900839231068e-05,0.1223544,0.17748455,0.05513014999999999,True
DGP-0,128,nu,12.8628,11.945351765,2.4149226488999096,-0.9174482350000002,0.8417112639046155,8.476052,17.54354499999999,9.067492999999992,True
DGP-0,129,mu,-0.59351125,-0.6020019544295001,0.22122893493879395,-0.008490704429500062,7.209206170913197e-05,-1.03711975,-0.153120725,0.883999025,True
DGP-0,129,phi,0.9883567500000001,0.9884324883750001,0.0029689203673866613,7.573837499996738e-05,5.736301447635685e-09,0.982326775,0.993902175,0.011575400000000013,True
DGP-0,129,sigma_h,1.0268899999999999,1.0448889454999999,0.12048098168644521,0.01799894550000003,0.0003239620391119713,0.85936435,1.3361275,0.4767631499999999,True
DGP-0,129,sigma_eta,0.1562457416833446,0.15538721437499997,0.013912713742253077,-0.0008585273083446254,7.370691391734676e-07,0.129784225,0.18468539999999997,0.05490117499999997,True
DGP-0,129,nu,12.8628,12.54053348125,2.552580423806612,-0.32226651875000023,0.10385570910724425,8.799251250000001,18.8457075,10.046456249999999,True
DGP-0,130,mu,-0.59351125,-0.71179229811,0.2249330770837014,-0.11828104810999995,0.013990406342000123,-1.1371784999999999,-0.2614884500000002,0.8756900499999997,True
DGP-0,130,phi,0.9883567500000001,0.989020746375,0.002699968497832062,0.00066399637499992,4.4089118601303445e-07,0.983304425,0.994012175,0.010707750000000016,True
DGP-0,130,sigma_h,1.0268899999999999,1.03934691275,0.12020182347218736,0.012456912750000049,0.00015517467526111376,0.85358155,1.32491775,0.4713362,True
DGP-0,130,sigma_eta,0.1562457416833446,0.150669932125,0.011750167150705843,-0.005575809558344608,3.108965223092709e-05,0.12864697500000002,0.17491264999999998,0.04626567499999995,True
DGP-0,130,nu,12.8628,25.8189398,9.198223386068012,12.956139799999999,167.861558517144,14.285695,49.29026749999994,35.00457249999994,False
DGP-0,131,mu,-0.59351125,-1.1715580573750002,0.21432076809146786,-0.5780468073750001,0.3341381115164305,-1.5781052500000001,-0.7386219000000004,0.8394833499999997,False
DGP-0,131,phi,0.9883567500000001,0.987760684875,0.003104067534619482,-0.0005960651250001003,3.552936332413852e-07,0.981229,0.9934031,0.012174099999999966,True
DGP-0,131,sigma_h,1.0268899999999999,1.053419764125,0.12111395451541922,0.026529764125000188,0.000703828384528147,0.865459175,1.3316177499999997,0.4661585749999997,True
DGP-0,131,sigma_eta,0.1562457416833446,0.16115223037499998,0.01406359392926745,0.004906488691655386,2.4073631281342184e-05,0.1353718,0.19056315000000001,0.05519135000000003,True
DGP-0,131,nu,12.8628,12.828378977499998,2.7375134651240116,-0.0344210225000019,0.0011848067899456367,8.9596585,19.48530749999999,10.52564899999999,True
DGP-0,132,mu,-0.59351125,-0.66661620532375,0.23522191830452824,-0.07310495532374994,0.005344334492887475,-1.1146215000000002,-0.19818385000000013,0.91643765,True
DGP-0,132,phi,0.9883567500000001,0.9904511690000001,0.002600013905535434,0.0020944189999999585,4.386590947560826e-06,0.984955,0.995044025,0.010089024999999974,True
DGP-0,132,sigma_h,1.0268899999999999,1.010167434375,0.12607749628128134,-0.016722565624999852,0.0002796442010824267,0.818825825,1.3031599999999992,0.4843341749999992,True
DGP-0,132,sigma_eta,0.1562457416833446,0.13613191098750002,0.012513938140035378,-0.020113830695844576,0.00040456618526109946,0.1132314,0.16205075,0.04881935,True
DGP-0,132,nu,12.8628,14.861442391249998,3.275740064375803,1.998642391249998,3.99457140810151,10.149345,22.92991,12.780565,True
DGP-0,133,mu,-0.59351125,-0.708334586729,0.21267569391436267,-0.11482333672899991,0.0131843986575813,-1.119671,-0.2827798500000003,0.8368911499999998,True
DGP-0,133,phi,0.9883567500000001,0.9880578902499999,0.00293645909390991,-0.00029885975000021325,8.931715017018997e-08,0.98187165,0.9933521,0.011480449999999975,True
DGP-0,133,sigma_h,1.0268899999999999,1.049832754,0.12027553248868893,0.02294275400000023,0.0005263699611045266,0.8634642,1.3354854999999997,0.47202129999999964,True
DGP-0,133,sigma_eta,0.1562457416833446,0.15872299299999998,0.012622295608515695,0.0024772513166553822,6.136774085870825e-06,0.13554295,0.184555125,0.04901217499999999,True
DGP-0,133,nu,12.8628,10.820108452500001,1.9421338568434765,-2.0426915474999987,4.172588758227939,7.89911025,15.4735125,7.57440225,True
DGP-0,134,mu,-0.59351125,-0.2694697140042375,0.19106474394308842,0.3240415359957625,0.10500291705049306,-0.65173205,0.11694394999999995,0.7686759999999999,True
DGP-0,134,phi,0.9883567500000001,0.987332183,0.0032617335276600512,-0.0010245670000000873,1.0497375374891789e-06,0.980415975,0.99324115,0.012825175000000022,True
DGP-0,134,sigma_h,1.0268899999999999,0.9217950975,0.10605779272380778,-0.10509490249999986,0.011044938531484479,0.75649025,1.1687257499999997,0.41223549999999964,True
DGP-0,134,sigma_eta,0.1562457416833446,0.143429428375,0.013034727271063203,-0.012816313308344596,0.0001642578868176508,0.1193651,0.170127425,0.050762325,True
DGP-0,134,nu,12.8628,10.56005581125,1.7644429277778269,-2.3027441887499993,5.302630798821893,7.86609375,14.720049999999999,6.853956249999999,True
DGP-0,135,mu,-0.59351125,-0.5947325923036251,0.24309991187098434,-0.0012213423036250282,1.4916770226240904e-06,-1.05200275,-0.08964150250000025,0.9623612474999997,True
DGP-0,135,phi,0.9883567500000001,0.9892755681250001,0.0029896378505880426,0.0009188181249999428,8.442267468284104e-07,0.982841675,0.994467075,0.011625400000000008,True
DGP-0,135,sigma_h,1.0268899999999999,1.0850783457500002,0.13185108732080167,0.058188345750000314,0.00338588358112158,0.882382475,1.3835324999999998,0.5011500249999998,True
DGP-0,135,sigma_eta,0.1562457416833446,0.154975179125,0.015346795686894094,-0.0012705625583445956,1.614329214667164e-06,0.12712305,0.18691287499999998,0.05978982499999999,True
DGP-0,135,nu,12.8628,11.544075675,2.3869801824307073,-1.3187243249999998,1.7390338453467051,8.16132675,17.308027499999998,9.146700749999997,True
DGP-0,136,mu,-0.59351125,-0.538626237605,0.17028936579581636,0.0548850123950001,0.0030123645855993147,-0.867737325,-0.19730082500000007,0.6704364999999999,True
DGP-0,136,phi,0.9883567500000001,0.9858085652499999,0.0036216965631098706,-0.002548184750000182,6.49324552013349e-06,0.9781258500000001,0.9921530749999999,0.014027224999999865,True
DGP-0,136,sigma_h,1.0268899999999999,0.904786061125,0.09605131545784804,-0.12210393887499982,0.014909371888789692,0.7500157000000001,1.12409175,0.37407605,True
DGP-0,136,sigma_eta,0.1562457416833446,0.14925151499999997,0.01454926421823236,-0.006994226683344623,4.8919206898009925e-05,0.122624725,0.1796672,0.057042474999999995,True
DGP-0,136,nu,12.8628,12.6030331625,2.560568235606693,-0.25976683750000085,0.06747880986475184,8.8890315,18.788014999999998,9.898983499999998,True
DGP-0,137,mu,-0.59351125,-0.662371683575,0.16484918402876908,-0.06886043357499994,0.0047417593121369785,-0.9957717749999999,-0.33234590000000025,0.6634258749999997,True
DGP-0,137,phi,0.9883567500000001,0.9859711868750001,0.0034926574817376985,-0.0023855631250000453,5.690911423359982e-06,0.978599725,0.9922731499999999,0.013673424999999906,True
DGP-0,137,sigma_h,1.0268899999999999,0.87029583825,0.09435600106325864,-0.15659416174999985,0.024521731494185114,0.720515075,1.0916635000000001,0.3711484250000001,True
DGP-0,137,sigma_eta,0.1562457416833446,0.1427653585,0.013600788645881955,-0.013480383183344602,0.00018172073076979994,0.11813420000000001,0.17139602499999998,0.05326182499999997,True
DGP-0,137,nu,12.8628,12.790244775,2.681103554323742,-0.07255522500000033,0.0052642606748006734,8.9167925,19.321225,10.404432499999999,True
DGP-0,138,mu,-0.59351125,-0.5716367497528749,0.23925765270373348,0.021874500247125117,0.00047849376106147683,-1.04136325,-0.0994626250000005,0.9419006249999996,True
DGP-0,138,phi,0.9883567500000001,0.989273544875,0.002690093231690239,0.0009167948749998489,8.405128428259886e-07,0.983622675,0.9941222,0.010499524999999954,True
DGP-0,138,sigma_h,1.0268899999999999,1.0888423836249999,0.12881062730813944,0.061952383624999996,0.0038380978368191677,0.8918872750000001,1.3822887499999998,0.49040147499999975,True
DGP-0,138,sigma_eta,0.1562457416833446,0.155924849,0.012709058097973515,-0.0003208926833445924,1.0297211422409286e-07,0.13280365,0.18256447499999998,0.04976082499999998,True
DGP-0,138,nu,12.8628,15.799574795,4.2152278151611595,2.936774795,8.62464619654729,10.1626325,26.156764999999996,15.994132499999996,True
DGP-0,139,mu,-0.59351125,-0.8391832337625001,0.18867738862509228,-0.2456719837625001,0.060354723605802116,-1.21338075,-0.4628567250000001,0.7505240249999999,True
DGP-0,139,phi,0.9883567500000001,0.985327118125,0.0034342710025326104,-0.0030296318750001605,9.178669298016988e-06,0.978182475,0.991557075,0.013374600000000014,True
DGP-0,139,sigma_h,1.0268899999999999,1.0017948744999998,0.10299831274769922,-0.025095125500000037,0.0006297653238607521,0.83973915,1.2405582499999999,0.4008190999999999,True
DGP-0,139,sigma_eta,0.1562457416833446,0.16831087125,0.014310506903999055,0.012065129566655397,0.00014556735146018226,0.141957,0.1976097,0.0556527,True
DGP-0,139,nu,12.8628,14.256653686249999,3.321000060601221,1.393853686249999,1.942828098672711,9.607642499999999,22.364649999999997,12.757007499999999,True
DGP-0,140,mu,-0.59351125,-0.66987782721625,0.175421562122007,-0.07636657721624995,0.005831854115725467,-1.0117205,-0.31917150000000016,0.6925489999999999,True
DGP-0,140,phi,0.9883567500000001,0.984493778625,0.003592006521044194,-0.003862971375000135,1.4922547844070433e-05,0.97685385,0.9910061250000001,0.014152275000000047,True
DGP-0,140,sigma_h,1.0268899999999999,0.972627158375,0.09770042215345674,-0.054262841624999836,0.002944455981219815,0.814218675,1.1936665,0.37944782499999996,True
DGP-0,140,sigma_eta,0.1562457416833446,0.168012852625,0.013837592310903512,0.01176711094165539,0.000138464899913226,0.14240065,0.196406175,0.054005525,True
DGP-0,140,nu,12.8628,15.269435975,3.828720415068593,2.4066359750000004,5.791896716164202,10.019255,24.610844999999998,14.591589999999998,True
DGP-0,141,mu,-0.59351125,-0.81195681520875,0.2208353631552216,-0.21844556520874991,0.04771846495937021,-1.2338852500000002,-0.355720925000001,0.8781643249999991,True
DGP-0,141,phi,0.9883567500000001,0.98860051375,0.003088011125206581,0.00024376374999990347,5.942076581401544e-08,0.982064975,0.994205125,0.012140150000000016,True
DGP-0,141,sigma_h,1.0268899999999999,1.0298313577499998,0.1276407843403555,0.002941357749999929,8.651585413484643e-06,0.8375254,1.3294409999999999,0.4919155999999999,True
DGP-0,141,sigma_eta,0.1562457416833446,0.15154130387499998,0.01309281868039345,-0.004704437808344619,2.2131735092582323e-05,0.1272597,0.178727275,0.05146757499999999,True
DGP-0,141,nu,12.8628,13.12057348,2.6798841317239677,0.2577734799999991,0.06644716699130994,9.192274750000001,19.525207499999997,10.332932749999996,True
DGP-0,142,mu,-0.59351125,-0.32952278711431254,0.12497744357900009,0.2639884628856875,0.069689908536748,-0.570030575,-0.08707245500000003,0.48295811999999994,False
DGP-0,142,phi,0.9883567500000001,0.9792633095,0.004980260528785274,-0.00909344050000016,8.269066012704317e-05,0.96856225,0.98805745,0.019495200000000046,False
DGP-0,142,sigma_h,1.0268899999999999,0.7909773525,0.07251934212926302,-0.23591264749999985,0.055654777250459184,0.6673190250000001,0.95127955,0.2839605249999999,False
DGP-0,142,sigma_eta,0.1562457416833446,0.1581353975,0.016824573156457218,0.0018896558166554,3.570799105419587e-06,0.127797875,0.19270989999999993,0.06491202499999993,True
DGP-0,142,nu,12.8628,15.27652065375,3.9913663929012873,2.4137206537499996,5.826047394339326,9.9506245,25.156957499999983,15.206332999999983,True
DGP-0,143,mu,-0.59351125,-0.5049292063574999,0.17467449762528964,0.08858204364250011,0.007846778455881795,-0.850748125,-0.15536277500000015,0.6953853499999998,True
DGP-0,143,phi,0.9883567500000001,0.983376395125,0.003945279817371121,-0.004980354875000148,2.480393468093774e-05,0.9748909499999999,0.990371,0.015480050000000078,True
DGP-0,143,sigma_h,1.0268899999999999,0.9928589111249999,0.09428178954957613,-0.03403108887499995,0.0011581150100181453,0.83730355,1.20330375,0.3660001999999999,True
DGP-0,143,sigma_eta,0.1562457416833446,0.1776942115,0.016481219911667334,0.021448469816655408,0.00046003685747597806,0.1475731,0.2120414,0.06446829999999998,True
DGP-0,143,nu,12.8628,11.544630826249998,2.4351446517705497,-1.318169173750002,1.7375699706247631,8.096862750000001,17.3036025,9.206739749999999,True
DGP-0,144,mu,-0.59351125,-0.47540617627828746,0.17185229598204382,0.11810507372171258,0.013948808438811165,-0.816264925,-0.1295759500000002,0.6866889749999998,True
DGP-0,144,phi,0.9883567500000001,0.9861432568749999,0.0036501698914803704,-0.0022134931250001877,4.899551814423097e-06,0.9782988,0.992664325,0.01436552499999999,True
DGP-0,144,sigma_h,1.0268899999999999,0.8841112963750001,0.09717070721669628,-0.14277870362499978,0.020385758208835526,0.7319243750000001,1.1101545,0.37823012499999986,True
DGP-0,144,sigma_eta,0.1562457416833446,0.143905818275,0.01435712664281343,-0.012339923408344583,0.0001522737097238106,0.1178255,0.17458154999999997,0.056756049999999975,True
DGP-0,144,nu,12.8628,15.8334395775,4.144223170695093,2.9706395775,8.824699499409379,10.274180000000001,26.40087749999998,16.126697499999977,True
DGP-0,145,mu,-0.59351125,-0.68014300397625,0.33495233175024264,-0.08663175397625,0.007505060797001508,-1.31213825,0.023440387499999705,1.3355786374999998,True
DGP-0,145,phi,0.9883567500000001,0.99277770175,0.0020426480299891954,0.004420951749999902,1.9544814375827195e-05,0.988405475,0.996451,0.008045524999999998,False
DGP-0,145,sigma_h,1.0268899999999999,1.2813408549999998,0.17774443951181537,0.254450855,0.06474523761023102,1.02052275,1.7115917499999993,0.6910689999999993,True
DGP-0,145,sigma_eta,0.1562457416833446,0.149688646,0.012918867135518972,-0.006557095683344588,4.299550380053623e-05,0.12594585,0.176507175,0.05056132499999999,True
DGP-0,145,nu,12.8628,14.53156156,3.4890218759508302,1.66876156,2.784765144133634,9.73646325,23.262134999999997,13.525671749999997,True
DGP-0,146,mu,-0.59351125,-0.087347886058975,0.18481512633818536,0.506163363941025,0.25620135099609453,-0.45418705,0.28051897499999995,0.7347060249999999,False
DGP-0,146,phi,0.9883567500000001,0.986453636125,0.003369784198455891,-0.0019031138750000842,3.6218424212178364e-06,0.979342,0.9924750999999999,0.013133099999999898,True
DGP-0,146,sigma_h,1.0268899999999999,0.94567886025,0.10198031774715623,-0.08121113974999983,0.006595249219494002,0.7827353499999999,1.17690075,0.3941654,True
DGP-0,146,sigma_eta,0.1562457416833446,0.152440121,0.013913848879360763,-0.003805620683344585,1.4482748785500106e-05,0.1276253,0.18070189999999994,0.053076599999999946,True
DGP-0,146,nu,12.8628,13.661631177500002,3.0542263388143858,0.7988311775000021,0.6381312501460399,9.327243000000001,20.961247499999995,11.634004499999994,True
DGP-0,147,mu,-0.59351125,-0.8350650628125,0.19550358080943075,-0.2415538128125,0.05834824448425628,-1.225842,-0.44554655000000015,0.7802954499999999,True
DGP-0,147,phi,0.9883567500000001,0.987343421125,0.0031190559361801064,-0.0010133288750001634,1.026835408909097e-06,0.9806408,0.9929560249999999,0.01231522499999993,True
DGP-0,147,sigma_h,1.0268899999999999,0.951370011125,0.10407083965382082,-0.07551998887499989,0.005703268719680107,0.7848906250000001,1.189361,0.4044703749999998,True
DGP-0,147,sigma_eta,0.1562457416833446,0.148219701875,0.012712138653798213,-0.008026039808344598,6.44173150051322e-05,0.12480975000000001,0.17471839999999997,0.04990864999999996,True
DGP-0,147,nu,12.8628,16.07297307,4.075174817420397,3.2101730699999997,10.305211139353224,10.5035725,26.08364,15.580067499999998,True
DGP-0,148,mu,-0.59351125,-0.55947699066625,0.19065838831884216,0.03403425933375004,0.0011583308083969515,-0.9356956249999999,-0.18269347500000052,0.7530021499999994,True
DGP-0,148,phi,0.9883567500000001,0.985104070375,0.003558891974819327,-0.0032526796250000878,1.0579924742890711e-05,0.9776015499999999,0.9915323749999999,0.01393082499999998,True
DGP-0,148,sigma_h,1.0268899999999999,1.0242745576249999,0.10579258880744082,-0.002615442374999999,6.8405388169456345e-06,0.858021525,1.2658752499999995,0.4078537249999995,True
DGP-0,148,sigma_eta,0.1562457416833446,0.17330054625,0.014957598203166238,0.017054804566655396,0.00029086635880680976,0.145743475,0.20434639999999998,0.05860292499999997,True
DGP-0,148,nu,12.8628,12.22809916375,2.5981897437759423,-0.6347008362499995,0.4028451515364487,8.46891325,18.39397999999999,9.925066749999989,True
DGP-0,149,mu,-0.59351125,-0.723002656825,0.18875702916500278,-0.12949140682499993,0.016768024441517638,-1.0978295,-0.3443624,0.7534671,True
DGP-0,149,phi,0.9883567500000001,0.988434223,0.003141453629434029,7.747299999982804e-05,6.002065728973356e-09,0.981810875,0.994031525,0.012220650000000055,True
DGP-0,149,sigma_h,1.0268899999999999,0.8867292667500001,0.10368784063936161,-0.14016073324999978,0.019645031145177592,0.72362795,1.13010175,0.4064737999999999,True
DGP-0,149,sigma_eta,0.1562457416833446,0.1317617230125,0.0138628662125756,-0.0244840186708446,0.0005994671702742669,0.10722625000000001,0.161063675,0.05383742499999998,True
DGP-0,149,nu,12.8628,11.54683333,2.204417939652011,-1.31596667,1.7317682765508886,8.297436999999999,16.7631925,8.4657555,True
DGP-0,150,mu,-0.59351125,-0.8033795318475,0.16533405768078238,-0.20986828184749995,0.044044695725621676,-1.1207805000000002,-0.4696114000000001,0.6511691000000001,True
DGP-0,150,phi,0.9883567500000001,0.9831222362500001,0.004103075482334885,-0.005234513750000058,2.7400134198939672e-05,0.9745808,0.9906701,0.016089299999999973,True
DGP-0,150,sigma_h,1.0268899999999999,0.9329378275,0.0959144464918188,-0.09395217249999988,0.008827010717469733,0.780038625,1.1476372499999998,0.36759862499999985,True
DGP-0,150,sigma_eta,0.1562457416833446,0.16790721425000002,0.015470265450655206,0.011661472566655423,0.00013598994242285703,0.139450375,0.200316325,0.06086595,True
DGP-0,150,nu,12.8628,15.8544375875,4.196368621774347,2.9916375874999996,8.949895454942817,10.26378,26.39123999999999,16.12745999999999,True
DGP-0,151,mu,-0.59351125,-0.8970207608749999,0.1526821471284263,-0.3035095108749999,0.09211802319158167,-1.19432325,-0.5931817,0.60114155,True
DGP-0,151,phi,0.9883567500000001,0.9826144575,0.004165160702380322,-0.005742292500000135,3.297392315555779e-05,0.973888775,0.990274325,0.01638554999999997,True
DGP-0,151,sigma_h,1.0268899999999999,0.905619130625,0.08926498090423839,-0.12127086937499987,0.01470662375896828,0.7603766,1.1055609999999998,0.34518439999999984,True
DGP-0,151,sigma_eta,0.1562457416833446,0.165657969375,0.016296580062237068,0.009412227691655395,8.859003011956464e-05,0.135067925,0.1992192,0.06415127500000001,True
DGP-0,151,nu,12.8628,11.94181470625,2.4517197540579434,-0.9209852937500003,0.8482139113037743,8.353666,17.858477499999996,9.504811499999995,True
DGP-0,152,mu,-0.59351125,-0.64069735542625,0.20051158483043832,-0.0471861054262499,0.0022265285452971705,-1.0151595,-0.23065230000000003,0.7845072,True
DGP-0,152,phi,0.9883567500000001,0.9884431595,0.002972345565051195,8.640949999982883e-05,7.46660169022042e-09,0.982145875,0.9938100249999999,0.011664149999999984,True
DGP-0,152,sigma_h,1.0268899999999999,0.93744426425,0.1093622873668555,-0.08944573574999981,0.008000539643858794,0.7657513499999999,1.1938027499999997,0.42805139999999975,True
DGP-0,152,sigma_eta,0.1562457416833446,0.13934616215,0.012703793000620335,-0.01689957953334459,0.0002855957884038393,0.115652925,0.16538157499999998,0.04972864999999997,True
DGP-0,152,nu,12.8628,15.24801985875,3.8915419050652633,2.38521985875,5.689273774575371,9.95695125,24.9218375,14.96488625,True
DGP-0,153,mu,-0.59351125,-0.64121935717875,0.19482637831914262,-0.04770810717874996,0.0022760634905790935,-1.01676475,-0.2576485000000006,0.7591162499999995,True
DGP-0,153,phi,0.9883567500000001,0.9859919595,0.003323840884186196,-0.002364790500000158,5.5922341088909966e-06,0.97904275,0.991865175,0.012822425000000082,True
DGP-0,153,sigma_h,1.0268899999999999,0.9999740581250001,0.1043413142533724,-0.026915941874999794,0.0007244679270183674,0.83190215,1.2418467499999999,0.4099445999999999,True
DGP-0,153,sigma_eta,0.1562457416833446,0.164098089375,0.013632400553332232,0.00785234769165541,6.165936427064604e-05,0.139268825,0.19259574999999998,0.05332692499999997,True
DGP-0,153,nu,12.8628,11.15107116125,2.069174387631234,-1.71172883875,2.9300156174084235,8.081354,16.086779999999997,8.005425999999998,True
DGP-0,154,mu,-0.59351125,-0.6550827507874999,0.2007903341838352,-0.061571500787499844,0.003791049709225094,-1.05628,-0.25146090000000076,0.8048190999999993,True
DGP-0,154,phi,0.9883567500000001,0.986847335625,0.0032174413064267227,-0.0015094143750000732,2.2783317554568616e-06,0.980167,0.992677025,0.01251002499999998,True
DGP-0,154,sigma_h,1.0268899999999999,1.029066715125,0.11263541978676507,0.0021767151250000616,4.738088735404034e-06,0.85097055,1.2909007499999998,0.4399301999999998,True
DGP-0,154,sigma_eta,0.1562457416833446,0.163439475625,0.013854718473895626,0.0071937339416554,5.174980802332494e-05,0.137595575,0.1915018,0.053906225,True
DGP-0,154,nu,12.8628,15.120406575,3.8568577969350764,2.2576065750000005,5.096787447483233,10.009640000000001,24.53454,14.524899999999999,True
DGP-0,155,mu,-0.59351125,-0.44342638218087493,0.23464163894949105,0.1500848678191251,0.022525467548284255,-0.8997498500000001,0.0405851249999998,0.9403349749999999,True
DGP-0,155,phi,0.9883567500000001,0.9889339291250001,0.0028206000955850047,0.0005771791249999936,3.331357423357582e-07,0.982971975,0.9940862,0.011114225000000033,True
DGP-0,155,sigma_h,1.0268899999999999,1.0994293121250003,0.12704734058795863,0.07253931212500042,0.005261951803568233,0.902474975,1.4030175,0.5005425250000001,True
DGP-0,155,sigma_eta,0.1562457416833446,0.159963247125,0.014134507225664722,0.0037175054416554165,1.3819846708737634e-05,0.13401559999999998,0.1892815,0.05526590000000001,True
DGP-0,155,nu,12.8628,16.512280009999998,4.367533192537386,3.6494800099999978,13.318704343389584,10.638852499999999,26.909057499999992,16.270204999999994,True
DGP-0,156,mu,-0.59351125,-0.45817218186958747,0.1824644953828052,0.13533906813041258,0.018316663362408458,-0.819819925,-0.09006043250000002,0.7297594924999999,True
DGP-0,156,phi,0.9883567500000001,0.986738142375,0.0033783275624181615,-0.0016186076250001014,2.6198906437084687e-06,0.979732525,0.99290515,0.013172625000000049,True
DGP-0,156,sigma_h,1.0268899999999999,0.9258931720000001,0.1025016807300006,-0.10099682799999976,0.010200359266061537,0.766519425,1.1649524999999998,0.3984330749999998,True
DGP-0,156,sigma_eta,0.1562457416833446,0.14754487662499996,0.013769054682657425,-0.008700865058344637,7.570505276352262e-05,0.12275955,0.17549125000000002,0.05273170000000002,True
DGP-0,156,nu,12.8628,12.46415150125,2.6676047096370827,-0.3986484987499992,0.1589206255556281,8.62774475,18.956622499999995,10.328877749999995,True
DGP-0,157,mu,-0.59351125,-0.5870563426523749,0.28636918134128764,0.006454907347625105,4.166582886642457e-05,-1.1282017500000001,-0.012827487500000113,1.1153742625,True
DGP-0,157,phi,0.9883567500000001,0.9911983625,0.0023664381451942978,0.0028416124999999237,8.074761600155816e-06,0.9862349,0.99546415,0.009229249999999967,True
DGP-0,157,sigma_h,1.0268899999999999,1.161544189125,0.14928956942122365,0.13465418912500016,0.018131750648911312,0.934607325,1.52193175,0.587324425,True
DGP-0,157,sigma_eta,0.1562457416833446,0.150180178,0.012312851999186063,-0.006065563683344599,3.67910627967089e-05,0.127479075,0.175356725,0.047877649999999994,True
DGP-0,157,nu,12.8628,14.705936038749998,3.8212497598809536,1.8431360387499982,3.397150457339035,9.749385499999999,23.577984999999998,13.8285995,True
DGP-0,158,mu,-0.59351125,-0.35258698141963746,0.24808795643652468,0.2409242685803626,0.058044503190982685,-0.8200891,0.15512382499999997,0.975212925,True
DGP-0,158,phi,0.9883567500000001,0.9897426794999999,0.0027595147767778224,0.0013859294999998273,1.920800578969771e-06,0.9838769,0.9947090749999999,0.010832174999999888,True
DGP-0,158,sigma_h,1.0268899999999999,1.114305552125,0.13946040620488,0.08741555212500018,0.007641478753318625,0.9103051000000001,1.4352245,0.5249193999999998,True
DGP-0,158,sigma_eta,0.1562457416833446,0.15564232050000001,0.01379106586699332,-0.0006034211833445824,3.641171245089761e-07,0.130000625,0.18423019999999998,0.054229574999999974,True
DGP-0,158,nu,12.8628,12.822375215,2.781428065148657,-0.040424785000000796,0.0016341632422962893,8.85688175,19.503369999999997,10.646488249999997,True
DGP-0,159,mu,-0.59351125,-0.531613412875,0.15444188319528665,0.06189783712500008,0.003831342240753038,-0.843218825,-0.2277689500000002,0.6154498749999998,True
DGP-0,159,phi,0.9883567500000001,0.98266620875,0.004012905900733838,-0.005690541250000125,3.2382259717952984e-05,0.97435165,0.98983915,0.015487499999999987,True
DGP-0,159,sigma_h,1.0268899999999999,0.9033351027500001,0.08730222834040574,-0.1235548972499998,0.015265812634458007,0.7629378,1.1031205000000002,0.34018270000000017,True
DGP-0,159,sigma_eta,0.1562457416833446,0.16508270525000002,0.014963767659573362,0.00883696356665542,7.809192507839528e-05,0.13742325,0.19609812499999998,0.05867487499999999,True
DGP-0,159,nu,12.8628,15.697508121250001,4.2607639959019705,2.834708121250001,8.03557013268071,10.0921425,26.47175249999999,16.379609999999992,True
DGP-0,160,mu,-0.59351125,-0.5893122404250001,0.2192076110289332,0.004199009574999968,1.763168141094141e-05,-1.0116382499999999,-0.1486794000000003,0.8629588499999996,True
DGP-0,160,phi,0.9883567500000001,0.9885007941249999,0.0030110179980221865,0.00014404412499979813,2.074870994695747e-08,0.98223695,0.9939034999999999,0.011666549999999942,True
DGP-0,160,sigma_h,1.0268899999999999,1.03791813875,0.12190095380629866,0.011028138750000194,0.00012161984428925583,0.847243975,1.3170387499999998,0.4697947749999998,True
DGP-0,160,sigma_eta,0.1562457416833446,0.15375439112499997,0.013777012293032243,-0.002491350558344624,6.206827604564069e-06,0.12800677500000002,0.181572175,0.053565399999999985,True
DGP-0,160,nu,12.8628,12.65731274875,2.645689432660194,-0.2054872512500001,0.04222501042628067,8.855893,19.09785249999999,10.241959499999991,True
DGP-0,161,mu,-0.59351125,-0.49128825616774996,0.19260343209011582,0.10222299383225009,0.01044954046802824,-0.867772975,-0.0970605425000001,0.7707124324999999,True
DGP-0,161,phi,0.9883567500000001,0.9868815215,0.0031962973225842972,-0.0014752285000001475,2.176299127212685e-06,0.980186825,0.9926400249999999,0.012453199999999942,True
DGP-0,161,sigma_h,1.0268899999999999,0.96979322225,0.10637779898375851,-0.05709677774999988,0.003260042029432882,0.802094825,1.2088545,0.406759675,True
DGP-0,161,sigma_eta,0.1562457416833446,0.153861805625,0.013289349995617039,-0.00238393605834461,5.683151130275636e-06,0.129059325,0.181006125,0.05194679999999999,True
DGP-0,161,nu,12.8628,13.4546015025,2.9833629944755873,0.5918015024999992,0.3502290183612565,9.2655145,20.785219999999995,11.519705499999995,True
DGP-0,162,mu,-0.59351125,-0.6130977541047499,0.22694655808035372,-0.019586504104749825,0.00038363114304538175,-1.04665,-0.15159970000000014,0.8950503,True
DGP-0,162,phi,0.9883567500000001,0.9879242555,0.0030062870810971293,-0.0004324945000001579,1.8705149253038655e-07,0.981492925,0.99333105,0.011838125000000033,True
DGP-0,162,sigma_h,1.0268899999999999,1.1080866445000002,0.12252115609736364,0.0811966445000003,0.006592895078059429,0.91436375,1.38829175,0.473928,True
DGP-0,162,sigma_eta,0.1562457416833446,0.16855415275000002,0.014164968131933435,0.012308411066655423,0.00015149698298576566,0.1420729,0.197948925,0.055876024999999996,True
DGP-0,162,nu,12.8628,17.865639955,5.323181029085377,5.002839954999999,25.028407615344392,11.022557500000001,30.99398999999999,19.971432499999988,True
DGP-0,163,mu,-0.59351125,-0.42781472989737496,0.3026848723586575,0.1656965201026251,0.02745533677411964,-1.0290375,0.18246514999999952,1.2115026499999995,True
DGP-0,163,phi,0.9883567500000001,0.99229032025,0.002144278884131342,0.0039335702499998515,1.5472974911683894e-05,0.9877098249999999,0.996077075,0.008367250000000048,True
DGP-0,163,sigma_h,1.0268899999999999,1.17828063075,0.15781884527013387,0.15139063075000014,0.02291912307888289,0.944776875,1.5549122499999999,0.6101353749999999,True
DGP-0,163,sigma_eta,0.1562457416833446,0.142388839125,0.011849249298810555,-0.013856902558344597,0.00019201374851145705,0.120352425,0.16683429999999996,0.046481874999999964,True
DGP-0,163,nu,12.8628,13.98261336625,3.067871120051621,1.1198133662499998,1.2539819752321562,9.60755975,21.426949999999994,11.819390249999994,True
DGP-0,164,mu,-0.59351125,-0.44220255937524994,0.25309848613274755,0.1513086906247501,0.022894319858576342,-0.92837375,0.08001743499999976,1.0083911849999998,True
DGP-0,164,phi,0.9883567500000001,0.9886183598749999,0.002836881186439297,0.0002616098749997908,6.843972669740619e-08,0.9827894500000001,0.99371665,0.010927199999999915,True
DGP-0,164,sigma_h,1.0268899999999999,1.2091298015,0.13784391823183673,0.1822398015000002,0.03321134525075947,0.996243375,1.5326662499999997,0.5364228749999996,True
DGP-0,164,sigma_eta,0.1562457416833446,0.178439315125,0.014420815523050872,0.0221935734416554,0.000492554702110152,0.15186885,0.20863599999999996,0.05676714999999996,True
DGP-0,164,nu,12.8628,10.581134845000001,2.005607165967609,-2.281665154999999,5.205995879541169,7.63902225,15.315052499999998,7.676030249999998,True
DGP-0,165,mu,-0.59351125,-0.44326592414425,0.21587806678461344,0.15024532585575007,0.02257365794150052,-0.864444875,-0.017236720000000018,0.847208155,True
DGP-0,165,phi,0.9883567500000001,0.9867102075,0.003221351823208676,-0.00164654250000007,2.7111022043064804e-06,0.97988285,0.99266215,0.012779300000000049,True
DGP-0,165,sigma_h,1.0268899999999999,1.07873361475,0.11654431685423236,0.0518436147500001,0.002687760390346428,0.89483975,1.3583937499999998,0.4635539999999998,True
DGP-0,165,sigma_eta,0.1562457416833446,0.172247898125,0.014332368340971395,0.016002156441655396,0.0002560690107832133,0.146233,0.20180904999999996,0.05557604999999996,True
DGP-0,165,nu,12.8628,14.72343919,3.56014941181523,1.8606391900000006,3.461978195363858,9.847083,23.640919999999994,13.793836999999995,True
DGP-0,166,mu,-0.59351125,-0.6123183572583251,0.23824870134960333,-0.018807107258325018,0.0003537072834261416,-1.087373,-0.13978130000000008,0.9475916999999998,True
DGP-0,166,phi,0.9883567500000001,0.9881171236249999,0.0030016137894072013,-0.00023962637500019035,5.742079959573185e-08,0.9818048,0.9935391499999999,0.011734349999999893,True
DGP-0,166,sigma_h,1.0268899999999999,1.13794233525,0.12682781249711736,0.11105233525000013,0.012332621164478422,0.942136975,1.4337914999999999,0.49165452499999984,True
DGP-0,166,sigma_eta,0.1562457416833446,0.17167783387499996,0.015147753749508025,0.015432092191655367,0.00023814946941175054,0.143998875,0.2021314,0.05813252499999999,True
DGP-0,166,nu,12.8628,12.95226055875,2.835787791683584,0.08946055874999992,0.008003191571862188,8.957823,19.73051,10.772687,True
DGP-0,167,mu,-0.59351125,-0.533393291400575,0.27622503310920304,0.060117958599425037,0.0036141689461621825,-1.06455725,0.03934452499999944,1.1039017749999995,True
DGP-0,167,phi,0.9883567500000001,0.99143938925,0.002259082180946938,0.0030826392499998523,9.502664745639652e-06,0.986706825,0.99558515,0.008878325000000076,True
DGP-0,167,sigma_h,1.0268899999999999,1.1504409715,0.15048120341773566,0.12355097150000005,0.015264842558593825,0.92832875,1.510215,0.58188625,True
DGP-0,167,sigma_eta,0.1562457416833446,0.14671744662499997,0.011218690965739908,-0.009528295058344627,9.078840671887464e-05,0.125653725,0.169527125,0.04387340000000001,True
DGP-0,167,nu,12.8628,19.43655938625,5.921938307206342,6.57375938625,43.21431246830998,11.7715125,34.44598749999992,22.674474999999923,True
DGP-0,168,mu,-0.59351125,-0.501279551591125,0.19434250533303088,0.09223169840887502,0.00850668619138568,-0.881708225,-0.09978596750000025,0.7819222574999998,True
DGP-0,168,phi,0.9883567500000001,0.9862121655,0.003344158212222965,-0.002144584500000102,4.599242677640687e-06,0.9793534749999999,0.9926011499999999,0.013247675000000014,True
DGP-0,168,sigma_h,1.0268899999999999,1.0002424719999998,0.10898789311199014,-0.02664752800000003,0.0007100907485107857,0.831644475,1.2530764999999997,0.42143202499999965,True
DGP-0,168,sigma_eta,0.1562457416833446,0.16264622225,0.014064539196884749,0.006400480566655403,4.096615148413347e-05,0.136629725,0.19166699999999998,0.05503727499999997,True
DGP-0,168,nu,12.8628,15.068310856250001,3.9210759916603313,2.205510856250001,4.864278137036613,9.867667749999999,24.6858025,14.818134750000002,True
DGP-0,169,mu,-0.59351125,-0.79643263173375,0.20626644176129455,-0.20292138173374996,0.041177087164734276,-1.1944665,-0.3838105250000001,0.810655975,True
DGP-0,169,phi,0.9883567500000001,0.9876129732500001,0.0032262128202707957,-0.0007437767500000358,5.532038538406158e-07,0.9808042,0.993283025,0.012478824999999971,True
DGP-0,169,sigma_h,1.0268899999999999,1.0109284138749999,0.1130133422247377,-0.015961586124999982,0.00025477223162579196,0.834496825,1.27103375,0.43653692499999996,True
DGP-0,169,sigma_eta,0.1562457416833446,0.15559727062500003,0.014346195045304586,-0.000648471058344563,4.205147135105176e-07,0.128988475,0.185650525,0.05666205000000002,True
DGP-0,169,nu,12.8628,16.812263759999997,4.644174431273139,3.949463759999997,15.598263991553313,10.603792499999999,28.346392499999997,17.742599999999996,True
DGP-0,170,mu,-0.59351125,-0.9995488429874999,0.1986517899674131,-0.40603759298749986,0.1648665269190826,-1.390701,-0.5990409000000003,0.7916600999999996,False
DGP-0,170,phi,0.9883567500000001,0.9861162695000001,0.0036200553043662996,-0.0022404805000000305,5.019752870880387e-06,0.978237675,0.99258015,0.014342474999999966,True
DGP-0,170,sigma_h,1.0268899999999999,1.0227221051250002,0.1099222204212113,-0.004167894874999689,1.7371347689048674e-05,0.8488866,1.27809125,0.42920464999999985,True
DGP-0,170,sigma_eta,0.1562457416833446,0.166780089375,0.016734919203710886,0.010534347691655399,0.00011097248128868544,0.136346875,0.2019566,0.06560972499999998,True
DGP-0,170,nu,12.8628,12.52136850375,2.7761989226440007,-0.34143149624999936,0.11657546663151333,8.611693500000001,19.32745,10.715756499999998,True
DGP-0,171,mu,-0.59351125,-0.5685874842824999,0.186393260516707,0.0249237657175001,0.0006211940975408333,-0.924808025,-0.19562770000000018,0.7291803249999999,True
DGP-0,171,phi,0.9883567500000001,0.986409761375,0.0034232184490259787,-0.00194698862500009,3.7907647058797415e-06,0.9791649,0.992554475,0.013389575000000042,True
DGP-0,171,sigma_h,1.0268899999999999,0.97441351725,0.10588642898618729,-0.05247648274999983,0.00275378124181103,0.809256925,1.21682425,0.4075673249999999,True
DGP-0,171,sigma_eta,0.1562457416833446,0.157275447625,0.014655492454311853,0.0010297059416554122,1.0602943262804592e-06,0.130458725,0.18760764999999993,0.057148924999999934,True
DGP-0,171,nu,12.8628,11.23104986625,2.1680466977288186,-1.6317501337499998,2.662608498993142,8.00094075,16.451582499999997,8.450641749999997,True
DGP-0,172,mu,-0.59351125,-0.76224615057125,0.20682794276143085,-0.16873490057124996,0.02847146667078961,-1.1630555,-0.3363840500000001,0.8266714499999999,True
DGP-0,172,phi,0.9883567500000001,0.986393774875,0.003334567147539755,-0.0019629751250000993,3.853271341369156e-06,0.9793378,0.992464075,0.013126274999999965,True
DGP-0,172,sigma_h,1.0268899999999999,1.054863663625,0.1150986772465195,0.02797366362500009,0.0007825258566046532,0.87692585,1.319273,0.4423471499999999,True
DGP-0,172,sigma_eta,0.1562457416833446,0.170342737875,0.01443149876403132,0.014096996191655414,0.00019872530162754726,0.143935525,0.20104709999999998,0.05711157499999997,True
DGP-0,172,nu,12.8628,15.166566835000001,3.9868632036771667,2.303766835000001,5.307341630045922,9.849025,24.879574999999996,15.030549999999996,True
DGP-0,173,mu,-0.59351125,-0.29701888181475,0.19543296835619323,0.29649236818525004,0.08790772439209787,-0.6759650749999999,0.10688062499999997,0.7828456999999999,True
DGP-0,173,phi,0.9883567500000001,0.9870558154999999,0.003340443053126883,-0.0013009345000002392,1.6924305732908725e-06,0.9799528,0.993125125,0.013172325000000096,True
DGP-0,173,sigma_h,1.0268899999999999,0.9791264431250001,0.10800140735362924,-0.04776355687499978,0.0022813573653513385,0.811203625,1.2347329999999999,0.4235293749999999,True
DGP-0,173,sigma_eta,0.1562457416833446,0.15413338775,0.014933825739066348,-0.0021123539333446073,4.462039139716434e-06,0.126967925,0.18524015,0.05827222499999998,True
DGP-0,173,nu,12.8628,16.7211288725,4.502137533491893,3.8583288724999996,14.886701688367118,10.7447375,28.062394999999984,17.317657499999985,True
DGP-0,174,mu,-0.59351125,-0.5384827938925,0.2022261055488645,0.05502845610750007,0.0030281309815750617,-0.9450637999999999,-0.124799725,0.8202640749999999,True
DGP-0,174,phi,0.9883567500000001,0.9871026462499999,0.003239355063398312,-0.001254103750000235,1.572776215764652e-06,0.980313775,0.99301505,0.012701274999999956,True
DGP-0,174,sigma_h,1.0268899999999999,1.0182937832499999,0.11193935977417573,-0.008596216749999996,7.38949424129805e-05,0.839583525,1.2767709999999999,0.4371874749999999,True
DGP-0,174,sigma_eta,0.1562457416833446,0.16008017875,0.014471282875631888,0.0038344370666553995,1.4702907618140866e-05,0.1334629,0.18979264999999998,0.056329749999999984,True
DGP-0,174,nu,12.8628,17.26346606875,4.949846397284594,4.400666068749999,19.36586184864757,10.8418,29.679982499999973,18.838182499999974,True
DGP-0,175,mu,-0.59351125,-0.6379151773814999,0.2443937243429334,-0.0444039273814999,0.0019717087669015162,-1.109228,-0.13844317500000003,0.9707848250000001,True
DGP-0,175,phi,0.9883567500000001,0.98981734425,0.0028440498398724294,0.0014605942499998914,2.1333355631327452e-06,0.9837629750000001,0.994851025,0.011088049999999905,True
DGP-0,175,sigma_h,1.0268899999999999,1.059595710375,0.1349103755988342,0.03270571037500014,0.0010696634911333918,0.85625535,1.3728212499999997,0.5165658999999997,True
DGP-0,175,sigma_eta,0.1562457416833446,0.14730052274999997,0.013996091140337489,-0.008945218933344629,8.001694176546722e-05,0.122030475,0.176715075,0.0546846,True
DGP-0,175,nu,12.8628,10.392942812500001,1.8051623912463004,-2.469857187499999,6.100194526645405,7.6892665,14.559759999999995,6.870493499999996,True
DGP-0,176,mu,-0.59351125,-0.5180499776556375,0.2124474360750776,0.0754612723443625,0.00569440362383005,-0.93808675,-0.09693518000000019,0.8411515699999997,True
DGP-0,176,phi,0.9883567500000001,0.9879894763750001,0.0030176584734732115,-0.0003672736249999975,1.348899156206388e-07,0.981651725,0.993421025,0.011769299999999983,True
DGP-0,176,sigma_h,1.0268899999999999,1.0616930299999998,0.11878590741654793,0.03480302999999996,0.001211250897180897,0.880100125,1.3429474999999995,0.4628473749999995,True
DGP-0,176,sigma_eta,0.1562457416833446,0.16105075475,0.014386070948847382,0.0048050130666554,2.3088150570729133e-05,0.13489272500000002,0.19120325000000002,0.056310525,True
DGP-0,176,nu,12.8628,14.63459220875,3.691016702400439,1.77179220875,3.1392476309872035,9.691201000000001,23.791894999999993,14.100693999999992,True
DGP-0,177,mu,-0.59351125,-0.479337053323375,0.2705037928491833,0.11417419667662504,0.013035747186752655,-1.0202309999999999,0.05189675999999985,1.0721277599999997,True
DGP-0,177,phi,0.9883567500000001,0.990647745125,0.0024307878511114194,0.0022909951249998617,5.248658662773132e-06,0.98560695,0.994988,0.009381050000000002,True
DGP-0,177,sigma_h,1.0268899999999999,1.17978764875,0.143393189633422,0.15289764875000023,0.023377690993278445,0.956850825,1.518193,0.5613421749999999,True
DGP-0,177,sigma_eta,0.1562457416833446,0.15757728887500003,0.012933526037130993,0.00133154719165543,1.7730179236054624e-06,0.13366792500000002,0.18441215,0.050744224999999976,True
DGP-0,177,nu,12.8628,17.53137788,4.954661165913041,4.668577880000001,21.795619421625304,11.072659999999999,29.6964975,18.6238375,True
DGP-0,178,mu,-0.59351125,-0.5365657565025,0.17166385979527066,0.0569454934975,0.0032427892296738145,-0.8718390500000001,-0.1915955250000001,0.680243525,True
DGP-0,178,phi,0.9883567500000001,0.984221912125,0.0036969993346852342,-0.00413483787500013,1.7096884252535594e-05,0.976369975,0.99094705,0.01457707500000005,True
DGP-0,178,sigma_h,1.0268899999999999,0.96252603825,0.09525813467460272,-0.06436396174999981,0.004142719572155439,0.8073637,1.178146,0.3707822999999999,True
DGP-0,178,sigma_eta,0.1562457416833446,0.16780206587500002,0.015215204675445545,0.01155632419165542,0.0001335486288226403,0.13935,0.198905075,0.059555074999999985,True
DGP-0,178,nu,12.8628,17.9999192975,5.322797675660006,5.1371192975,26.389994676746895,11.140185,31.13129499999999,19.991109999999992,True
DGP-0,179,mu,-0.59351125,-0.389334238056375,0.1666177996174966,0.20417701194362503,0.0416882522062272,-0.715883325,-0.060486612500000085,0.6553967124999999,True
DGP-0,179,phi,0.9883567500000001,0.982402507375,0.003907381219524778,-0.005954242625000106,3.545300523736815e-05,0.97408175,0.9895280249999999,0.015446274999999954,True
DGP-0,179,sigma_h,1.0268899999999999,0.949369432125,0.089537035565232,-0.07752056787499984,0.006009438443662456,0.805430375,1.15825275,0.3528223749999999,True
DGP-0,179,sigma_eta,0.1562457416833446,0.175001592125,0.015337791341093275,0.018755850441655397,0.00035178192578974495,0.146633825,0.20633819999999997,0.059704374999999976,True
DGP-0,179,nu,12.8628,14.220596961250001,3.3653091703270537,1.357796961250001,1.8436125879797365,9.548538500000001,22.288504999999997,12.739966499999996,True
DGP-0,180,mu,-0.59351125,-0.34104929605099993,0.26323964837584385,0.2524619539490001,0.06373703819174706,-0.864046425,0.18427814999999967,1.0483245749999996,True
DGP-0,180,phi,0.9883567500000001,0.9914049218749998,0.002453767770807909,0.0030481718749997277,9.291351779539356e-06,0.986247775,0.995718025,0.009470249999999902,True
DGP-0,180,sigma_h,1.0268899999999999,1.0408526409999999,0.14548971501524435,0.013962640999999998,0.00019495534369488095,0.8278035499999999,1.3766272499999999,0.5488236999999999,True
DGP-0,180,sigma_eta,0.1562457416833446,0.132611796,0.012182600294899162,-0.023633945683344593,0.0005585633885632826,0.110660125,0.15831030000000001,0.04765017500000002,True
DGP-0,180,nu,12.8628,10.62119747375,1.8248130757376981,-2.2416025262500003,5.024781885690383,7.84186525,14.959464999999994,7.117599749999995,True
DGP-0,181,mu,-0.59351125,-0.730831151892875,0.2768339650114838,-0.1373199018928749,0.01885675545586879,-1.2717272499999999,-0.16854887500000024,1.1031783749999997,True
DGP-0,181,phi,0.9883567500000001,0.9907820194999999,0.0024996492037158845,0.0024252694999997715,5.8819321476291416e-06,0.9854919000000001,0.995340025,0.009848124999999874,True
DGP-0,181,sigma_h,1.0268899999999999,1.1822016055000002,0.15172491134994323,0.15531160550000034,0.024121694802987734,0.9524289,1.5458197499999997,0.5933908499999997,True
DGP-0,181,sigma_eta,0.1562457416833446,0.15639206712499998,0.013159206443794324,0.00014632544165538164,2.1411134875642496e-08,0.13233150000000002,0.18353605,0.05120454999999999,True
DGP-0,181,nu,12.8628,13.0697177825,2.901679201863108,0.2069177824999997,0.04281496871471718,8.937956999999999,20.3841075,11.4461505,True
DGP-0,182,mu,-0.59351125,-0.371332231524,0.1487646036826167,0.22217901847600002,0.04936351625095876,-0.6636407,-0.06403814750000009,0.5996025524999999,True
DGP-0,182,phi,0.9883567500000001,0.984155042375,0.003990693223787084,-0.004201707625000162,1.76543469659845e-05,0.975481175,0.9913402,0.015859025000000027,True
DGP-0,182,sigma_h,1.0268899999999999,0.8070482051250001,0.08564003438080021,-0.21984179487499977,0.04833041477386148,0.668137325,0.9993602749999999,0.3312229499999999,False
DGP-0,182,sigma_eta,0.1562457416833446,0.1407187149,0.01426023468061803,-0.015527026783344583,0.00024108856073070002,0.114841,0.17147915,0.05663815,True
DGP-0,182,nu,12.8628,16.40583095625,4.4336674409671994,3.54303095625,12.55306835694579,10.404465,27.385939999999994,16.981474999999996,True
DGP-0,183,mu,-0.59351125,-0.6727018003803751,0.21431841412876937,-0.07919055038037504,0.006271143269546716,-1.0820945,-0.25018927500000004,0.8319052249999999,True
DGP-0,183,phi,0.9883567500000001,0.987686460125,0.003065214771652964,-0.000670289875000063,4.492885165276001e-07,0.9813999750000001,0.99320705,0.01180707499999989,True
DGP-0,183,sigma_h,1.0268899999999999,1.040633763375,0.1160832391150325,0.013743763375000162,0.00018889103170799585,0.8592398499999999,1.3120387499999997,0.4527988999999998,True
DGP-0,183,sigma_eta,0.1562457416833446,0.159819860125,0.013696425753216116,0.003574118441655394,1.2774322634981182e-05,0.134847925,0.1884213,0.053573375000000006,True
DGP-0,183,nu,12.8628,11.033159173749999,1.9549197405465915,-1.8296408262500012,3.3475855530807874,8.09338,15.705734999999994,7.612354999999994,True
DGP-0,184,mu,-0.59351125,-0.1160570524730625,0.2715874323175379,0.4774541975269375,0.22796251073609186,-0.6373494249999999,0.4419105999999991,1.079260024999999,True
DGP-0,184,phi,0.9883567500000001,0.9916347443750001,0.0023783408537640153,0.003277994374999982,1.0745247122531522e-05,0.9865158749999999,0.995863075,0.009347200000000111,True
DGP-0,184,sigma_h,1.0268899999999999,1.1067277771250001,0.14925671462084839,0.07983777712500029,0.006374070656261219,0.8823764,1.46371025,0.5813338500000002,True
DGP-0,184,sigma_eta,0.1562457416833446,0.139194339625,0.012274807960558423,-0.0170514020583446,0.00029075031215531846,0.116276925,0.16461237499999998,0.048335449999999974,True
DGP-0,184,nu,12.8628,14.71541456375,3.3085656341855185,1.8526145637500004,3.4321807218186047,10.00359075,22.59912749999999,12.59553674999999,True
DGP-0,185,mu,-0.59351125,-0.36778896908625003,0.1614241743001851,0.22572228091375002,0.05095054810090587,-0.68237725,-0.03937856500000024,0.6429986849999998,True
DGP-0,185,phi,0.9883567500000001,0.98315062725,0.0038012711499381176,-0.005206122750000097,2.7103714088068575e-05,0.9750458,0.9900144999999999,0.014968699999999946,True
DGP-0,185,sigma_h,1.0268899999999999,0.9260832135,0.08740120195079255,-0.10080678649999986,0.010162008204456553,0.7820178,1.1238022499999998,0.3417844499999998,True
DGP-0,185,sigma_eta,0.1562457416833446,0.16700198075,0.01459250372674293,0.010756239066655404,0.00011569667885904391,0.140245475,0.196744025,0.05649854999999998,True
DGP-0,185,nu,12.8628,16.372163668749998,4.695459748152554,3.509363668749998,12.315633359542446,10.261055,27.89923,17.638174999999997,True
DGP-0,186,mu,-0.59351125,-0.28468297097662504,0.22283851435852722,0.308828279023375,0.09537490592453957,-0.717905375,0.16622759999999945,0.8841329749999994,True
DGP-0,186,phi,0.9883567500000001,0.987959621125,0.002998417667060745,-0.00039712887500009675,1.5771134335884247e-07,0.98158895,0.99344705,0.011858099999999983,True
DGP-0,186,sigma_h,1.0268899999999999,1.0727348312499998,0.12248597193176769,0.04584483124999994,0.002101748552340971,0.884675675,1.3560055,0.471329825,True
DGP-0,186,sigma_eta,0.1562457416833446,0.16287842925,0.01381761056311668,0.006632687566655415,4.399254435686533e-05,0.1374188,0.1917829,0.0543641,True
DGP-0,186,nu,12.8628,11.48073386375,2.2931357800550387,-1.3820661362499997,1.9101068049690029,8.191405750000001,16.98830999999999,8.79690424999999,True
DGP-0,187,mu,-0.59351125,-0.55019361211,0.16726929398395884,0.043317637890000094,0.0018764177523691718,-0.8718371749999999,-0.20524360000000033,0.6665935749999996,True
DGP-0,187,phi,0.9883567500000001,0.9855276528750001,0.0038309154408272417,-0.002829097125000013,8.003790542683339e-06,0.9773019000000001,0.992313125,0.015011224999999961,True
DGP-0,187,sigma_h,1.0268899999999999,0.8700642241250001,0.09351539801489447,-0.1568257758749998,0.024594323978795667,0.71916435,1.0800542499999997,0.36088989999999965,True
DGP-0,187,sigma_eta,0.1562457416833446,0.144804548875,0.015062110973025386,-0.011441192808344602,0.00013090089287771625,0.11698932499999999,0.17608024999999997,0.059090924999999975,True
DGP-0,187,nu,12.8628,10.1471922425,1.7363799304458623,-2.715607757500001,7.374525492594183,7.558230249999999,14.2760125,6.717782250000001,True
DGP-0,188,mu,-0.59351125,-0.455168983702625,0.21039475521237933,0.13834226629737506,0.019138582644293835,-0.8698691249999999,-0.027658695000000226,0.8422104299999997,True
DGP-0,188,phi,0.9883567500000001,0.98678004875,0.003234505352288459,-0.0015767012500000899,2.4859868317518457e-06,0.9800417499999999,0.992556025,0.01251427500000002,True
DGP-0,188,sigma_h,1.0268899999999999,1.0682286778749999,0.11247161834039454,0.04133867787500001,0.0017088862884530151,0.8891854,1.3251639999999998,0.43597859999999977,True
DGP-0,188,sigma_eta,0.1562457416833446,0.1702051015,0.015015539908492824,0.013959359816655414,0.0001948637264908539,0.1421721,0.20110255,0.058930449999999995,True
DGP-0,188,nu,12.8628,9.766600409999999,1.6399638366437062,-3.0961995900000012,9.586451901116176,7.31140525,13.733462499999996,6.422057249999996,True
DGP-0,189,mu,-0.59351125,-0.5069227880326249,0.20832995097839904,0.08658846196737513,0.0074975617458755694,-0.9201226,-0.09227893500000002,0.827843665,True
DGP-0,189,phi,0.9883567500000001,0.98675410025,0.0032157318794700553,-0.001602649750000129,2.5684862211754764e-06,0.9800359750000001,0.9926470999999999,0.012611124999999834,True
DGP-0,189,sigma_h,1.0268899999999999,1.086594990875,0.11837775832416862,0.05970499087500025,0.0035646859353838634,0.9023782499999999,1.365242,0.46286375000000013,True
DGP-0,189,sigma_eta,0.1562457416833446,0.173191527125,0.014484097271438262,0.016945785441655398,0.00028715964423462,0.14635664999999998,0.202957425,0.05660077500000002,True
DGP-0,189,nu,12.8628,10.99999143375,2.1715482671927764,-1.8628085662499991,3.4700557544943775,7.89665525,16.233707499999994,8.337052249999994,True
DGP-0,190,mu,-0.59351125,-0.275482231032375,0.17406174344080988,0.31802901896762503,0.10114245690551,-0.620196475,0.0666800549999998,0.6868765299999997,True
DGP-0,190,phi,0.9883567500000001,0.9836948575,0.004058065098108495,-0.004661892500000153,2.1733241681557678e-05,0.974915725,0.9910440500000001,0.016128325000000054,True
DGP-0,190,sigma_h,1.0268899999999999,0.96395397525,0.09855474884397428,-0.06293602474999982,0.00396094321133259,0.8086971,1.19245175,0.3837546500000001,True
DGP-0,190,sigma_eta,0.1562457416833446,0.1704098835,0.01523098631962032,0.014164141816655401,0.00020062291340232618,0.142343425,0.20185134999999996,0.05950792499999996,True
DGP-0,190,nu,12.8628,15.31644781875,3.9215058671539778,2.4536478187499995,6.02038761845663,9.984548,25.063117499999997,15.078569499999997,True
DGP-0,191,mu,-0.59351125,-0.43220361754825,0.2729973979841525,0.16130763245175006,0.02602015228718889,-0.95264125,0.1234089499999996,1.0760501999999996,True
DGP-0,191,phi,0.9883567500000001,0.99049277975,0.0024398191679275046,0.0021360297499999348,4.562623092884784e-06,0.9854969499999999,0.9950480500000001,0.009551100000000146,True
DGP-0,191,sigma_h,1.0268899999999999,1.177761235625,0.14757695912334307,0.15087123562500016,0.022762129739014317,0.957804875,1.5275964999999998,0.5697916249999998,True
DGP-0,191,sigma_eta,0.1562457416833446,0.158497938625,0.012348237639495697,0.0022521969416554044,5.072391064001957e-06,0.135627825,0.18404335,0.04841552499999999,True
DGP-0,191,nu,12.8628,16.442577474999997,4.159402321690339,3.5797774749999967,12.814806770517352,10.7154525,26.759802499999996,16.044349999999994,True
DGP-0,192,mu,-0.59351125,-1.01370018375,0.20099660952116918,-0.4201889337499999,0.17655874004596178,-1.410405,-0.6071321000000004,0.8032728999999995,False
DGP-0,192,phi,0.9883567500000001,0.9866384425,0.0034967161240083873,-0.0017183075000001269,2.9525806645566862e-06,0.9789803,0.992797025,0.013816724999999974,True
DGP-0,192,sigma_h,1.0268899999999999,1.0340568701250001,0.11483874283767358,0.00716687012500028,5.136402738862153e-05,0.854315425,1.29367675,0.4393613249999999,True
DGP-0,192,sigma_eta,0.1562457416833446,0.16530470725000002,0.015981308179540205,0.00905896556665542,8.206485713784854e-05,0.13647405,0.19852175,0.06204769999999998,True
DGP-0,192,nu,12.8628,10.0129690825,1.7628421447256588,-2.8498309175000003,8.121536258338894,7.36517075,14.236649999999997,6.8714792499999975,True
DGP-0,193,mu,-0.59351125,-0.288748280094125,0.24839720120162495,0.30476296990587504,0.0928804678258493,-0.7673937249999999,0.2222041999999999,0.9895979249999998,True
DGP-0,193,phi,0.9883567500000001,0.98971063725,0.0026094859407116535,0.0013538872499998522,1.8330106857121624e-06,0.984307775,0.9944413,0.010133524999999977,True
DGP-0,193,sigma_h,1.0268899999999999,1.10649619675,0.13245731057766108,0.07960619675000014,0.006337146560999732,0.9026669,1.4174869999999997,0.5148200999999997,True
DGP-0,193,sigma_eta,0.1562457416833446,0.155076715125,0.012102524965220603,-0.0011690265583446102,1.3666230941150443e-06,0.132845875,0.1799598,0.047113925,True
DGP-0,193,nu,12.8628,14.9294898325,3.6450571087760033,2.0666898325,4.271206863758877,9.867286,23.957824999999996,14.090538999999996,True
DGP-0,194,mu,-0.59351125,-0.9375005871250001,0.17390306202159933,-0.343989337125,0.11832866405569692,-1.2752382500000001,-0.587145625,0.6880926250000001,True
DGP-0,194,phi,0.9883567500000001,0.9841240115000001,0.003594544888054228,-0.004232738500000055,1.7916075209382717e-05,0.97658665,0.990555525,0.013968874999999992,True
DGP-0,194,sigma_h,1.0268899999999999,0.9757385584999999,0.09573783457729249,-0.05115144149999995,0.0026164699675279173,0.821123525,1.196845,0.37572147499999997,True
DGP-0,194,sigma_eta,0.1562457416833446,0.17068382937499998,0.014069221570513848,0.014438087691655388,0.0002084583761919308,0.1442017,0.200350275,0.056148575000000006,True
DGP-0,194,nu,12.8628,15.522963938750001,4.034466132689702,2.660163938750001,7.0764721810259195,10.16325,25.461695,15.298445,True
DGP-0,195,mu,-0.59351125,-0.699850758425125,0.23410267421790312,-0.10633950842512496,0.011308091052097223,-1.15005025,-0.22730147500000017,0.9227487749999999,True
DGP-0,195,phi,0.9883567500000001,0.989424388125,0.002786833166897778,0.0010676381249998812,1.139851165953262e-06,0.98342805,0.994363025,0.010934974999999958,True
DGP-0,195,sigma_h,1.0268899999999999,1.053884092125,0.12679692823117797,0.026994092125000035,0.0007286810096529889,0.8579125000000001,1.3541637499999999,0.4962512499999998,True
DGP-0,195,sigma_eta,0.1562457416833446,0.1496590025,0.012861744574344521,-0.006586739183344598,4.3385133069407055e-05,0.125988975,0.17629932499999998,0.050310349999999976,True
DGP-0,195,nu,12.8628,10.845250657500001,1.9402837957824146,-2.017549342499999,4.070505349422177,7.9550245,15.525664999999995,7.570640499999994,True
DGP-0,196,mu,-0.59351125,-0.72466222298875,0.21257329793229615,-0.13115097298875,0.017200577715895834,-1.147929,-0.3062845500000001,0.8416444499999999,True
DGP-0,196,phi,0.9883567500000001,0.98850171425,0.002926157084429556,0.00014496424999987934,2.1014633778027514e-08,0.9821977000000001,0.993712025,0.011514324999999936,True
DGP-0,196,sigma_h,1.0268899999999999,1.028510964875,0.11872870983157433,0.001620964875000075,2.6275271259840086e-06,0.842147525,1.3028039999999996,0.4606564749999996,True
DGP-0,196,sigma_eta,0.1562457416833446,0.15257925287500002,0.01372309813224487,-0.0036664888083445812,1.3443140181716068e-05,0.1271077,0.18073704999999998,0.05362934999999999,True
DGP-0,196,nu,12.8628,9.58383671375,1.5246671576291273,-3.2789632862500007,10.751600232575404,7.206224499999999,13.220954999999998,6.014730499999999,True
DGP-0,197,mu,-0.59351125,-0.6645839254443751,0.28494657973071985,-0.07107267544437501,0.005051325194821467,-1.213352,-0.08276875750000046,1.1305832424999995,True
DGP-0,197,phi,0.9883567500000001,0.991008474,0.002439967128113058,0.002651723999999911,7.0316401721755274e-06,0.985901375,0.995335075,0.00943369999999999,True
DGP-0,197,sigma_h,1.0268899999999999,1.2034722345,0.14957864333220133,0.1765822345000001,0.031181285541013026,0.9736656,1.5546007499999999,0.5809351499999998,True
DGP-0,197,sigma_eta,0.1562457416833446,0.15738075337500002,0.01356856018001619,0.0011350116916554187,1.2882515401944953e-06,0.132359475,0.1855101,0.05315062500000001,True
DGP-0,197,nu,12.8628,14.61014376375,3.490032962364073,1.7473437637499991,3.0532102287160128,9.76087725,23.486857499999996,13.725980249999996,True
DGP-0,198,mu,-0.59351125,-0.22790170753590253,0.24468505577384025,0.3656095424640975,0.1336703375408067,-0.70162985,0.2605267999999998,0.9621566499999998,True
DGP-0,198,phi,0.9883567500000001,0.9898298379999999,0.002659918564092132,0.0014730879999997892,2.1699882557433792e-06,0.9842069750000001,0.994673025,0.010466049999999893,True
DGP-0,198,sigma_h,1.0268899999999999,1.052324914375,0.12972020702906314,0.025434914375000117,0.0006469348692635876,0.853887925,1.3593627499999998,0.5054748249999998,True
DGP-0,198,sigma_eta,0.1562457416833446,0.146514683625,0.012565254255340181,-0.009731058058344594,9.469349093487326e-05,0.1238249,0.172746075,0.048921175,True
DGP-0,198,nu,12.8628,14.71926199875,3.5329890979157743,1.8564619987499995,3.446451152802843,9.792713,23.251434999999994,13.458721999999995,True
DGP-0,199,mu,-0.59351125,-0.28654107130650003,0.19550535126605273,0.3069701786935,0.09423069060711933,-0.6840627499999999,0.1148430249999998,0.7989057749999997,True
DGP-0,199,phi,0.9883567500000001,0.9872226624999999,0.003178817552050197,-0.0011340875000002137,1.2861544576567349e-06,0.9803688,0.9929290249999999,0.01256022499999987,True
DGP-0,199,sigma_h,1.0268899999999999,0.996808478875,0.10932419431259059,-0.030081521124999844,0.0009048979131938119,0.8253716,1.2475162499999999,0.4221446499999999,True
DGP-0,199,sigma_eta,0.1562457416833446,0.1559940775,0.013555626762643982,-0.00025166418334460205,6.333486117850547e-08,0.13143825,0.18400505,0.0525668,True
DGP-0,199,nu,12.8628,12.88380229,2.790298937456286,0.0210022900000002,0.00044109618524410844,8.83252325,19.558652499999994,10.726129249999994,True
DGP-0,200,mu,-0.59351125,-0.20452447621562497,0.2544404899989858,0.3889867737843751,0.15131071017917658,-0.691191875,0.30165082499999996,0.9928427,True
DGP-0,200,phi,0.9883567500000001,0.9900056947500001,0.002758312510722958,0.001648944749999992,2.7190187885525362e-06,0.984150925,0.9949072,0.010756274999999982,True
DGP-0,200,sigma_h,1.0268899999999999,1.10270461575,0.138652799922897,0.07581461575000015,0.005747855961320171,0.8908534499999999,1.42082775,0.5299743,True
DGP-0,200,sigma_eta,0.1562457416833446,0.151912945375,0.013845376121078577,-0.0043327963083446,1.877312384960459e-05,0.12647055,0.18056104999999995,0.05409049999999996,True
DGP-0,200,nu,12.8628,10.4123463675,1.820776599986579,-2.4504536325000004,6.004723005032447,7.661351,14.6781225,7.016771500000001,True
DGP-N,1,mu,-0.5837904778234969,-0.61472464486075,0.2694489073003777,-0.030934167037253046,0.0009569226902886729,-1.1260235,-0.06843810250000021,1.0575853974999998,True
DGP-N,1,phi,0.9883567500000001,0.9909492192499999,0.0024297666314205637,0.002592469249999785,6.720896812194447e-06,0.985814975,0.995296,0.00948102499999992,True
DGP-N,1,sigma_h,1.0268899999999999,1.105937606,0.14385861146720128,0.07904760600000005,0.006248524014331244,0.885483425,1.4499119999999994,0.5644285749999994,True
DGP-N,1,sigma_eta,0.1562457416833446,0.14506625550000002,0.012687328315171081,-0.011179486183344578,0.0001249809113235923,0.12198389999999999,0.1715377,0.049553799999999995,True
DGP-N,1,nu,12.8628,11.9965423725,2.391682576869924,-0.8662576274999996,0.750402277201928,8.50091925,17.83588,9.334960749999999,True
DGP-N,2,mu,-0.5912586752658971,-0.453002817493325,0.1658569217660602,0.13825585777257215,0.0191146822084297,-0.7721862749999999,-0.11406555000000007,0.6581207249999999,True
DGP-N,2,phi,0.9883567500000001,0.9856893867500001,0.0035229201168481173,-0.0026673632500000544,7.114826707450852e-06,0.978232,0.99199225,0.01376025000000003,True
DGP-N,2,sigma_h,1.0268899999999999,0.88640789275,0.09234761627147788,-0.14048210724999988,0.01973522245740047,0.7368039,1.0957525,0.35894859999999995,True
DGP-N,2,sigma_eta,0.1562457416833446,0.146997948125,0.01400281733984685,-0.009247793558344597,8.552168569775983e-05,0.122164975,0.17672079999999998,0.05455582499999999,True
DGP-N,2,nu,12.8628,14.823816742500002,3.5886594819555038,1.9610167425000018,3.8455866643653183,9.89282025,23.658234999999987,13.765414749999987,True
DGP-N,3,mu,-0.5870458761364394,-0.7522389230125,0.1660015008310345,-0.1651930468760605,0.027288742736196327,-1.07765125,-0.41776455000000023,0.6598866999999997,True
DGP-N,3,phi,0.9883567500000001,0.9869590006250001,0.003515736519818316,-0.0013977493750000347,1.9537033153129874e-06,0.979395875,0.99320105,0.013805175000000003,True
DGP-N,3,sigma_h,1.0268899999999999,0.840144682125,0.09795720148214912,-0.18674531787499982,0.03487381374823473,0.68626995,1.07133,0.3850600499999999,True
DGP-N,3,sigma_eta,0.1562457416833446,0.132538344925,0.013776139011913179,-0.0237073967583446,0.0005620406610575681,0.10740185,0.161001475,0.05359962500000001,True
DGP-N,3,nu,12.8628,11.28802454875,2.111208967711383,-1.5747754512499998,2.4799177218596404,8.159859749999999,16.33838,8.178520250000002,True
DGP-N,4,mu,-0.5866103859999396,-0.85209693265,0.20747881524331402,-0.26548654665006033,0.07048310645217466,-1.2440705,-0.40980955000000024,0.8342609499999998,True
DGP-N,4,phi,0.9883567500000001,0.988328221625,0.0029081369007986167,-2.852837500011418e-05,8.138681801471398e-10,0.982260825,0.993656125,0.011395299999999997,True
DGP-N,4,sigma_h,1.0268899999999999,0.9635671255,0.11154155195340332,-0.06332287449999985,0.004009786434942731,0.790259125,1.2195207499999998,0.42926162499999987,True
DGP-N,4,sigma_eta,0.1562457416833446,0.14402460305,0.012375715223602741,-0.012221138633344591,0.00014935622949542772,0.12143077499999999,0.16999472499999999,0.048563949999999995,True
DGP-N,4,nu,12.8628,14.78956308625,3.8396550113899943,1.9267630862500003,3.712415990535626,9.7250375,24.05451999999999,14.32948249999999,True
DGP-N,5,mu,-0.5896570312956495,-0.6014129299500001,0.14882389989409148,-0.01175589865435056,0.00013820115317136132,-0.901394125,-0.30049545000000005,0.600898675,True
DGP-N,5,phi,0.9883567500000001,0.982848377875,0.004068561380518779,-0.005508372125000105,3.0342163467478172e-05,0.974151,0.990004025,0.015853024999999965,True
DGP-N,5,sigma_h,1.0268899999999999,0.8455948965,0.0814154598486558,-0.1812951034999999,0.032867914553075674,0.70897955,1.03319425,0.32421469999999997,True
DGP-N,5,sigma_eta,0.1562457416833446,0.15374986262499998,0.015168912063465585,-0.0024958790583446133,6.229412273883194e-06,0.126226375,0.185558125,0.05933174999999999,True
DGP-N,5,nu,12.8628,15.6137797625,3.9767630371144054,2.7509797625,7.567889653684557,10.137437499999999,25.226314999999996,15.088877499999997,True
DGP-N,6,mu,-0.5912135330225641,-0.629221593253375,0.21803678540792323,-0.038008060230810936,0.001444612642508952,-1.05513325,-0.18263882500000034,0.8724944249999995,True
DGP-N,6,phi,0.9883567500000001,0.988194833375,0.002965335657106295,-0.0001619166250000914,2.6216993451420227e-08,0.9819139499999999,0.9936511499999999,0.011737200000000003,True
DGP-N,6,sigma_h,1.0268899999999999,1.032804092375,0.11641006632821498,0.0059140923750000685,3.497648862003395e-05,0.853268125,1.315944,0.46267587499999996,True
DGP-N,6,sigma_eta,0.1562457416833446,0.15523929825,0.012950355481450458,-0.001006443433344606,1.0129283845224782e-06,0.1314192,0.1825185,0.051099299999999986,True
DGP-N,6,nu,12.8628,16.71796375625,4.6144129551512085,3.8551637562500005,14.862287587503614,10.6205575,28.061767499999988,17.441209999999987,True
DGP-N,7,mu,-0.5841673724064251,-0.94015737326875,0.2288811789885189,-0.3559900008623249,0.12672888071395808,-1.376103,-0.47361525,0.9024877500000001,True
DGP-N,7,phi,0.9883567500000001,0.989164193375,0.002861572627196225,0.0008074433749998278,6.519648038311125e-07,0.9831947750000001,0.994257,0.01106222499999987,True
DGP-N,7,sigma_h,1.0268899999999999,1.05108157075,0.12642352917257946,0.024191570750000224,0.0005852320953522664,0.8563215750000001,1.3414604999999995,0.48513892499999944,True
DGP-N,7,sigma_eta,0.1562457416833446,0.15109696687500002,0.013588936616539345,-0.005148774808344581,2.6509882027043772e-05,0.12585695,0.17885902499999998,0.05300207499999998,True
DGP-N,7,nu,12.8628,11.234258567500001,1.9976796717236474,-1.6285414324999987,2.652147197369148,8.2394365,16.046914999999995,7.807478499999995,True
DGP-N,8,mu,-0.5842141408750794,-0.5718480399746875,0.20632130473133314,0.012366100900391919,0.00015292045147867383,-0.972302025,-0.16275110000000012,0.8095509249999998,True
DGP-N,8,phi,0.9883567500000001,0.987721643875,0.0031008511921832836,-0.0006351061250000622,4.033597900125947e-07,0.98102895,0.9932610249999999,0.012232074999999898,True
DGP-N,8,sigma_h,1.0268899999999999,1.008433807375,0.11525044210420375,-0.018456192624999757,0.00034063104621109543,0.83110785,1.27697775,0.44586989999999993,True
DGP-N,8,sigma_eta,0.1562457416833446,0.154579041875,0.013533262499453204,-0.0016666998083446072,2.7778882511359504e-06,0.12945275,0.1829486,0.053495849999999984,True
DGP-N,8,nu,12.8628,8.744923492499998,1.2963673308605252,-4.117876507500002,16.956906931020413,6.71767175,11.781712500000001,5.064040750000001,False
DGP-N,9,mu,-0.5861481558785158,-0.7478912587462501,0.19251922152839876,-0.1617431028677343,0.02616083132528248,-1.1279620000000001,-0.3614338750000002,0.766528125,True
DGP-N,9,phi,0.9883567500000001,0.9860297287500001,0.0034448577802739877,-0.002327021250000061,5.415027897951846e-06,0.9786709499999999,0.9922542,0.013583250000000047,True
DGP-N,9,sigma_h,1.0268899999999999,1.004909891375,0.10713484883825629,-0.021980108624999772,0.0004831251751667894,0.8338655250000001,1.25316625,0.41930072499999993,True
DGP-N,9,sigma_eta,0.1562457416833446,0.164490578875,0.01427752201772596,0.00824483719165539,6.797734031690395e-05,0.138023675,0.194296475,0.056272799999999984,True
DGP-N,9,nu,12.8628,16.212281327499998,4.270611050389308,3.3494813274999977,11.219025163271146,10.52844,26.714929999999995,16.186489999999996,True
DGP-N,10,mu,-0.5926840143758872,-0.5018077366095001,0.22227810991931524,0.09087627776638718,0.008258497860673557,-0.9334162,-0.062085725000000126,0.8713304749999999,True
DGP-N,10,phi,0.9883567500000001,0.98531070925,0.0032785947437737983,-0.003046040750000145,9.278364250661448e-06,0.9785208249999999,0.991368075,0.012847250000000088,True
DGP-N,10,sigma_h,1.0268899999999999,1.211270203375,0.11974877657522924,0.18438020337500016,0.03399605939660642,1.0184125000000002,1.4848087499999998,0.4663962499999996,True
DGP-N,10,sigma_eta,0.1562457416833446,0.203858456375,0.0159709648274153,0.0476127146916554,0.002266970600308978,0.17367765,0.235428325,0.061750675000000005,False
DGP-N,10,nu,12.8628,14.59349736,3.91188088324371,1.7306973600000006,2.995313351910972,9.5049995,23.955764999999996,14.450765499999996,True
DGP-N,11,mu,-0.5897457151842851,-0.5511745966525,0.20281083977218756,0.038571118531785076,0.0014877311847930142,-0.93713955,-0.1383271250000002,0.7988124249999998,True
DGP-N,11,phi,0.9883567500000001,0.9884092405,0.003141269046828498,5.249049999989097e-05,2.755252590238554e-09,0.98162725,0.993939225,0.01231197500000003,True
DGP-N,11,sigma_h,1.0268899999999999,0.98028520925,0.11555468775725976,-0.0466047907499999,0.0021720065208512764,0.799999425,1.2424522499999997,0.4424528249999997,True
DGP-N,11,sigma_eta,0.1562457416833446,0.145788553375,0.01501712245296172,-0.010457188308344606,0.00010935278731617912,0.1180985,0.17665255,0.058554049999999996,True
DGP-N,11,nu,12.8628,12.1475620175,2.405249527936662,-0.7152379824999997,0.5115653716106698,8.61133325,18.009469999999993,9.398136749999994,True
DGP-N,12,mu,-0.5855411322376519,-0.778313032625,0.2351763203730311,-0.19277190038734804,0.037161005578949635,-1.23991725,-0.29709445000000007,0.9428227999999998,True
DGP-N,12,phi,0.9883567500000001,0.9887101720000001,0.002831072478953627,0.00035342199999999213,1.2490711008399443e-07,0.9828038,0.99385625,0.011052449999999991,True
DGP-N,12,sigma_h,1.0268899999999999,1.0843226615,0.12526860726856828,0.05743266150000004,0.0032985106069735866,0.88869545,1.3768567499999997,0.4881612999999997,True
DGP-N,12,sigma_eta,0.1562457416833446,0.15933641699999998,0.01299721822832949,0.0030906753166553835,9.552273912982856e-06,0.135631825,0.18615505,0.05052322499999998,True
DGP-N,12,nu,12.8628,12.429165174999998,2.631372705932036,-0.43363482500000217,0.18803916145278252,8.681969500000001,18.71307749999999,10.031107999999989,True
DGP-N,13,mu,-0.5870220056269456,-0.52582718176275,0.2573365885318133,0.06119482386419561,0.003744806467769925,-1.02560575,-0.003249091500000077,1.0223566585,True
DGP-N,13,phi,0.9883567500000001,0.989810100875,0.002630441704285459,0.0014533508749998703,2.1122287658628885e-06,0.9841409000000001,0.99456005,0.010419149999999933,True
DGP-N,13,sigma_h,1.0268899999999999,1.148816981,0.1404440166680237,0.1219269810000001,0.014866188695774385,0.93562685,1.4739177499999998,0.5382908999999998,True
DGP-N,13,sigma_eta,0.1562457416833446,0.16017253637499998,0.013100832592339443,0.003926794691655383,1.5419716550412896e-05,0.1360658,0.187338125,0.05127232500000001,True
DGP-N,13,nu,12.8628,13.27891746,2.8247977031062876,0.4161174600000006,0.17315374051685212,9.1156615,20.1109075,10.995246,True
DGP-N,14,mu,-0.5902517921080562,-0.7101784748387501,0.23264500330752066,-0.11992668273069385,0.014382409230788502,-1.15960475,-0.23298860000000005,0.9266161499999999,True
DGP-N,14,phi,0.9883567500000001,0.9893614391250001,0.002848305482310369,0.0010046891249999579,1.009400237893181e-06,0.98334195,0.99457425,0.011232299999999973,True
DGP-N,14,sigma_h,1.0268899999999999,1.0543598779999999,0.1307893813476424,0.027469878000000003,0.0007545941973348841,0.8548355000000001,1.3623545,0.5075189999999998,True
DGP-N,14,sigma_eta,0.1562457416833446,0.14999391499999998,0.013338084862349971,-0.006251826683344619,3.9085336878579776e-05,0.12544885,0.17745745,0.05200859999999999,True
DGP-N,14,nu,12.8628,12.35938938,2.4782424808064887,-0.5034106200000004,0.2534222523287848,8.72650825,18.280989999999992,9.554481749999992,True
DGP-N,15,mu,-0.5907636297627598,-0.5835420695246251,0.2658575257603387,0.007221560238134694,5.2150932273008026e-05,-1.0916172499999999,-0.05295622750000002,1.0386610225,True
DGP-N,15,phi,0.9883567500000001,0.9906602575,0.002639239997880934,0.0023035074999998573,5.306146802555593e-06,0.9851678500000001,0.995422075,0.01025422499999995,True
DGP-N,15,sigma_h,1.0268899999999999,1.124737557375,0.1465209874460643,0.09784755737500017,0.009574144484253951,0.903476025,1.476955,0.573478975,True
DGP-N,15,sigma_eta,0.1562457416833446,0.14963468037500002,0.014227021051469795,-0.0066110613083445735,4.3706131622690663e-05,0.12338444999999999,0.17926625000000002,0.05588180000000002,True
DGP-N,15,nu,12.8628,10.849904182499998,2.133421332725013,-2.0128958175000022,4.051749572109002,7.76197375,15.975049999999998,8.213076249999997,True
DGP-N,16,mu,-0.590252825581512,-0.70294223318125,0.24365538838216844,-0.112689407599738,0.012698902585179889,-1.181137,-0.21765127500000003,0.9634857250000001,True
DGP-N,16,phi,0.9883567500000001,0.988788520875,0.002893570897201479,0.00043177087499990385,1.864260884981826e-07,0.982711925,0.9939121,0.011200174999999923,True
DGP-N,16,sigma_h,1.0268899999999999,1.157267985,0.1336474781145573,0.1303779850000002,0.016998418972660276,0.951295275,1.4699167499999999,0.5186214749999999,True
DGP-N,16,sigma_eta,0.1562457416833446,0.169387060625,0.014564890571314599,0.013141318941655405,0.00017269426352631113,0.1420058,0.199241075,0.057235275,True
DGP-N,16,nu,12.8628,10.6097977875,2.0028615514988646,-2.2530022125,5.076018969529896,7.669417,15.324487499999996,7.655070499999996,True
DGP-N,17,mu,-0.590343573923875,-0.70538138844525,0.2077338004918574,-0.11503781452137496,0.013233698769854267,-1.11703125,-0.2875885500000005,0.8294426999999994,True
DGP-N,17,phi,0.9883567500000001,0.9871765746250001,0.00322832039371895,-0.0011801753750000366,1.3928139157564769e-06,0.980299775,0.99287815,0.01257837500000003,True
DGP-N,17,sigma_h,1.0268899999999999,1.026493205375,0.11308483827451911,-0.0003967946249998633,1.5744597442878214e-07,0.8447405,1.2839699999999998,0.43922949999999983,True
DGP-N,17,sigma_eta,0.1562457416833446,0.160916307625,0.014633388292970924,0.004670565941655408,2.1814186215351466e-05,0.13417722499999998,0.19114982499999997,0.056972599999999984,True
DGP-N,17,nu,12.8628,10.74241884625,2.0388269902985154,-2.1203811537499995,4.496016237178179,7.75187475,15.570482499999994,7.818607749999994,True
DGP-N,18,mu,-0.5848380345913127,-0.77953901052,0.19206498023045085,-0.1947009759286873,0.03790847002758327,-1.14849225,-0.3790384000000005,0.7694538499999997,True
DGP-N,18,phi,0.9883567500000001,0.9870053211250001,0.003282973795565772,-0.0013514288750000603,1.8263600041839285e-06,0.980016475,0.993024025,0.013007549999999979,True
DGP-N,18,sigma_h,1.0268899999999999,0.957630236375,0.10469054307209222,-0.06925976362499986,0.004796914857390854,0.7896439500000001,1.2025294999999998,0.4128855499999997,True
DGP-N,18,sigma_eta,0.1562457416833446,0.15118414775,0.014823385433307162,-0.005061593933344599,2.561973314607085e-05,0.12371779999999999,0.18246245,0.05874465000000001,True
DGP-N,18,nu,12.8628,14.707734960000002,3.6513423479123577,1.8449349600000016,3.4037850066302076,9.74498725,23.75177999999999,14.00679274999999,True
DGP-N,19,mu,-0.5842694775612709,-0.7316802055191249,0.23858020111421246,-0.14741072795785404,0.02172992271706445,-1.1911375,-0.2500790750000001,0.9410584249999998,True
DGP-N,19,phi,0.9883567500000001,0.9887771875,0.0029237076531604344,0.00042043749999987057,1.7676769140614116e-07,0.98253495,0.994017025,0.01148207499999998,True
DGP-N,19,sigma_h,1.0268899999999999,1.1051182805000002,0.13004273002908695,0.0782282805000003,0.006119663869986728,0.9024104,1.3999139999999999,0.49750359999999993,True
DGP-N,19,sigma_eta,0.1562457416833446,0.16170817812500002,0.013743516469285224,0.005462436441655422,2.9838211879125144e-05,0.13629697500000001,0.19069642499999997,0.05439944999999996,True
DGP-N,19,nu,12.8628,11.56879552375,2.291738066309018,-1.2940044762500005,1.674447584555038,8.24865875,17.099434999999996,8.850776249999996,True
DGP-N,20,mu,-0.5883720348133308,-0.77868527544,0.2141821040823912,-0.1903132406266692,0.0362191295578245,-1.1854255,-0.3335754,0.8518501,True
DGP-N,20,phi,0.9883567500000001,0.988536652875,0.002991494995761809,0.00017990287499991542,3.236504443323519e-08,0.9822659499999999,0.9938851,0.011619150000000023,True
DGP-N,20,sigma_h,1.0268899999999999,1.01007150525,0.11792729277866505,-0.016818494749999857,0.00028286176565577275,0.82621135,1.28045125,0.45423990000000003,True
DGP-N,20,sigma_eta,0.1562457416833446,0.149451790375,0.013413840362517039,-0.006793951308344592,4.61577743801572e-05,0.12471115,0.177409,0.052697850000000004,True
DGP-N,20,nu,12.8628,17.593930485,5.220277455098501,4.731130485000001,22.383595666096348,11.013412500000001,30.9266425,19.91323,True
DGP-N,21,mu,-0.589448600790017,-0.511381116685,0.24607060494664043,0.07806748410501707,0.006094532074487093,-0.9953604749999999,-0.004315702000000466,0.9910447729999995,True
DGP-N,21,phi,0.9883567500000001,0.989783883375,0.002790516910018957,0.0014271333749998893,2.0367096700385748e-06,0.9838739000000001,0.9949194,0.01104549999999993,True
DGP-N,21,sigma_h,1.0268899999999999,1.0793653085000001,0.13443292392886902,0.05247530850000026,0.0027536580021701998,0.8741155,1.4081974999999995,0.5340819999999995,True
DGP-N,21,sigma_eta,0.1562457416833446,0.15039733025000002,0.013678345212046025,-0.00584841143334458,3.420391629367561e-05,0.124897275,0.17827157500000002,0.05337430000000001,True
DGP-N,21,nu,12.8628,14.3390812525,3.387508652605701,1.4762812524999998,2.179406336482968,9.585966749999999,22.42783,12.841863250000001,True
DGP-N,22,mu,-0.5866685232440282,-0.6825551340550501,0.31261905699535475,-0.0958866108110219,0.009194242132824382,-1.2890965,-0.05507834250000012,1.2340181575,True
DGP-N,22,phi,0.9883567500000001,0.9919411231250002,0.00223630224582503,0.00358437312500004,1.2847730699222551e-05,0.9871509,0.99591045,0.00875954999999995,True
DGP-N,22,sigma_h,1.0268899999999999,1.265652778875,0.16571006939934207,0.2387627788750002,0.05700766457611224,1.0124995,1.6466584999999998,0.6341589999999997,True
DGP-N,22,sigma_eta,0.1562457416833446,0.15642737699999998,0.013160203960412465,0.0001816353166553819,3.299138825650086e-08,0.132386825,0.1833923,0.051005474999999995,True
DGP-N,22,nu,12.8628,10.37481237625,1.744657696935025,-2.4879876237499996,6.19008241593317,7.73239625,14.4884225,6.756026250000001,True
DGP-N,23,mu,-0.5876899807936833,-0.57411586960375,0.22265607797062384,0.013574111189933236,0.00018425649459667069,-0.9974869000000001,-0.11576775,0.8817191500000001,True
DGP-N,23,phi,0.9883567500000001,0.990010800625,0.002732054808254956,0.0016540506249999032,2.7358834700625702e-06,0.984227975,0.9948830249999999,0.010655049999999888,True
DGP-N,23,sigma_h,1.0268899999999999,0.9708959353750001,0.12237425246290039,-0.055994064624999784,0.0031353352732286523,0.781684775,1.2574522499999996,0.4757674749999996,True
DGP-N,23,sigma_eta,0.1562457416833446,0.1337909772,0.012345888641796695,-0.022454764483344603,0.0005042164480024742,0.11113935,0.159278175,0.048138824999999996,True
DGP-N,23,nu,12.8628,13.15562848375,2.748043055511705,0.29282848375000015,0.0857485208953241,9.214922,19.736159999999995,10.521237999999995,True
DGP-N,24,mu,-0.5861440678645058,-0.7827427882575,0.2023428756980553,-0.1965987203929942,0.038651056860162715,-1.1654045,-0.3708473500000006,0.7945571499999994,True
DGP-N,24,phi,0.9883567500000001,0.9886943416250001,0.0030160887910697875,0.00033759162500002216,1.1396810527015559e-07,0.98224715,0.994056025,0.011808875000000052,True
DGP-N,24,sigma_h,1.0268899999999999,0.952610793125,0.11673589013333574,-0.07427920687499989,0.005517400573979031,0.77576635,1.2266724999999998,0.4509061499999998,True
DGP-N,24,sigma_eta,0.1562457416833446,0.13978031249999998,0.012713562786221006,-0.01646542918334462,0.0002711103581917367,0.11659665,0.16595902499999998,0.049362374999999986,True
DGP-N,24,nu,12.8628,13.053058601250001,2.693966852845722,0.19025860125000094,0.036198335349606856,9.09299975,19.545554999999986,10.452555249999985,True
DGP-N,25,mu,-0.5904784927798535,-0.697113004802,0.25113283057912744,-0.10663451202214647,0.0113709191542013,-1.181324,-0.1869498250000001,0.9943741749999999,True
DGP-N,25,phi,0.9883567500000001,0.9911169725,0.002520851831918838,0.0027602224999998537,7.6188282495054424e-06,0.98578465,0.99562425,0.009839599999999948,True
DGP-N,25,sigma_h,1.0268899999999999,1.02577919475,0.13629566460386974,-0.0011108052499999577,1.2338883034274685e-06,0.820300725,1.3449957499999996,0.5246950249999996,True
DGP-N,25,sigma_eta,0.1562457416833446,0.13311591826249997,0.013296700753882144,-0.02312982342084463,0.0005349887314794528,0.108812525,0.16001489999999996,0.05120237499999997,True
DGP-N,25,nu,12.8628,10.43564576625,1.798619815526398,-2.4271542337500005,5.891077674410552,7.75981375,14.697362499999999,6.937548749999999,True
DGP-N,26,mu,-0.5915453585109021,-0.405426592237375,0.2692090566973037,0.18611876627352708,0.0346401951591798,-0.9266692000000001,0.15132154999999986,1.0779907499999999,True
DGP-N,26,phi,0.9883567500000001,0.991296326875,0.00241627787953427,0.002939576874999905,8.641112204034208e-06,0.9862235,0.9956310500000001,0.009407550000000042,True
DGP-N,26,sigma_h,1.0268899999999999,1.101978652375,0.14594926796415575,0.07508865237500006,0.0056383057154936024,0.884869875,1.4568575,0.5719876249999999,True
DGP-N,26,sigma_eta,0.1562457416833446,0.14152733745,0.01249771182295178,-0.014718404233344584,0.00021663142317613577,0.118297375,0.16815239999999998,0.04985502499999998,True
DGP-N,26,nu,12.8628,13.10860776875,2.7278386270342914,0.24580776874999977,0.06042145917785336,9.13891925,19.679547499999998,10.540628249999997,True
DGP-N,27,mu,-0.5897583792917982,-0.612490546383875,0.2519611416088206,-0.022732167092076816,0.0005167514207021001,-1.10375825,-0.09658245750000025,1.0071757924999998,True
DGP-N,27,phi,0.9883567500000001,0.990513311,0.0026263595916909605,0.0021565609999998347,4.650755346720287e-06,0.9848909,0.99519905,0.01030814999999996,True
DGP-N,27,sigma_h,1.0268899999999999,1.075065249375,0.13450496882163834,0.04817524937500006,0.002320854652343444,0.869234225,1.3907735,0.5215392750000001,True
DGP-N,27,sigma_eta,0.1562457416833446,0.144331778,0.013152799452555562,-0.011913963683344603,0.0001419425306480541,0.12093565,0.17182955,0.05089389999999999,True
DGP-N,27,nu,12.8628,11.220255041249999,2.023137814815853,-1.6425449587500012,2.697953941515043,8.145869249999999,15.9200825,7.774213250000001,True
DGP-N,28,mu,-0.5884477704057998,-0.82844405793,0.2258369466569456,-0.2399962875242002,0.05759821802539858,-1.2607115,-0.36678695,0.8939245499999999,True
DGP-N,28,phi,0.9883567500000001,0.9884521654999999,0.002957038777840334,9.541549999980692e-05,9.104117640213153e-09,0.9822348249999999,0.9937100999999999,0.011475275000000007,True
DGP-N,28,sigma_h,1.0268899999999999,1.06132303475,0.12429474459977453,0.03443303475000015,0.0011856338820947178,0.8705110749999999,1.3509282499999997,0.4804171749999998,True
DGP-N,28,sigma_eta,0.1562457416833446,0.15760792312500002,0.013165169276939684,0.0013621814416554245,1.8555382799904508e-06,0.13286795,0.185288175,0.05242022499999999,True
DGP-N,28,nu,12.8628,12.19900608375,2.4128218923410967,-0.6637939162500004,0.4406223632505125,8.643237000000001,18.041752499999998,9.398515499999997,True
DGP-N,29,mu,-0.5873854212785494,-0.58600775329,0.1858665743100535,0.0013776679885494358,1.8979690866738486e-06,-0.93762485,-0.21207432500000017,0.7255505249999998,True
DGP-N,29,phi,0.9883567500000001,0.986422615125,0.0032919923914302087,-0.0019341348750001597,3.7408777146918835e-06,0.9794849750000001,0.992522025,0.013037049999999883,True
DGP-N,29,sigma_h,1.0268899999999999,0.958783116875,0.10299052681711302,-0.0681068831249999,0.004638547529002397,0.79769485,1.1930349999999996,0.39534014999999967,True
DGP-N,29,sigma_eta,0.1562457416833446,0.15477498,0.013297565109948952,-0.0014707616833445902,2.1631399291946126e-06,0.129767675,0.18189385,0.052126175,True
DGP-N,29,nu,12.8628,20.863327487499998,6.679813203468454,8.000527487499998,64.00844007824303,12.39919,37.79828249999999,25.39909249999999,True
DGP-N,30,mu,-0.5858364286392606,-0.7691610357875001,0.16585687088395892,-0.1833246071482395,0.03360791158605635,-1.0997805,-0.4365910750000003,0.6631894249999998,True
DGP-N,30,phi,0.9883567500000001,0.984356516625,0.0037883985655795334,-0.004000233375000106,1.600186705446474e-05,0.976455375,0.9911063250000001,0.014650950000000051,True
DGP-N,30,sigma_h,1.0268899999999999,0.918338219625,0.09173948399269828,-0.1085517803749999,0.011783489022582215,0.7711036,1.1305314999999998,0.3594278999999998,True
DGP-N,30,sigma_eta,0.1562457416833446,0.15933820175,0.015142717297943677,0.0030924600666553947,9.563309263858288e-06,0.13148384999999999,0.19103615000000002,0.05955230000000003,True
DGP-N,30,nu,12.8628,11.75925805125,2.330072460693218,-1.1035419487499993,1.217804832650946,8.346493749999999,17.3660575,9.019563750000001,True
DGP-N,31,mu,-0.59124453817607,-0.502810015821625,0.21202301273457672,0.08843452235444504,0.00782066474405884,-0.914633975,-0.07453949250000007,0.8400944825,True
DGP-N,31,phi,0.9883567500000001,0.9881657307499999,0.003153860276801294,-0.0001910192500002017,3.6488353870639556e-08,0.981402825,0.993775075,0.012372249999999974,True
DGP-N,31,sigma_h,1.0268899999999999,1.0120630755,0.1159868102083717,-0.014826924499999894,0.0002198376901286971,0.832158975,1.2867432499999998,0.45458427499999976,True
DGP-N,31,sigma_eta,0.1562457416833446,0.15218249025,0.01504832711600458,-0.0040632514333446,1.6510012210576947e-05,0.12477895,0.1840745249999999,0.059295574999999906,True
DGP-N,31,nu,12.8628,11.4199778975,2.2873515787960335,-1.4428221024999992,2.0817356194625183,8.1112265,16.8919775,8.780750999999999,True
DGP-N,32,mu,-0.5893014509317837,-0.36290447019957506,0.24928870325327757,0.2263969807322086,0.05125559288466003,-0.837716825,0.1608105499999997,0.9985273749999997,True
DGP-N,32,phi,0.9883567500000001,0.989989591875,0.0028224587411027173,0.0016328418749999019,2.6661725887531953e-06,0.983958825,0.994888025,0.010929199999999972,True
DGP-N,32,sigma_h,1.0268899999999999,1.09764637425,0.14142179108054648,0.07075637425000014,0.005006464497006083,0.8833280250000001,1.4257202499999995,0.5423922249999994,True
DGP-N,32,sigma_eta,0.1562457416833446,0.15119877650000002,0.01415943817083545,-0.005046965183344576,2.547185756189235e-05,0.12494295,0.18030854999999993,0.05536559999999993,True
DGP-N,32,nu,12.8628,8.6528141025,1.2470427843263487,-4.209985897499999,17.723981257148875,6.627835,11.51147,4.883634999999999,False
DGP-N,33,mu,-0.5846635025644334,-0.951982494,0.17090215750550583,-0.36731899143556657,0.1349232414692418,-1.28419275,-0.6138353000000004,0.6703574499999997,False
DGP-N,33,phi,0.9883567500000001,0.9861711514999999,0.0033949982397534087,-0.0021855985000002187,4.776840803203206e-06,0.97919725,0.99236715,0.013169899999999957,True
DGP-N,33,sigma_h,1.0268899999999999,0.8933363765,0.09632622507295638,-0.13355362349999989,0.017836570349979722,0.742101275,1.1188554999999998,0.3767542249999998,True
DGP-N,33,sigma_eta,0.1562457416833446,0.14556094762500002,0.013691990759299794,-0.010684794058344577,0.00011416482406923557,0.12013240000000001,0.17394944999999998,0.053817049999999964,True
DGP-N,33,nu,12.8628,10.13235612625,1.6662223598448413,-2.7304438737499996,7.455323747698904,7.5272922499999995,14.063182499999995,6.535890249999995,True
DGP-N,34,mu,-0.5947030424845657,-0.1670975286446,0.23568150553610567,0.4276055138399657,0.18284647546634109,-0.625035975,0.3055630749999997,0.9305990499999997,True
DGP-N,34,phi,0.9883567500000001,0.989844289375,0.0025774812840461733,0.0014875393749999022,2.2127733921750998e-06,0.984389,0.99450115,0.010112149999999986,True
DGP-N,34,sigma_h,1.0268899999999999,1.0614187175,0.12749390391564572,0.034528717500000194,0.0011922323321948197,0.862064775,1.3613917500000001,0.4993269750000001,True
DGP-N,34,sigma_eta,0.1562457416833446,0.147864110375,0.012324263367718453,-0.0083816313083446,7.025174338902242e-05,0.12511585,0.173550225,0.048434375,True
DGP-N,34,nu,12.8628,10.919991606249999,1.9034162843286249,-1.942808393750001,3.7745044548254585,8.04452425,15.484512500000001,7.439988250000001,True
DGP-N,35,mu,-0.5878046863831221,-0.47175140896675,0.1755697295140613,0.11605327741637211,0.013468363199081426,-0.817880225,-0.12521092500000003,0.6926692999999999,True
DGP-N,35,phi,0.9883567500000001,0.987409874875,0.0034170622159966934,-0.000946875125000135,8.965725023440214e-07,0.980032475,0.9933961499999999,0.013363674999999908,True
DGP-N,35,sigma_h,1.0268899999999999,0.845967997125,0.09609254298721537,-0.18092200287499982,0.032732771124301445,0.693701875,1.0683357499999997,0.37463387499999967,True
DGP-N,35,sigma_eta,0.1562457416833446,0.1312011704375,0.013740643958257224,-0.02504457124584461,0.0006272305488881866,0.106403,0.16071989999999997,0.054316899999999974,True
DGP-N,35,nu,12.8628,12.178255823750002,2.3254812119443113,-0.6845441762499984,0.4686007292377889,8.7113595,17.8016175,9.090257999999999,True
DGP-N,36,mu,-0.5899993935565521,-0.55391848509125,0.1968838360625292,0.0360809084653021,0.0013018319556815086,-0.9359796499999999,-0.15645325000000007,0.7795263999999998,True
DGP-N,36,phi,0.9883567500000001,0.9873401185,0.003237874054994612,-0.001016631500000087,1.0335396067924269e-06,0.9805317499999999,0.993078075,0.01254632500000008,True
DGP-N,36,sigma_h,1.0268899999999999,0.9641528678750001,0.10781317962786299,-0.06273713212499976,0.003935947747269677,0.79560475,1.20906275,0.413458,True
DGP-N,36,sigma_eta,0.1562457416833446,0.1500884005,0.013836822520724674,-0.0061573411833446,3.791285044811148e-05,0.124465075,0.178649425,0.054184350000000006,True
DGP-N,36,nu,12.8628,15.9359351775,4.2560648069567,3.0731351774999993,9.444159819187952,10.257702499999999,26.237852499999985,15.980149999999986,True
DGP-N,37,mu,-0.5942209573264924,-0.3811690199545375,0.27813764582154493,0.21305193737195488,0.045391128017943386,-0.935147925,0.167465275,1.1026132,True
DGP-N,37,phi,0.9883567500000001,0.9915061062499999,0.0023958442766456416,0.0031493562499997907,9.918444789412743e-06,0.986413,0.9957781250000001,0.009365125000000085,True
DGP-N,37,sigma_h,1.0268899999999999,1.15115234675,0.1551389400461433,0.12426234675000014,0.01544113081981727,0.9182633,1.5282332499999998,0.6099699499999998,True
DGP-N,37,sigma_eta,0.1562457416833446,0.145897532125,0.012263780592593415,-0.01034820955834459,0.00010708544106341433,0.12326795,0.17122045,0.047952499999999995,True
DGP-N,37,nu,12.8628,13.143444662499999,2.7002679970748393,0.28064466249999853,0.07876142658973809,9.28362375,19.561629999999997,10.278006249999997,True
DGP-N,38,mu,-0.5912003930381808,-0.63522170120425,0.20367314996915611,-0.044021308166069195,0.0019378755726520303,-1.0190534999999998,-0.21690045000000005,0.8021530499999998,True
DGP-N,38,phi,0.9883567500000001,0.9888868293749999,0.0028161884739310683,0.0005300793749998256,2.8098414380020575e-07,0.982987875,0.9940671,0.011079225000000026,True
DGP-N,38,sigma_h,1.0268899999999999,0.9428411595,0.11057226231491439,-0.08404884049999983,0.007064207589394412,0.773404475,1.2068787499999998,0.4334742749999998,True
DGP-N,38,sigma_eta,0.1562457416833446,0.13743775165,0.01192124757290377,-0.0188079900333446,0.0003537404890943899,0.115970975,0.16202439999999999,0.04605342499999998,True
DGP-N,38,nu,12.8628,10.3510683325,1.7888128689883975,-2.5117316674999994,6.308795969522328,7.58823525,14.541737499999996,6.953502249999996,True
DGP-N,39,mu,-0.5879846333640169,-0.6908573990275,0.17926045918316405,-0.10287276566348313,0.010582805915253915,-1.04133625,-0.33290095,0.7084353000000001,True
DGP-N,39,phi,0.9883567500000001,0.985420406875,0.0034613210451357903,-0.0029363431250001293,8.622110947735524e-06,0.978303725,0.9917651,0.013461374999999998,True
DGP-N,39,sigma_h,1.0268899999999999,0.974861964625,0.10194741491911631,-0.05202803537499989,0.0027069164649822404,0.81564215,1.21034425,0.39470209999999994,True
DGP-N,39,sigma_eta,0.1562457416833446,0.16316162112500002,0.01397521578765844,0.00691587944165542,4.782938845151209e-05,0.136844775,0.1922761,0.055431325000000004,True
DGP-N,39,nu,12.8628,17.024084135,4.71355527927317,4.161284134999999,17.31628565220269,10.863837499999999,28.83039249999999,17.966554999999993,True
DGP-N,40,mu,-0.5894706232155542,-0.6415517927095,0.2717423795610523,-0.05208116949394581,0.002712448215857112,-1.1583534999999998,-0.0951416000000001,1.0632118999999998,True
DGP-N,40,phi,0.9883567500000001,0.98977464175,0.002623619231498908,0.0014178917499998445,2.0104170147176215e-06,0.984203,0.99457,0.010366999999999904,True
DGP-N,40,sigma_h,1.0268899999999999,1.213658864625,0.1481451749428509,0.18676886462500009,0.034882608793311606,0.9871557999999999,1.5554502499999998,0.5682944499999999,True
DGP-N,40,sigma_eta,0.1562457416833446,0.1695114805,0.013863646371732792,0.013265738816655409,0.00017597982635171805,0.14412992500000002,0.19800095,0.05387102499999999,True
DGP-N,40,nu,12.8628,15.5775870425,4.091982008962423,2.7147870424999994,7.370068686125894,10.15401,25.814697499999998,15.660687499999998,True
DGP-N,41,mu,-0.5920695755660205,-0.48541283751812503,0.23821380660887267,0.10665673804789544,0.011375659771017387,-0.9673168999999999,-0.011956660000000162,0.9553602399999997,True
DGP-N,41,phi,0.9883567500000001,0.9896755909999999,0.0026021076342527664,0.001318840999999793,1.7393415832804539e-06,0.984128875,0.9943890249999999,0.010260149999999912,True
DGP-N,41,sigma_h,1.0268899999999999,1.08203085225,0.12760876391580706,0.055140852250000094,0.0030405135868563403,0.884743425,1.3789367499999998,0.4941933249999998,True
DGP-N,41,sigma_eta,0.1562457416833446,0.152110260125,0.013346097249399683,-0.004135481558344589,1.7102207719408192e-05,0.1274698,0.17983082499999997,0.05236102499999998,True
DGP-N,41,nu,12.8628,11.695477105000002,2.3927142999361175,-1.167322894999998,1.3626427411911766,8.199245,17.4726075,9.2733625,True
DGP-N,42,mu,-0.5946219899122538,-0.332262802891625,0.25491168137640413,0.26235918702062877,0.06883234301412526,-0.8442680749999999,0.17869884999999966,1.0229669249999995,True
DGP-N,42,phi,0.9883567500000001,0.9903216538749999,0.0027193645503623097,0.0019649038749998127,3.860847237989279e-06,0.9845678,0.99515515,0.010587349999999995,True
DGP-N,42,sigma_h,1.0268899999999999,1.092573740625,0.14169854868273776,0.06568374062500015,0.004314353782492296,0.8803144,1.42419125,0.54387685,True
DGP-N,42,sigma_eta,0.1562457416833446,0.14793303250000003,0.013216643134393524,-0.008312709183344563,6.910113396686103e-05,0.123863075,0.175883525,0.05202045000000001,True
DGP-N,42,nu,12.8628,15.49367847375,3.9901294497880535,2.63087847375,6.921521543641131,10.1492,25.291037499999984,15.141837499999983,True
DGP-N,43,mu,-0.5929091196815169,-0.2860880484154875,0.17151560477163158,0.3068210712660294,0.0941391697728339,-0.6227769,0.06484245499999963,0.6876193549999996,True
DGP-N,43,phi,0.9883567500000001,0.984991641,0.0037530039431359057,-0.0033651090000000883,1.1323958581881594e-05,0.97687475,0.991693625,0.014818875000000009,True
DGP-N,43,sigma_h,1.0268899999999999,0.920914508625,0.09579280210987115,-0.10597549137499984,0.011230804772172667,0.770852275,1.1415327499999999,0.3706804749999999,True
DGP-N,43,sigma_eta,0.1562457416833446,0.156310925,0.015071947162005371,6.518331665539279e-05,4.2488647701972066e-09,0.12861415,0.187396025,0.05878187499999998,True
DGP-N,43,nu,12.8628,14.70197044125,3.5763407116447414,1.8391704412499994,3.3825479119677175,9.7590835,23.493519999999997,13.734436499999997,True
DGP-N,44,mu,-0.5901138616530631,-0.587592053711625,0.20372748468148472,0.002521807941438081,6.359515293500172e-06,-0.984538125,-0.1670273750000003,0.8175107499999997,True
DGP-N,44,phi,0.9883567500000001,0.98765070325,0.003086887494384888,-0.0007060467500000778,4.985020131856723e-07,0.98120185,0.9933110500000001,0.012109200000000042,True
DGP-N,44,sigma_h,1.0268899999999999,0.9865909792499999,0.11390105960174984,-0.040299020749999914,0.0016240110734089235,0.81214285,1.2536554999999998,0.44151264999999984,True
DGP-N,44,sigma_eta,0.1562457416833446,0.15165813887500001,0.013112167337129027,-0.004587602808344582,2.1046099527131096e-05,0.12778177500000001,0.17907807499999998,0.05129629999999996,True
DGP-N,44,nu,12.8628,11.7714269725,2.202011566876396,-1.0913730274999995,1.1910950851545148,8.46474725,17.350649999999998,8.885902749999998,True
DGP-N,45,mu,-0.5864952367253689,-0.46119509644337503,0.24524742864368101,0.12530014028199382,0.01570012515468733,-0.93866615,0.05275150749999996,0.9914176575,True
DGP-N,45,phi,0.9883567500000001,0.989590753,0.002731739929902107,0.0012340029999998725,1.5227634040086853e-06,0.98399195,0.9944890249999999,0.010497074999999967,True
DGP-N,45,sigma_h,1.0268899999999999,1.0970745863749998,0.1329890311887492,0.07018458637499991,0.004925876164629824,0.889001975,1.4069635,0.517961525,True
DGP-N,45,sigma_eta,0.1562457416833446,0.15454610762499998,0.013187583343844626,-0.0016996340583446123,2.888755932284977e-06,0.13024375,0.18204325000000002,0.051799500000000026,True
DGP-N,45,nu,12.8628,13.1452147375,2.993239673887475,0.2824147374999999,0.07975808395719385,9.027788750000001,20.006527499999997,10.978738749999996,True
DGP-N,46,mu,-0.5874208374043253,-0.7513134878875001,0.1880269564580026,-0.1638926504831748,0.026860800882400098,-1.11457,-0.365256925,0.7493130750000001,True
DGP-N,46,phi,0.9883567500000001,0.985312045125,0.0036116053909966785,-0.0030447048750000816,9.270227775849263e-06,0.9775316249999999,0.99171615,0.014184525000000114,True
DGP-N,46,sigma_h,1.0268899999999999,0.9801224946249999,0.10113331557206331,-0.04676750537499996,0.0021871995590006504,0.814435275,1.2210492499999999,0.40661397499999985,True
DGP-N,46,sigma_eta,0.1562457416833446,0.164626784875,0.015078503887265508,0.00838104319165539,7.024188498039317e-05,0.136954525,0.195603225,0.0586487,True
DGP-N,46,nu,12.8628,17.69327690375,5.038896152728671,4.83047690375,23.333507117662187,11.109785,30.020644999999988,18.910859999999985,True
DGP-N,47,mu,-0.5906021831559966,-0.5836561452325,0.16797629130823702,0.006946037923496573,4.824744283465258e-05,-0.907367425,-0.24746402500000028,0.6599033999999997,True
DGP-N,47,phi,0.9883567500000001,0.9860817829999999,0.0034805972068418854,-0.002274967000000183,5.175474851089833e-06,0.9786328,0.992258275,0.013625474999999998,True
DGP-N,47,sigma_h,1.0268899999999999,0.8543448579999999,0.09227492153415033,-0.17254514199999993,0.02977182602780014,0.7093868,1.0709009999999999,0.3615141999999999,True
DGP-N,47,sigma_eta,0.1562457416833446,0.13963739849999998,0.013560703170227074,-0.016608343183344615,0.0002758370632957495,0.115144975,0.16749765,0.052352675,True
DGP-N,47,nu,12.8628,13.88449218625,3.0985174703268332,1.0216921862500001,1.0438549234443049,9.42686125,21.5581975,12.131336249999999,True
DGP-N,48,mu,-0.5819347379265888,-0.735828761918375,0.25025954864911193,-0.1538940239917862,0.023683370620384465,-1.208783,-0.21231992500000013,0.9964630749999999,True
DGP-N,48,phi,0.9883567500000001,0.989687290375,0.0027766476068811752,0.0013305403749999112,1.7703376895049043e-06,0.983955675,0.9947471250000001,0.010791450000000036,True
DGP-N,48,sigma_h,1.0268899999999999,1.105525462875,0.1374669810258964,0.07863546287500012,0.006183536021565522,0.899441475,1.4401024999999996,0.5406610249999996,True
DGP-N,48,sigma_eta,0.1562457416833446,0.154827472875,0.013716481474772245,-0.001418268808344586,2.011486412723172e-06,0.12934030000000002,0.18325709999999998,0.05391679999999996,True
DGP-N,48,nu,12.8628,12.7197599475,2.712663666247706,-0.14304005249999996,0.020460456619202743,8.83063025,19.467882499999998,10.637252249999998,True
DGP-N,49,mu,-0.5883309100257571,-0.8911215794687499,0.16748478586902465,-0.3027906694429928,0.09168218950173575,-1.223263,-0.5549902250000006,0.6682727749999994,True
DGP-N,49,phi,0.9883567500000001,0.9837803705000001,0.0038550189701073113,-0.004576379500000005,2.0943249328020296e-05,0.97549885,0.9906303,0.015131449999999935,True
DGP-N,49,sigma_h,1.0268899999999999,0.9397176185,0.09329444372103228,-0.08717238149999984,0.007599024096381514,0.789695775,1.154185,0.36448922500000003,True
DGP-N,49,sigma_eta,0.1562457416833446,0.16605933775,0.01539583405610785,0.009813596066655411,9.630666775947456e-05,0.13789695,0.19843787499999999,0.060540924999999995,True
DGP-N,49,nu,12.8628,14.629617556249999,3.6761628587911317,1.7668175562499986,3.121644277073217,9.46962125,23.871229999999986,14.401608749999987,True
DGP-N,50,mu,-0.5885768697587395,-0.6797118872025001,0.2397579894494358,-0.09113501744376062,0.008305591404474554,-1.13913675,-0.20599457500000004,0.933142175,True
DGP-N,50,phi,0.9883567500000001,0.98999495875,0.0026613530436229776,0.0016382087499998699,2.683727908576136e-06,0.984323875,0.994732,0.01040812499999999,True
DGP-N,50,sigma_h,1.0268899999999999,1.068799802875,0.1310307058336277,0.041909802875000235,0.0017564315770213779,0.86902055,1.3794184999999999,0.5103979499999999,True
DGP-N,50,sigma_eta,0.1562457416833446,0.14754734525000002,0.012784610335027022,-0.00869839643334458,7.56621005116217e-05,0.1243157,0.17410730000000002,0.04979160000000002,True
DGP-N,50,nu,12.8628,11.28880442375,2.155448887882215,-1.5739955762500006,2.4774620740545714,8.06911,16.352807499999997,8.283697499999997,True
DGP-N,51,mu,-0.5842439609162134,-0.9120354359499999,0.1759160306425725,-0.3277914750337865,0.10744725110482546,-1.2549717500000002,-0.5480326750000001,0.7069390750000001,True
DGP-N,51,phi,0.9883567500000001,0.984881009875,0.0037157956745782436,-0.003475740125000071,1.2080769416535507e-05,0.9770936,0.9915721750000001,0.014478575000000049,True
DGP-N,51,sigma_h,1.0268899999999999,0.926117587375,0.0965523127146804,-0.10077241262499981,0.010155079146263221,0.77336885,1.1490429999999996,0.3756741499999996,True
DGP-N,51,sigma_eta,0.1562457416833446,0.1577691035,0.014554425338033887,0.0015233618166554108,2.3206312244436734e-06,0.130650675,0.18872374999999994,0.058073074999999946,True
DGP-N,51,nu,12.8628,14.484438645000001,3.2867883862430443,1.6216386450000009,2.6297118949574387,9.777369750000002,22.3696575,12.592287749999997,True
DGP-N,53,mu,-0.593003231189577,-0.4349462107925,0.1872653433895711,0.15805702039707697,0.02498202169680201,-0.803703175,-0.056829835000000044,0.7468733399999999,True
DGP-N,53,phi,0.9883567500000001,0.9854773216249999,0.003563846461006992,-0.0028794283750002148,8.291107766756377e-06,0.978038,0.9919641499999999,0.01392614999999997,True
DGP-N,53,sigma_h,1.0268899999999999,0.975849051375,0.10383102614512571,-0.05104094862499986,0.002605178436539875,0.81041275,1.2140279999999999,0.40361524999999987,True
DGP-N,53,sigma_eta,0.1562457416833446,0.16289934225000002,0.01468803768054903,0.0066536005666554265,4.4270400500597416e-05,0.136141,0.19414812499999998,0.058007124999999965,True
DGP-N,53,nu,12.8628,13.20773215,3.03766905826165,0.34493215,0.1189781881036225,8.92944525,20.466654999999996,11.537209749999995,True
DGP-N,54,mu,-0.589466053840705,-0.58606427165125,0.23669388804139377,0.0034017821894550826,1.1572122064493816e-05,-1.03093175,-0.10923807500000006,0.9216936749999999,True
DGP-N,54,phi,0.9883567500000001,0.987384096875,0.003101540702470527,-0.0009726531250001669,9.460541015725902e-07,0.98094145,0.993085025,0.012143574999999962,True
DGP-N,54,sigma_h,1.0268899999999999,1.1618978469999997,0.12769646246495966,0.1350078469999998,0.018227118751575355,0.961335525,1.4551904999999998,0.49385497499999986,True
DGP-N,54,sigma_eta,0.1562457416833446,0.18066194824999998,0.015068844710898944,0.024416206566655385,0.0005961511431055856,0.15246964999999998,0.21191237499999993,0.059442724999999946,True
DGP-N,54,nu,12.8628,19.97435040125,6.588709086347549,7.11155040125,50.574149109519034,11.93998,37.043472499999986,25.103492499999987,True
DGP-N,55,mu,-0.5866376446949749,-0.6165023838337501,0.25362767632611066,-0.029864739138775187,0.0008919026438270905,-1.09309175,-0.09676355000000005,0.9963281999999999,True
DGP-N,55,phi,0.9883567500000001,0.9905561831249999,0.0024825402666648097,0.0021994331249998167,4.837506071346459e-06,0.9852989750000001,0.995034075,0.009735099999999886,True
DGP-N,55,sigma_h,1.0268899999999999,1.0881644156249999,0.13366070011478237,0.06127441562500002,0.003754554010185247,0.8816625,1.4066075,0.524945,True
DGP-N,55,sigma_eta,0.1562457416833446,0.14600114775,0.012334783051164087,-0.010244593933344592,0.00010495170485912082,0.1235326,0.1715806,0.048047999999999993,True
DGP-N,55,nu,12.8628,9.831917893750001,1.6081776626188395,-3.030882106249999,9.18624634198643,7.4090795,13.683289999999998,6.274210499999998,True
DGP-N,56,mu,-0.5933831609903928,-0.400672117572425,0.19220660316814137,0.1927110434179678,0.03713754625524187,-0.781657575,-0.026572955000000138,0.7550846199999999,True
DGP-N,56,phi,0.9883567500000001,0.985860738375,0.003339876473394571,-0.0024960116250001274,6.2300740321357765e-06,0.978986,0.9918061499999999,0.012820149999999919,True
DGP-N,56,sigma_h,1.0268899999999999,1.035586227125,0.10883933343035841,0.008696227125000178,7.562436620958885e-05,0.863837225,1.2893039999999998,0.42546677499999974,True
DGP-N,56,sigma_eta,0.1562457416833446,0.1707554735,0.014479380280953424,0.014509731816655408,0.00021053231739126223,0.1439156,0.20099985,0.05708425,True
DGP-N,56,nu,12.8628,14.145094276249997,3.4415999458858364,1.2822942762499974,1.6442786109035046,9.43715525,22.73393999999999,13.29678474999999,True
DGP-N,57,mu,-0.5887036341115588,-0.52307860110975,0.277467776828918,0.06562503300180877,0.004306644956488491,-1.073498,0.028138237499999972,1.1016362375,True
DGP-N,57,phi,0.9883567500000001,0.9917854496249999,0.002399566028546209,0.003428699624999809,1.1755981118473833e-05,0.986675925,0.9960822,0.00940627500000002,True
DGP-N,57,sigma_h,1.0268899999999999,1.115369433375,0.1557147697658397,0.08847943337500008,0.00782861013036108,0.889163825,1.4852224999999994,0.5960586749999994,True
DGP-N,57,sigma_eta,0.1562457416833446,0.13877813815,0.012552106111940449,-0.01746760353334459,0.00030511717319811236,0.116077725,0.1648735749999999,0.048795849999999905,True
DGP-N,57,nu,12.8628,10.200248633750002,1.6715073625809778,-2.662551366249998,7.089179777919731,7.6190415,14.061155,6.4421135,True
DGP-N,58,mu,-0.5872208888674717,-0.6723053334137501,0.19328120417476716,-0.08508444454627839,0.0072393627037487225,-1.0467624999999998,-0.2702918000000001,0.7764706999999997,True
DGP-N,58,phi,0.9883567500000001,0.987026501,0.003263427017567019,-0.0013302490000001166,1.76956240200131e-06,0.9800489,0.9929401750000001,0.01289127500000009,True
DGP-N,58,sigma_h,1.0268899999999999,0.9711405949999999,0.11025688347288172,-0.05574940499999992,0.003107996157854016,0.80235665,1.22642725,0.42407059999999996,True
DGP-N,58,sigma_eta,0.1562457416833446,0.153057971875,0.014008755803245997,-0.0031877698083445927,1.016187635099332e-05,0.12700187500000001,0.18267425,0.055672374999999996,True
DGP-N,58,nu,12.8628,9.870241736250001,1.5918922811188683,-2.9925582637499986,8.955404961938406,7.42311725,13.582942499999998,6.159825249999998,True
DGP-N,59,mu,-0.5852449425786481,-0.8300134918674998,0.2055393149041267,-0.24476854928885172,0.059911642720969036,-1.218038,-0.38715115000000005,0.83088685,True
DGP-N,59,phi,0.9883567500000001,0.9872993241250001,0.003344951424359089,-0.0010574258750000176,1.118149481119553e-06,0.9798999,0.993264075,0.013364174999999978,True
DGP-N,59,sigma_h,1.0268899999999999,1.028631411375,0.11838706495720845,0.001741411375000057,3.0325135769795893e-06,0.8407068,1.3144725,0.47376569999999996,True
DGP-N,59,sigma_eta,0.1562457416833446,0.16014522475,0.014413838672093759,0.0038994830666554126,1.5205968187132301e-05,0.1339348,0.19016619999999992,0.05623139999999993,True
DGP-N,59,nu,12.8628,11.45524374875,2.1809742954819593,-1.40755625125,1.981214600432953,8.302047,16.578777499999994,8.276730499999994,True
DGP-N,60,mu,-0.5865784572757243,-0.8599241302499999,0.19084436283779146,-0.2733456729742756,0.07471785693375961,-1.23234325,-0.46992562500000007,0.7624176249999999,True
DGP-N,60,phi,0.9883567500000001,0.9871287854999999,0.003226859591164819,-0.0012279645000001782,1.5078968132606877e-06,0.980372625,0.99294,0.012567375000000047,True
DGP-N,60,sigma_h,1.0268899999999999,0.9617989285,0.10504661600877607,-0.06509107149999982,0.004236847589018089,0.7957085,1.20536175,0.40965324999999997,True
DGP-N,60,sigma_eta,0.1562457416833446,0.15109297325,0.013902411640969484,-0.0051527684333445845,2.6551022527672402e-05,0.124967225,0.180041125,0.055073899999999995,True
DGP-N,60,nu,12.8628,14.343880133750002,3.3513962719372747,1.4810801337500017,2.193598362588923,9.61393075,22.762939999999997,13.149009249999997,True
DGP-N,61,mu,-0.6003691676359206,0.0367864046934325,0.24235702088885022,0.6371555723293532,0.4059672233503456,-0.43439845,0.5247120750000001,0.959110525,False
DGP-N,61,phi,0.9883567500000001,0.9895334297500001,0.002763721274156475,0.0011766797500000203,1.3845752340601103e-06,0.983600725,0.99446115,0.010860425000000062,True
DGP-N,61,sigma_h,1.0268899999999999,1.0863104051249999,0.13118462197653785,0.05942040512500002,0.0035307845452191284,0.883337375,1.3948299999999998,0.5114926249999998,True
DGP-N,61,sigma_eta,0.1562457416833446,0.1534594555,0.013503824958612054,-0.0027862861833445884,7.763390695496954e-06,0.128800775,0.18099607499999998,0.05219529999999997,True
DGP-N,61,nu,12.8628,15.48590780875,4.005410076347155,2.6231078087499995,6.880694576325224,10.1093775,25.392054999999996,15.282677499999995,True
DGP-N,62,mu,-0.5937126495814282,-0.43277107936087506,0.12497989979598868,0.16094157022055317,0.025902189025057247,-0.673482925,-0.1775651500000002,0.4959177749999998,True
DGP-N,62,phi,0.9883567500000001,0.97781418675,0.005055100009459521,-0.010542563250000136,0.00011114563988025345,0.9670429,0.98709015,0.02004724999999996,False
DGP-N,62,sigma_h,1.0268899999999999,0.81554113575,0.07304207882824301,-0.21134886424999988,0.044668342419764875,0.69407465,0.9759979249999999,0.2819232749999999,False
DGP-N,62,sigma_eta,0.1562457416833446,0.168720723625,0.01659568272067656,0.012474981941655416,0.00015562517444462875,0.138879225,0.20297817499999996,0.06409894999999996,True
DGP-N,62,nu,12.8628,13.24700819,3.042038448717666,0.3842081900000007,0.14761593326307665,8.98959975,20.446482499999988,11.456882749999988,True
DGP-N,63,mu,-0.5876456543229329,-0.7847116971875,0.20289223510473592,-0.19706604286456708,0.03883502525029939,-1.180251,-0.38104522500000004,0.7992057749999999,True
DGP-N,63,phi,0.9883567500000001,0.987387865125,0.0031146901369180956,-0.0009688848750001311,9.387379010040197e-07,0.980698875,0.992964125,0.012265250000000005,True
DGP-N,63,sigma_h,1.0268899999999999,1.0135132085,0.10993896339139948,-0.013376791499999818,0.00017893855083446738,0.84069385,1.2735847499999995,0.4328908999999995,True
DGP-N,63,sigma_eta,0.1562457416833446,0.15767618237500003,0.013928919945843669,0.0014304406916554324,2.046160572343672e-06,0.132285525,0.1865613,0.054275775000000026,True
DGP-N,63,nu,12.8628,15.30596644125,3.9034882170951146,2.44316644125,5.9690622596501886,9.9665225,25.14605249999999,15.179529999999989,True
DGP-N,64,mu,-0.5869733702698844,-0.643515149925,0.20993350075605585,-0.05654177965511564,0.003196972846567649,-1.0383517500000001,-0.22158242500000036,0.8167693249999998,True
DGP-N,64,phi,0.9883567500000001,0.98790761375,0.0031662589019598847,-0.00044913625000009283,2.017233710641459e-07,0.98126495,0.993548,0.012283049999999962,True
DGP-N,64,sigma_h,1.0268899999999999,0.9988519598750001,0.117706906333158,-0.028038040124999775,0.0007861316940510973,0.8178736249999999,1.272583,0.4547093750000001,True
DGP-N,64,sigma_eta,0.1562457416833446,0.151747641,0.013877936078370711,-0.004498100683344608,2.023290975750523e-05,0.126353675,0.18010717499999995,0.053753499999999954,True
DGP-N,64,nu,12.8628,12.72876089125,2.7564171512411,-0.13403910875000058,0.017966482674494483,8.85240375,19.3441,10.49169625,True
DGP-N,65,mu,-0.5901373935345066,-0.4885931926719,0.17430406230355336,0.10154420086260657,0.01031122472882539,-0.824536925,-0.1298552,0.6946817249999999,True
DGP-N,65,phi,0.9883567500000001,0.9831903748749999,0.0039266084836174706,-0.005166375125000178,2.66914319322206e-05,0.974849925,0.99020915,0.015359224999999976,True
DGP-N,65,sigma_h,1.0268899999999999,1.000754264625,0.09817657893343112,-0.026135735374999802,0.0006830766635920161,0.84115925,1.2241912499999998,0.3830319999999998,True
DGP-N,65,sigma_eta,0.1562457416833446,0.18009753875,0.016550141023953167,0.02385179706665541,0.0005689082233089116,0.1491836,0.21411275,0.06492914999999999,True
DGP-N,65,nu,12.8628,10.694399847500001,2.022151843492606,-2.1684001524999985,4.701959221362017,7.71057525,15.492824999999996,7.7822497499999965,True
DGP-N,66,mu,-0.5885302496707084,-0.4972567724074125,0.20823931735016588,0.09127347726329593,0.008330847651733399,-0.902269125,-0.0754004925000002,0.8268686324999999,True
DGP-N,66,phi,0.9883567500000001,0.988817592375,0.0030840461191874247,0.00046084237499988134,2.1237569459553126e-07,0.98222475,0.994286025,0.012061274999999982,True
DGP-N,66,sigma_h,1.0268899999999999,0.93873926325,0.11229750056670515,-0.08815073674999985,0.007770552389567774,0.7662110000000001,1.2049982499999996,0.4387872499999995,True
DGP-N,66,sigma_eta,0.1562457416833446,0.136970832325,0.013544304003576384,-0.019274909358344583,0.0003715221307723996,0.11203785,0.16495634999999997,0.05291849999999998,True
DGP-N,66,nu,12.8628,13.75980374125,3.1263501008890633,0.8970037412499998,0.8046157118164966,9.25503375,21.363699999999994,12.108666249999994,True
DGP-N,67,mu,-0.5869384229415587,-0.68704211508875,0.18348784394561052,-0.10010369214719128,0.010020749181499646,-1.04934925,-0.3174870000000001,0.7318622499999998,True
DGP-N,67,phi,0.9883567500000001,0.985059792,0.0035049053586627193,-0.003296958000000072,1.0869932053764474e-05,0.977605775,0.991325,0.013719225000000002,True
DGP-N,67,sigma_h,1.0268899999999999,0.994572023375,0.09890408953544051,-0.03231797662499991,0.0010444516131340406,0.833559675,1.2242955,0.3907358249999999,True
DGP-N,67,sigma_eta,0.1562457416833446,0.168681608125,0.014513087352571537,0.012435866441655397,0.00015465077415469086,0.14224927499999998,0.198890725,0.05664145000000001,True
DGP-N,67,nu,12.8628,14.105442859999998,3.442272904028677,1.2426428599999984,1.5441612775089755,9.338151250000001,22.562457499999997,13.224306249999996,True
DGP-N,68,mu,-0.5837041655628331,-0.9521255999374999,0.19840262070236447,-0.3684214343746668,0.1357343533066869,-1.3372074999999999,-0.5492420500000003,0.7879654499999996,True
DGP-N,68,phi,0.9883567500000001,0.98733071225,0.0032155442452715685,-0.0010260377500000972,1.052753464425262e-06,0.9806729000000001,0.993253025,0.012580124999999942,True
DGP-N,68,sigma_h,1.0268899999999999,0.9819310569999999,0.11176871066635333,-0.04495894299999992,0.0020213065556772417,0.810531975,1.236375,0.42584302500000004,True
DGP-N,68,sigma_eta,0.1562457416833446,0.152828385375,0.013428665132079017,-0.00341735630834461,1.1678324138182702e-05,0.128442575,0.18109732499999998,0.05265474999999997,True
DGP-N,68,nu,12.8628,16.7607065725,4.771657849629332,3.8979065724999984,15.193675647938685,10.4922875,28.547269999999994,18.054982499999994,True
DGP-N,69,mu,-0.5920138462204942,-0.54463908786825,0.21866061876226292,0.04737475835224425,0.0022443677289335365,-0.9815335,-0.10706435000000002,0.8744691499999999,True
DGP-N,69,phi,0.9883567500000001,0.9873411229999999,0.0029952286197687116,-0.001015627000000241,1.0314982031294895e-06,0.980999875,0.992782075,0.011782200000000076,True
DGP-N,69,sigma_h,1.0268899999999999,1.095516334625,0.11493627507142626,0.06862633462500023,0.004709573804062506,0.911307675,1.36097075,0.4496630749999999,True
DGP-N,69,sigma_eta,0.1562457416833446,0.17092907624999998,0.014045742657137598,0.014683334566655382,0.00021560031399633678,0.14555050000000003,0.20027999999999999,0.05472949999999996,True
DGP-N,69,nu,12.8628,14.09488436625,3.4429781039866003,1.2320843662499996,1.518031885557663,9.388876999999999,22.507524999999998,13.118647999999999,True
DGP-N,70,mu,-0.5895882826237445,-0.6672371724061249,0.2618435869393284,-0.07764888978238038,0.006029350084436257,-1.16658475,-0.13165342500000027,1.0349313249999996,True
DGP-N,70,phi,0.9883567500000001,0.9893806585,0.002662871072812492,0.0010239084999998926,1.0483886163720302e-06,0.98377295,0.994332025,0.010559074999999973,True
DGP-N,70,sigma_h,1.0268899999999999,1.1810964305,0.140941335878113,0.15420643050000016,0.02377962320755138,0.9659713999999999,1.5189537499999997,0.5529823499999997,True
DGP-N,70,sigma_eta,0.1562457416833446,0.16822053250000002,0.01298565021055425,0.011974790816655423,0.00014339561510265505,0.144192975,0.19508925000000002,0.05089627500000002,True
DGP-N,70,nu,12.8628,15.36436382875,3.908248584279574,2.5015638287499993,6.257821589310356,9.97780575,25.19033499999999,15.21252924999999,True
DGP-N,71,mu,-0.5886433589923153,-0.68856403417125,0.18139952603745538,-0.09992067517893466,0.00998414132821417,-1.043795,-0.3194097250000003,0.7243852749999997,True
DGP-N,71,phi,0.9883567500000001,0.9861379035,0.0033941135837012196,-0.002218846500000149,4.923279790562911e-06,0.9791823000000001,0.99223215,0.013049849999999918,True
DGP-N,71,sigma_h,1.0268899999999999,0.95388057925,0.10339607519999401,-0.07300942074999983,0.005330375518250506,0.791861275,1.1934529999999999,0.40159172499999984,True
DGP-N,71,sigma_eta,0.1562457416833446,0.155569487125,0.014090399992337948,-0.0006762545583446078,4.5732022768186057e-07,0.129802875,0.18545599999999998,0.05565312499999997,True
DGP-N,71,nu,12.8628,11.9420818025,2.404696015072095,-0.9207181974999994,0.8477219992076479,8.53032775,17.66267,9.132342249999999,True
DGP-N,72,mu,-0.5914434054926072,-0.6094273136025,0.1597610469198502,-0.01798390810989281,0.0003234209509050684,-0.9266966999999999,-0.29734302500000004,0.629353675,True
DGP-N,72,phi,0.9883567500000001,0.983684268875,0.003930716790121333,-0.004672481125000072,2.1832079863481937e-05,0.9753489000000001,0.990734075,0.015385174999999918,True
DGP-N,72,sigma_h,1.0268899999999999,0.89163465575,0.0893702185064772,-0.13525534424999985,0.018294008148185967,0.74713605,1.1002432500000001,0.35310720000000007,True
DGP-N,72,sigma_eta,0.1562457416833446,0.157948474125,0.014926732271636652,0.0017027324416553913,2.8992977678657303e-06,0.131039775,0.189247125,0.05820734999999999,True
DGP-N,72,nu,12.8628,12.291418012500001,2.593806885128617,-0.5713819874999988,0.3264773756394488,8.614088500000001,18.550309999999996,9.936221499999995,True
DGP-N,73,mu,-0.5877444982336352,-0.6291490643625,0.13381875600665746,-0.041404566128864784,0.001714338096319537,-0.8895354249999999,-0.3614762250000002,0.5280591999999997,True
DGP-N,73,phi,0.9883567500000001,0.98132145075,0.004216014074532843,-0.007035299250000127,4.9495435537052346e-05,0.9722527750000001,0.988700125,0.01644734999999997,True
DGP-N,73,sigma_h,1.0268899999999999,0.801299648625,0.07371264899184424,-0.22559035137499983,0.05089100663349589,0.675848875,0.9685828,0.29273392499999995,False
DGP-N,73,sigma_eta,0.1562457416833446,0.15233004975,0.015516514776194909,-0.003915691933344595,1.5332643316859932e-05,0.1245159,0.186008225,0.061492325,True
DGP-N,73,nu,12.8628,13.07399534625,2.7940098621702005,0.21119534624999936,0.04460347427765712,9.103780500000001,19.912402499999992,10.80862199999999,True
DGP-N,74,mu,-0.5883194552808941,-0.72125839062125,0.2595606835126225,-0.13293893534035583,0.01767276052942731,-1.22306125,-0.18070095000000014,1.0423603,True
DGP-N,74,phi,0.9883567500000001,0.9908810876249999,0.0025251923486630835,0.0025243376249998173,6.372280444989718e-06,0.98544795,0.995301025,0.009853074999999989,True
DGP-N,74,sigma_h,1.0268899999999999,1.0817601681249998,0.13810600329706507,0.054870168124999896,0.0030107353500657547,0.8746843,1.40978275,0.53509845,True
DGP-N,74,sigma_eta,0.1562457416833446,0.142406732625,0.013470578996258751,-0.013839009058344592,0.00019151817171694368,0.11787195,0.1711635,0.05329154999999999,True
DGP-N,74,nu,12.8628,8.298598165,1.1676201711113212,-4.564201835,20.83193839061737,6.4397357500000005,10.946654999999998,4.5069192499999975,False
DGP-N,75,mu,-0.594548360949615,-0.16083085920899998,0.24383272474285025,0.4337175017406151,0.18811087131612045,-0.624344175,0.33437342499999995,0.9587176,True
DGP-N,75,phi,0.9883567500000001,0.9895526640000001,0.0027225663269293487,0.0011959139999999646,1.4302102953959153e-06,0.9837319250000001,0.994463125,0.01073119999999994,True
DGP-N,75,sigma_h,1.0268899999999999,1.085907393,0.1308055800674025,0.059017393000000196,0.003483052676516472,0.88400065,1.39083025,0.5068296,True
DGP-N,75,sigma_eta,0.1562457416833446,0.1532885445,0.013043055650847644,-0.0029571971833445843,8.745015181181143e-06,0.12966977500000001,0.1802371,0.050567324999999996,True
DGP-N,75,nu,12.8628,13.09380085,2.9038619735797755,0.23100084999999915,0.053361392700722106,9.06918675,20.023314999999997,10.954128249999997,True
DGP-N,76,mu,-0.5964590385221461,-0.44185756940149995,0.21715193150215065,0.15460146912064615,0.023901614254262106,-0.877081,-0.0026203902500000326,0.87446060975,True
DGP-N,76,phi,0.9883567500000001,0.989775958125,0.0027753707296426823,0.001419208124999849,2.0141517020655867e-06,0.9839277000000001,0.994786175,0.010858474999999923,True
DGP-N,76,sigma_h,1.0268899999999999,0.9252665205,0.11613899424759405,-0.10162347949999984,0.010327331585686887,0.74872065,1.2050245,0.45630384999999996,True
DGP-N,76,sigma_eta,0.1562457416833446,0.1290659627125,0.012293662082781888,-0.027179778970844587,0.0007387403849039657,0.106633825,0.15452102499999998,0.04788719999999998,False
DGP-N,76,nu,12.8628,11.809482599999999,2.246633750251743,-1.053317400000001,1.109477545142762,8.4924905,17.18578,8.6932895,True
DGP-N,77,mu,-0.5887675777105675,-0.46144613666875,0.18131668302537346,0.12732144104181753,0.016210749348965017,-0.819991575,-0.10569060000000005,0.7143009749999999,True
DGP-N,77,phi,0.9883567500000001,0.983618567625,0.0037567780671550976,-0.004738182375000122,2.2450372218761794e-05,0.9755679,0.9903084,0.014740499999999934,True
DGP-N,77,sigma_h,1.0268899999999999,1.019864105375,0.09774806726016202,-0.007025894624999918,4.936319528160273e-05,0.86070465,1.24547325,0.3847686000000001,True
DGP-N,77,sigma_eta,0.1562457416833446,0.18119933324999998,0.015128722025710263,0.024953591566655386,0.0006226817320754549,0.153225425,0.212548075,0.059322650000000005,True
DGP-N,77,nu,12.8628,19.43778989875,6.0723341362984025,6.574989898750001,43.23049216866455,11.6371125,34.4914975,22.854385,True
DGP-N,78,mu,-0.5938767104481872,-0.3170033629725,0.22762887847715543,0.27687334747568726,0.07665885054239266,-0.7693285999999999,0.14216282499999916,0.911491424999999,True
DGP-N,78,phi,0.9883567500000001,0.98985312225,0.002696621856691199,0.0014963722499998777,2.2391299105696967e-06,0.984192975,0.994681025,0.010488049999999971,True
DGP-N,78,sigma_h,1.0268899999999999,1.0314374257499999,0.12656362613329208,0.00454742575,2.0679080951763067e-05,0.838104225,1.33220325,0.494099025,True
DGP-N,78,sigma_eta,0.1562457416833446,0.143392233625,0.012549163006314973,-0.012853508058344593,0.00016521266940592937,0.12043625000000001,0.16959509999999997,0.04915884999999996,True
DGP-N,78,nu,12.8628,13.397204879999999,2.938560065618626,0.5344048799999985,0.2855885757678128,9.253366750000001,20.5115425,11.25817575,True
DGP-N,79,mu,-0.5892984905036143,-0.7682627190225001,0.21764935562007018,-0.17896422851888583,0.03202819508935999,-1.19659725,-0.32536335000000005,0.8712338999999999,True
DGP-N,79,phi,0.9883567500000001,0.9886510416250001,0.0028819582339617874,0.00029429162499994277,8.660756054510694e-08,0.982590875,0.993897075,0.011306200000000044,True
DGP-N,79,sigma_h,1.0268899999999999,1.046749969,0.12215598527827527,0.01985996900000009,0.0003944183686809645,0.858235275,1.3324599999999998,0.4742247249999998,True
DGP-N,79,sigma_eta,0.1562457416833446,0.154159136375,0.012861877309213711,-0.0020866053083445912,4.353921712811827e-06,0.130352975,0.181149375,0.05079639999999999,True
DGP-N,79,nu,12.8628,11.03184706125,2.063709247050592,-1.8309529387500003,3.3523886639172624,7.9787972499999995,15.943494999999999,7.964697749999999,True
DGP-N,80,mu,-0.5904975255736357,-0.5124548450984501,0.23078948033089292,0.07804268047518559,0.006090659975751914,-0.9536041749999999,-0.045378920000000614,0.9082252549999993,True
DGP-N,80,phi,0.9883567500000001,0.988647679625,0.002959661822150893,0.0002909296249998805,8.46400467025711e-08,0.982521775,0.99399705,0.011475275000000007,True
DGP-N,80,sigma_h,1.0268899999999999,1.03762778725,0.12286588249905167,0.010737787250000075,0.00011530007502626417,0.85146255,1.32384625,0.47238369999999985,True
DGP-N,80,sigma_eta,0.1562457416833446,0.152750427875,0.013783795122354541,-0.0034953138083445856,1.221721861880433e-05,0.127159875,0.18047789999999997,0.05331802499999996,True
DGP-N,80,nu,12.8628,9.14378945125,1.3864070025119926,-3.719010548749999,13.83103946171377,6.9692825,12.2838275,5.314544999999999,False
DGP-N,81,mu,-0.5922441880259863,-0.37574125211325005,0.1887071975278112,0.21650293591273628,0.04687352125883439,-0.744183575,0.003201847249999893,0.7473854222499999,True
DGP-N,81,phi,0.9883567500000001,0.987372541375,0.003240243811973605,-0.0009842086250001492,9.686666175246843e-07,0.980467575,0.9931440500000001,0.01267647500000002,True
DGP-N,81,sigma_h,1.0268899999999999,0.9386903902500001,0.1072253304587841,-0.08819960974999974,0.00777917116005225,0.769013575,1.1891209999999999,0.42010742499999987,True
DGP-N,81,sigma_eta,0.1562457416833446,0.14588661475,0.013432142456899988,-0.010359126933344592,0.00010731151082114534,0.1214855,0.1744085,0.052923,True
DGP-N,81,nu,12.8628,12.074546235000001,2.36549425059167,-0.7882537649999986,0.621343998036673,8.584356,17.7151875,9.1308315,True
DGP-N,82,mu,-0.5901881785080197,-0.7163474219513749,0.28095778707229413,-0.12615924344335516,0.015916154706199753,-1.24712,-0.1355654750000002,1.1115545249999998,True
DGP-N,82,phi,0.9883567500000001,0.992098566375,0.002258560469639618,0.003741816374999929,1.4001189784217608e-05,0.987262,0.99612115,0.008859150000000038,True
DGP-N,82,sigma_h,1.0268899999999999,1.11008021225,0.15686232805110076,0.08319021225000012,0.006920611414200069,0.87979125,1.49478175,0.6149905,True
DGP-N,82,sigma_eta,0.1562457416833446,0.13551012175,0.011393666520693636,-0.020735619933344607,0.0004299659340201182,0.1148594,0.15961222499999994,0.04475282499999994,True
DGP-N,82,nu,12.8628,14.4935867425,3.440800042404806,1.6307867424999998,2.6594653995137607,9.738815500000001,23.11143,13.372614499999997,True
DGP-N,83,mu,-0.5895348546008919,-0.35177267318608746,0.34108509484052735,0.23776218141480449,0.0565308549111264,-1.0125955,0.3484266749999991,1.3610221749999991,True
DGP-N,83,phi,0.9883567500000001,0.9936671176249999,0.001831647901493008,0.005310367624999812,2.8200004312646144e-05,0.9897209499999999,0.99696005,0.007239100000000054,False
DGP-N,83,sigma_h,1.0268899999999999,1.24702502775,0.1765408802779073,0.22013502775000005,0.04845943044249329,0.9831658750000001,1.67540775,0.6922418749999999,True
DGP-N,83,sigma_eta,0.1562457416833446,0.13621684138749998,0.011171743951570777,-0.020028900295844615,0.0004011568470608845,0.115229225,0.1593105,0.04408127499999999,True
DGP-N,83,nu,12.8628,16.248933575,4.214787235168038,3.386133574999999,11.465900587742272,10.5728325,26.620155,16.0473225,True
DGP-N,84,mu,-0.5851226240112137,-1.0159664613400001,0.22366862789090683,-0.4308438373287864,0.18562641216419376,-1.4501472499999999,-0.5690109250000001,0.8811363249999998,True
DGP-N,84,phi,0.9883567500000001,0.989296494125,0.002918248095040672,0.0009397441249998639,8.831190204717599e-07,0.983063875,0.994533175,0.011469300000000016,True
DGP-N,84,sigma_h,1.0268899999999999,1.0024916115,0.1217364125404026,-0.024398388499999868,0.0005952813613969258,0.8151743,1.29455775,0.47938345000000004,True
DGP-N,84,sigma_eta,0.1562457416833446,0.14307244868750002,0.01321579983397684,-0.013173292995844577,0.00017353564835436778,0.11914032499999999,0.170713075,0.05157275,True
DGP-N,84,nu,12.8628,13.869348158749998,3.130450123447069,1.0065481587499985,1.013139195883012,9.460354500000001,21.508012499999992,12.047657999999991,True
DGP-N,85,mu,-0.589474924465893,-0.42160108863875,0.18646739932360432,0.167873835827143,0.028181624755318557,-0.790318725,-0.045035362500000044,0.7452833624999999,True
DGP-N,85,phi,0.9883567500000001,0.9858026198749998,0.003409992215239426,-0.0025541301250002757,6.523580695433924e-06,0.978679925,0.991947,0.013267075000000017,True
DGP-N,85,sigma_h,1.0268899999999999,0.9674733832500001,0.10306755919201174,-0.05941661674999976,0.0035303343460163523,0.8021437499999999,1.2055624999999996,0.4034187499999997,True
DGP-N,85,sigma_eta,0.1562457416833446,0.15976637575000002,0.013847061030971927,0.003520634066655426,1.2394864231294722e-05,0.13391265,0.18806902499999997,0.05415637499999998,True
DGP-N,85,nu,12.8628,16.54289653125,4.543663849412613,3.680096531250001,13.54311047931829,10.554422500000001,27.703792499999984,17.149369999999983,True
DGP-N,86,mu,-0.5847448214250435,-0.7592523033499999,0.2223844977536255,-0.17450748192495646,0.030452861247789006,-1.20179875,-0.31592305000000026,0.8858756999999997,True
DGP-N,86,phi,0.9883567500000001,0.988246778875,0.003115209389538898,-0.00010997112500010786,1.2093648333789348e-08,0.981656925,0.993791425,0.012134499999999937,True
DGP-N,86,sigma_h,1.0268899999999999,1.061857024625,0.12397710623503164,0.03496702462500023,0.0012226928111253726,0.871714175,1.3548302499999998,0.48311607499999976,True
DGP-N,86,sigma_eta,0.1562457416833446,0.15895537687500003,0.01391650284383672,0.0027096351916554295,7.3421228718575565e-06,0.1331907,0.1874546,0.054263900000000004,True
DGP-N,86,nu,12.8628,16.457171338749998,4.524812900415004,3.5943713387499976,12.919505320827449,10.5082225,27.409164999999987,16.900942499999985,True
DGP-N,87,mu,-0.5917940239174386,-0.559592927405125,0.23941581391450695,0.03220109651231362,0.0010369106165953365,-1.0201945,-0.07936915000000004,0.9408253499999999,True
DGP-N,87,phi,0.9883567500000001,0.989988006375,0.002649472782713129,0.0016312563749998343,2.6609973609776003e-06,0.9844615499999999,0.994771175,0.0103096250000001,True
DGP-N,87,sigma_h,1.0268899999999999,1.0552642705,0.1305123067968104,0.028374270500000076,0.0008050992264071746,0.8567929249999999,1.3574722499999998,0.5006793249999999,True
DGP-N,87,sigma_eta,0.1562457416833446,0.14574497771249997,0.012783826901911915,-0.010500763970844623,0.00011026604397138853,0.12189755000000001,0.17205045,0.050152899999999986,True
DGP-N,87,nu,12.8628,12.550634472499999,2.5960384666574794,-0.31216552750000126,0.09744731655935404,8.92207975,18.726757499999998,9.804677749999998,True
DGP-N,88,mu,-0.589802725895044,-0.6103193637012501,0.23765541214646124,-0.02051663780620605,0.00042093242687104345,-1.07519425,-0.12966825000000015,0.9455259999999999,True
DGP-N,88,phi,0.9883567500000001,0.9886853892499999,0.0029202784409634703,0.0003286392499998181,1.0800375664044293e-07,0.982488925,0.994046075,0.011557150000000016,True
DGP-N,88,sigma_h,1.0268899999999999,1.1404240325000001,0.13396229742604038,0.11353403250000027,0.012889976535711117,0.93653135,1.4580644999999999,0.5215331499999999,True
DGP-N,88,sigma_eta,0.1562457416833446,0.16764536262500002,0.014782091897782514,0.01139962094165542,0.00012995135761342878,0.14048385,0.19833642499999998,0.05785257499999999,True
DGP-N,88,nu,12.8628,14.29909478125,3.6000164023530647,1.43629478125,2.062942698645985,9.47746575,23.00546499999999,13.52799924999999,True
DGP-N,89,mu,-0.5874866564731842,-0.8388868290675,0.3366750830598841,-0.2514001725943158,0.06320204678045177,-1.4783785,-0.1492597250000002,1.3291187749999998,True
DGP-N,89,phi,0.9883567500000001,0.9936042520000001,0.0018824944313082278,0.005247502000000015,2.7536277240004156e-05,0.989596925,0.9969570249999999,0.0073600999999999805,False
DGP-N,89,sigma_h,1.0268899999999999,1.19282352525,0.17074439078598666,0.16593352525000005,0.027533934801892403,0.935088375,1.6084667499999998,0.6733783749999999,True
DGP-N,89,sigma_eta,0.1562457416833446,0.1309650127375,0.012407442002601504,-0.0252807289458446,0.000639115256033265,0.10873645,0.15686934999999996,0.048132899999999965,True
DGP-N,89,nu,12.8628,8.8734473075,1.301302712731965,-3.9893526925000007,15.914934905157004,6.806119,11.9149275,5.108808499999999,False
DGP-N,90,mu,-0.591363737974534,-0.39461722736061255,0.2645320879898778,0.19674651061392145,0.038709189438753906,-0.908178275,0.12634339999999977,1.0345216749999997,True
DGP-N,90,phi,0.9883567500000001,0.990416286125,0.002483514806877942,0.0020595361249998723,4.241689050179489e-06,0.9851469,0.994876,0.009729099999999935,True
DGP-N,90,sigma_h,1.0268899999999999,1.172066416125,0.14408325940355027,0.1451764161250002,0.02107619179889922,0.9495967750000001,1.5050452499999996,0.5554484749999995,True
DGP-N,90,sigma_eta,0.1562457416833446,0.15839708287499998,0.01235434877053217,0.002151341191655387,4.628268922913221e-06,0.135713325,0.1837041,0.04799077500000001,True
DGP-N,90,nu,12.8628,18.540727031249997,5.384964652019227,5.677927031249997,32.2388553721994,11.366005,31.95934499999999,20.59333999999999,True
DGP-N,91,mu,-0.5904100131184818,-0.6756204018578751,0.23265610065811687,-0.08521038873939324,0.007260810349118514,-1.12265325,-0.19588537500000014,0.9267678749999998,True
DGP-N,91,phi,0.9883567500000001,0.990077060125,0.002734404034188759,0.0017203101249998465,2.9594669261769874e-06,0.9841966,0.9950300999999999,0.01083349999999994,True
DGP-N,91,sigma_h,1.0268899999999999,0.995212721375,0.12575436864929102,-0.031677278624999805,0.0010034499810858695,0.80716825,1.29756125,0.49039299999999997,True
DGP-N,91,sigma_eta,0.1562457416833446,0.1366470712125,0.012735018391126505,-0.019598670470844598,0.00038410788422475604,0.1129106,0.163059025,0.050148424999999996,True
DGP-N,91,nu,12.8628,14.34814076875,3.4804315309453435,1.4853407687499995,2.2062371993108396,9.5649795,22.752869999999998,13.187890499999998,True
DGP-N,92,mu,-0.5885810689623091,-0.73309489796,0.21166157438578334,-0.14451382899769094,0.02088424677157386,-1.1404765000000001,-0.30873810000000007,0.8317384000000001,True
DGP-N,92,phi,0.9883567500000001,0.9868796495,0.0031630841015184703,-0.0014771005000001614,2.1818258871007266e-06,0.980268975,0.992661125,0.012392150000000046,True
DGP-N,92,sigma_h,1.0268899999999999,1.02476000625,0.11163425955352804,-0.002129993749999892,4.536873375038604e-06,0.84732595,1.2857854999999998,0.4384595499999998,True
DGP-N,92,sigma_eta,0.1562457416833446,0.162663661875,0.01424434429237922,0.006417920191655407,4.118969958645818e-05,0.13707965,0.19261105,0.05553140000000001,True
DGP-N,92,nu,12.8628,9.082979258750001,1.373550513274631,-3.779820741249999,14.287044835983693,6.90003425,12.269615,5.36958075,False
DGP-N,93,mu,-0.5901785623500202,-0.21349807558387499,0.24518164786202448,0.3766804867661452,0.14188818911038006,-0.690320375,0.2885198249999997,0.9788401999999996,True
DGP-N,93,phi,0.9883567500000001,0.989978809125,0.0026065320861983045,0.0016220591249999083,2.6310758049954683e-06,0.98430895,0.994694,0.010385050000000007,True
DGP-N,93,sigma_h,1.0268899999999999,1.0804523504999999,0.1296064607863323,0.05356235050000002,0.0028689253910848525,0.8840448249999999,1.3993704999999999,0.5153256749999999,True
DGP-N,93,sigma_eta,0.1562457416833446,0.149464880125,0.013381667363951135,-0.006780861558344592,4.598008347343545e-05,0.12487820000000001,0.17705449999999998,0.05217629999999997,True
DGP-N,93,nu,12.8628,10.13535721625,1.734896984176979,-2.72744278375,7.438944138629949,7.433324000000001,14.196839999999998,6.763515999999997,True
DGP-N,94,mu,-0.5879722373371206,-0.7108915262625,0.16007969111894427,-0.1229192889253794,0.015109151589920898,-1.01697775,-0.38142387500000013,0.6355538749999998,True
DGP-N,94,phi,0.9883567500000001,0.98321757975,0.0038820256525795714,-0.005139170250000102,2.6411070858486117e-05,0.97511985,0.990285625,0.015165774999999937,True
DGP-N,94,sigma_h,1.0268899999999999,0.899622890625,0.08762932690710021,-0.12726710937499985,0.016196917128668175,0.75704465,1.0964207499999998,0.33937609999999985,True
DGP-N,94,sigma_eta,0.1562457416833446,0.16180274625,0.014855882707314555,0.0055570045666553936,3.08802997538289e-05,0.13422989999999999,0.19240147499999996,0.058171574999999975,True
DGP-N,94,nu,12.8628,17.40457203625,5.083935814416541,4.5417720362499985,20.62769322926246,10.968950000000001,29.66101499999999,18.692064999999985,True
DGP-N,95,mu,-0.5862520551711315,-0.570824641727,0.23388985140088162,0.015427413444131566,0.00023800508557617138,-1.0180339999999999,-0.09627750250000056,0.9217564974999993,True
DGP-N,95,phi,0.9883567500000001,0.98836725875,0.002933075611685867,1.0508749999860179e-05,1.104338265595613e-10,0.982243925,0.993771075,0.01152714999999993,True
DGP-N,95,sigma_h,1.0268899999999999,1.080315461625,0.12462532564300577,0.05342546162500006,0.002854279949844354,0.88913155,1.3679127499999997,0.4787811999999997,True
DGP-N,95,sigma_eta,0.1562457416833446,0.16113211225,0.013666419787534922,0.00488637056665539,2.387661731467612e-05,0.13572927499999998,0.18927872499999998,0.05354945,True
DGP-N,95,nu,12.8628,13.88093825,3.0988736537300063,1.0181382499999998,1.0366054961130622,9.59243125,21.029005,11.43657375,True
DGP-N,96,mu,-0.5911617284863998,-0.64982533264375,0.20124648567516665,-0.05866360415735017,0.003441418452730272,-1.04559975,-0.2359967000000001,0.80960305,True
DGP-N,96,phi,0.9883567500000001,0.986352351875,0.003503904011702431,-0.002004398125000084,4.0176118435038535e-06,0.9789277750000001,0.9925782,0.01365042499999991,True
DGP-N,96,sigma_h,1.0268899999999999,1.0098781065,0.10968532593517054,-0.017011893499999875,0.000289404520455338,0.837918875,1.2596607499999999,0.42174187499999993,True
DGP-N,96,sigma_eta,0.1562457416833446,0.16330566500000002,0.016007604229175576,0.00705992331665542,4.9842517237054865e-05,0.133774625,0.19654277499999998,0.06276814999999997,True
DGP-N,96,nu,12.8628,12.01849617875,2.551856879953195,-0.8443038212499996,0.7128489425773512,8.361205,18.3870875,10.0258825,True
DGP-N,97,mu,-0.5854913375841162,-0.6801672486875,0.13801564667466013,-0.0946759111033838,0.008963528143255833,-0.9431996749999999,-0.40535127500000034,0.5378483999999996,True
DGP-N,97,phi,0.9883567500000001,0.980853668625,0.004644977504635296,-0.007503081375000109,5.6296230119873526e-05,0.971072925,0.989197025,0.018124099999999976,True
DGP-N,97,sigma_h,1.0268899999999999,0.8111698015,0.07791798794957658,-0.2157201984999999,0.04653520404087936,0.683638875,0.9858816249999999,0.3022427499999999,False
DGP-N,97,sigma_eta,0.1562457416833446,0.15572286725,0.016178711685726203,-0.0005228744333445889,2.73397673045425e-07,0.1265907,0.188860175,0.06226947499999999,True
DGP-N,97,nu,12.8628,11.7055203175,2.2315542181055936,-1.1572796825000005,1.3392962635273018,8.36211825,16.99045999999999,8.628341749999992,True
DGP-N,98,mu,-0.5922367513538564,-0.3769350171268375,0.27096853267863896,0.21530173422701893,0.046354836761161894,-0.8994080999999999,0.19169247499999903,1.091100574999999,True
DGP-N,98,phi,0.9883567500000001,0.9898511685,0.0025850490994783035,0.0014944184999998722,2.233286653141868e-06,0.9843979,0.994536425,0.010138524999999898,True
DGP-N,98,sigma_h,1.0268899999999999,1.216435899625,0.14783041599168992,0.18954589962500012,0.035927648064650625,0.99161515,1.566741,0.5751258499999999,True
DGP-N,98,sigma_eta,0.1562457416833446,0.16927800625,0.013397801198940509,0.013032264566655405,0.000169839919735302,0.145093375,0.19709592499999998,0.05200254999999998,True
DGP-N,98,nu,12.8628,10.1239725625,1.6451349203050367,-2.7388274374999995,7.501175732402814,7.54797575,13.948202499999999,6.400226749999999,True
DGP-N,99,mu,-0.5809483638477946,-1.04116923705,0.19593464278775194,-0.4602208732022055,0.2118032521310005,-1.4110654999999999,-0.6394948750000001,0.7715706249999997,False
DGP-N,99,phi,0.9883567500000001,0.98770416375,0.0031600928312351347,-0.0006525862500000867,4.2586881368917573e-07,0.980979,0.99346805,0.012489050000000002,True
DGP-N,99,sigma_h,1.0268899999999999,0.953023916375,0.1111109109394161,-0.07386608362499991,0.00545619831009548,0.78441365,1.2069877499999992,0.4225740999999993,True
DGP-N,99,sigma_eta,0.1562457416833446,0.14610921687499998,0.013610339012983705,-0.010136524808344621,0.00010274913519018597,0.120991975,0.17442532499999996,0.05343334999999996,True
DGP-N,99,nu,12.8628,12.587737715,2.692853104648201,-0.27506228500000063,0.07565926062942158,8.7335525,18.995085,10.2615325,True
DGP-N,100,mu,-0.5871851072437798,-0.5471033844518749,0.2096102888996799,0.04008172279190492,0.0016065445019671101,-0.94968135,-0.11656667500000022,0.8331146749999998,True
DGP-N,100,phi,0.9883567500000001,0.9875646266250001,0.0031827833649118514,-0.000792123375000009,6.274594412214048e-07,0.9807454,0.99335605,0.012610650000000057,True
DGP-N,100,sigma_h,1.0268899999999999,1.010409563625,0.11598495770108216,-0.016480436374999963,0.00027160478311042194,0.830910325,1.2868279999999999,0.4559176749999999,True
DGP-N,100,sigma_eta,0.1562457416833446,0.155782540125,0.013794346635035887,-0.0004632015583445892,2.1455568365285588e-07,0.13087695,0.184171325,0.053294375000000005,True
DGP-N,100,nu,12.8628,12.829378721249999,2.914218534270129,-0.03342127875000145,0.0011169818732852984,8.74787675,19.9159175,11.16804075,True
DGP-N,101,mu,-0.5912498274396675,-0.435510035739,0.17694003531153676,0.15573979170066748,0.024254882718967297,-0.7833153749999999,-0.08334534250000084,0.6999700324999991,True
DGP-N,101,phi,0.9883567500000001,0.9852884523750001,0.0035620596546948524,-0.0030682976250000493,9.414450315580943e-06,0.977722875,0.991739125,0.014016250000000063,True
DGP-N,101,sigma_h,1.0268899999999999,0.951896563125,0.09993420168182657,-0.07499343687499982,0.005624015574324582,0.7920372999999999,1.1789705000000001,0.3869332000000002,True
DGP-N,101,sigma_eta,0.1562457416833446,0.160002585375,0.014205376712284097,0.0037568436916554093,1.4113874523531044e-05,0.1343589,0.18968067499999997,0.05532177499999996,True
DGP-N,101,nu,12.8628,10.416098450000002,1.8357784092341451,-2.4467015499999984,5.986348474772395,7.637818749999999,14.728657499999994,7.090838749999994,True
DGP-N,102,mu,-0.5915497131749653,-0.49187583678925,0.2803722661342301,0.09967387638571529,0.009934881633754852,-1.0487005,0.07070397999999999,1.11940448,True
DGP-N,102,phi,0.9883567500000001,0.990471155875,0.0024467146400110064,0.0021144058749998917,4.470712204234058e-06,0.98527075,0.994843275,0.009572525000000054,True
DGP-N,102,sigma_h,1.0268899999999999,1.249318749625,0.15076883230984345,0.22242874962500014,0.049474548659741005,1.01925,1.6079504999999994,0.5887004999999994,True
DGP-N,102,sigma_eta,0.1562457416833446,0.16844243325,0.012857099266698481,0.012196691566655399,0.00014875928517212294,0.144834525,0.195252725,0.050418199999999996,True
DGP-N,102,nu,12.8628,15.704816098750001,4.124211747921732,2.842016098750001,8.077055505554176,10.3047475,25.917257499999998,15.612509999999999,True
DGP-N,103,mu,-0.5920865812167301,-0.18996873892004998,0.23084781398755957,0.40211784229668013,0.1616987590933377,-0.63773535,0.28115527499999904,0.9188906249999991,True
DGP-N,103,phi,0.9883567500000001,0.9888250288749999,0.002891791664638066,0.0004682788749997835,2.1928510477106285e-07,0.982698725,0.9941330500000001,0.011434325000000078,True
DGP-N,103,sigma_h,1.0268899999999999,1.0558692016250002,0.12462879051340554,0.02897920162500034,0.0008397941268224223,0.8607924,1.3507994999999997,0.4900070999999997,True
DGP-N,103,sigma_eta,0.1562457416833446,0.15420152275000001,0.013284504348608794,-0.0020442189333445826,4.178831047444463e-06,0.12967445000000002,0.18172124999999997,0.05204679999999995,True
DGP-N,103,nu,12.8628,12.387347148749999,2.568482622524247,-0.4754528512500009,0.2260554137617555,8.676934750000001,18.5576275,9.880692749999998,True
DGP-N,104,mu,-0.5867298739855591,-0.49038412939212506,0.15664143395587063,0.09634574459343404,0.009282502501263223,-0.7945593,-0.1777657000000001,0.6167935999999998,True
DGP-N,104,phi,0.9883567500000001,0.982570602625,0.004188241354903508,-0.005786147375000161,3.347950144522126e-05,0.973543975,0.9900520500000001,0.016508075000000066,True
DGP-N,104,sigma_h,1.0268899999999999,0.8977826782500001,0.08715783178602445,-0.12910732174999973,0.01666870052945795,0.754690325,1.09159625,0.33690592500000005,True
DGP-N,104,sigma_eta,0.1562457416833446,0.164468918,0.016155634752790096,0.008223176316655395,6.762062873480218e-05,0.13496355,0.198143,0.06317945000000003,True
DGP-N,104,nu,12.8628,11.0896194575,2.104557015272489,-1.7731805425000005,3.1441692363005957,8.00337225,16.145399999999995,8.142027749999995,True
DGP-N,105,mu,-0.5968680559332458,-0.16632195878056252,0.23402304863829385,0.4305460971526832,0.18536994177340774,-0.621793225,0.31244904999999995,0.9342422749999999,True
DGP-N,105,phi,0.9883567500000001,0.9897521662500001,0.002727838772023872,0.0013954162499999478,1.947186510763917e-06,0.9840368,0.994702125,0.010665324999999948,True
DGP-N,105,sigma_h,1.0268899999999999,1.051257965125,0.1305750759798297,0.02436796512500017,0.0005937977243332244,0.8513567,1.364382,0.5130253,True
DGP-N,105,sigma_eta,0.1562457416833446,0.1468070535,0.012672390220904524,-0.00943868818334459,8.90888346224088e-05,0.12322255,0.172662875,0.04944032499999999,True
DGP-N,105,nu,12.8628,11.31532109875,2.110318041021261,-1.5474789012500008,2.3946909498139095,8.201061999999999,16.49231,8.291248000000001,True
DGP-N,106,mu,-0.5881261523307973,-0.8788663548249999,0.17905348401653307,-0.2907402024942025,0.08452986534636989,-1.23965975,-0.52723325,0.7124265,True
DGP-N,106,phi,0.9883567500000001,0.9848424855000001,0.003627986607836788,-0.0035142645000000305,1.2350054975960465e-05,0.977128875,0.991337025,0.014208149999999975,True
DGP-N,106,sigma_h,1.0268899999999999,0.9817684343749999,0.1003366205313364,-0.045121565624999915,0.002035955684451174,0.8209116000000001,1.2085959999999996,0.3876843999999995,True
DGP-N,106,sigma_eta,0.1562457416833446,0.16754634375,0.014177002316222221,0.011300602066655396,0.00012770360706889622,0.141205575,0.19691377499999996,0.05570819999999996,True
DGP-N,106,nu,12.8628,15.804104252500002,4.166118640546691,2.941304252500002,8.651270705774595,10.15151,26.0496175,15.8981075,True
DGP-N,107,mu,-0.5918868030504684,-0.333593795829375,0.18321871746310844,0.2582930072210934,0.0667152775793158,-0.694339825,0.033568779999999895,0.7279086049999999,True
DGP-N,107,phi,0.9883567500000001,0.9878003807500001,0.003330266110624703,-0.0005563692500000217,3.0954674234558664e-07,0.98086955,0.9938260999999999,0.012956549999999956,True
DGP-N,107,sigma_h,1.0268899999999999,0.867716404875,0.10243879647110272,-0.15917359512499984,0.025336233385017375,0.7072764250000001,1.10685025,0.3995738249999998,True
DGP-N,107,sigma_eta,0.1562457416833446,0.1322947631125,0.01338438515679311,-0.023950978570844605,0.0005736493745010575,0.10738377499999999,0.160501875,0.0531181,True
DGP-N,107,nu,12.8628,10.88609573125,1.8612125716268852,-1.9767042687499998,3.9073597660944714,8.0622,15.182569999999998,7.120369999999998,True
DGP-N,108,mu,-0.5903947031770671,-0.536560606138125,0.29204771407432256,0.05383409703894215,0.0028981100039982403,-1.11326525,0.050011432499999925,1.1632766824999998,True
DGP-N,108,phi,0.9883567500000001,0.9912557972500001,0.0023890205813386573,0.0028990472500000086,8.404474957732613e-06,0.986176925,0.99544305,0.009266125000000014,True
DGP-N,108,sigma_h,1.0268899999999999,1.216374203125,0.1553871155876709,0.18948420312500014,0.035904263233916316,0.9783245,1.5805412499999993,0.6022167499999993,True
DGP-N,108,sigma_eta,0.1562457416833446,0.156750308625,0.013153100009250948,0.0005045669416554044,2.5458779861148824e-07,0.13275055,0.18423367499999999,0.05148312499999999,True
DGP-N,108,nu,12.8628,8.728013650000001,1.2810457088927238,-4.134786349999999,17.096458160146312,6.7075664999999995,11.62213999999999,4.91457349999999,False
DGP-N,109,mu,-0.5874633204700598,-0.5309692028734425,0.27015069604681474,0.056494117596617266,0.0031915853230204206,-1.0635575,0.01661074499999976,1.0801682449999996,True
DGP-N,109,phi,0.9883567500000001,0.9903741676250001,0.0024058534000120737,0.002017417624999962,4.069973873660487e-06,0.985269925,0.99471615,0.00944622500000003,True
DGP-N,109,sigma_h,1.0268899999999999,1.1931320193750001,0.14071662279904068,0.16624201937500027,0.027636409005877965,0.97626885,1.5313882499999998,0.5551193999999998,True
DGP-N,109,sigma_eta,0.1562457416833446,0.16194432362499997,0.013313070538273148,0.005698581941655373,3.247383614576072e-05,0.13743997500000002,0.18901854999999998,0.05157857499999996,True
DGP-N,109,nu,12.8628,11.66286232,2.313640758582518,-1.1999376799999997,1.4398504358837816,8.3049625,17.1639425,8.85898,True
DGP-N,110,mu,-0.5840210327122686,-0.619266480445625,0.22367254173457085,-0.03524544773335647,0.001242241585924763,-1.0359477499999998,-0.1554163,0.8805314499999999,True
DGP-N,110,phi,0.9883567500000001,0.9883878734999999,0.002951128726791329,3.1123499999785587e-05,9.686722522366534e-10,0.98221685,0.993758025,0.011541174999999959,True
DGP-N,110,sigma_h,1.0268899999999999,1.05517361125,0.11972971572342442,0.02828361125000023,0.0007999626653411395,0.865675925,1.3359564999999998,0.47028057499999976,True
DGP-N,110,sigma_eta,0.1562457416833446,0.15725838575,0.01367195233874047,0.0010126440666554104,1.0254480057324073e-06,0.13174695,0.18595710000000001,0.05421015000000001,True
DGP-N,110,nu,12.8628,16.0229023375,4.391252325607279,3.1601023374999997,9.986246783472962,10.255785000000001,26.36472749999999,16.10894249999999,True
DGP-N,111,mu,-0.5873019458720655,-0.6324480433425,0.2228149003072371,-0.04514609747043452,0.002038170116809974,-1.054838,-0.16097717500000042,0.8938608249999995,True
DGP-N,111,phi,0.9883567500000001,0.98987082575,0.0026941108559782718,0.0015140757499998436,2.292425376737589e-06,0.984265575,0.994683275,0.010417699999999974,True
DGP-N,111,sigma_h,1.0268899999999999,0.9979713696250001,0.12072861226887993,-0.028918630374999754,0.0008362871827658584,0.8123988750000001,1.2766307499999998,0.46423187499999974,True
DGP-N,111,sigma_eta,0.1562457416833446,0.1387188359125,0.012822761263687112,-0.017526905770844592,0.00030719242590006545,0.115605975,0.16522775,0.04962177500000001,True
DGP-N,111,nu,12.8628,8.665503343749998,1.2427189151147897,-4.197296656250002,17.617299220567443,6.6743005,11.537704999999997,4.863404499999997,False
DGP-N,112,mu,-0.5878504791691997,-0.6094824144937501,0.15419860056544293,-0.021631935324550322,0.00046794062588552805,-0.9076197749999999,-0.30461205000000013,0.6030077249999998,True
DGP-N,112,phi,0.9883567500000001,0.9843474441250001,0.0036834499638358728,-0.0040093058750000354,1.60745335993098e-05,0.9764918,0.990962025,0.014470224999999948,True
DGP-N,112,sigma_h,1.0268899999999999,0.8436130432500001,0.08543188489689028,-0.18327695674999978,0.03359044287554129,0.706030525,1.042759,0.336728475,True
DGP-N,112,sigma_eta,0.1562457416833446,0.146457657875,0.013480441671586029,-0.009788083808344589,9.580658463917751e-05,0.12242365000000001,0.17502215000000002,0.052598500000000006,True
DGP-N,112,nu,12.8628,16.0136262075,4.222296533564324,3.1508262074999998,9.927705789868831,10.357407499999999,26.183649999999997,15.826242499999998,True
DGP-N,113,mu,-0.5901551963399956,-0.412943073572625,0.209176086448794,0.17721212276737058,0.03140413645571762,-0.815950325,0.008212270749999459,0.8241625957499994,True
DGP-N,113,phi,0.9883567500000001,0.98939621275,0.003031129559757953,0.0010394627499998865,1.0804828086373266e-06,0.9829799,0.994809275,0.01182937500000003,True
DGP-N,113,sigma_h,1.0268899999999999,0.915056677375,0.1143210880328009,-0.1118333226249999,0.012506692049347314,0.7411829,1.19017125,0.4489883499999999,True
DGP-N,113,sigma_eta,0.1562457416833446,0.1297949145625,0.013493796346930995,-0.026450827120844594,0.000699646255376808,0.105299375,0.157449075,0.05214969999999999,True
DGP-N,113,nu,12.8628,13.45781345,2.8827964864833695,0.5950134499999997,0.3540410056809022,9.34046375,20.411059999999985,11.070596249999985,True
DGP-N,114,mu,-0.5899401906963498,-0.6575374702504999,0.29933405345799474,-0.06759727955415007,0.004569392203121915,-1.2557255,-0.04455409500000029,1.2111714049999998,True
DGP-N,114,phi,0.9883567500000001,0.992184922375,0.002172687121058877,0.003828172374999883,1.4654903732712245e-05,0.98765295,0.9961372000000001,0.008484250000000082,True
DGP-N,114,sigma_h,1.0268899999999999,1.1757953871250002,0.16168274461112225,0.14890538712500034,0.022172814314846218,0.938460125,1.5682129999999999,0.6297528749999999,True
DGP-N,114,sigma_eta,0.1562457416833446,0.14292811425,0.011624869209854156,-0.013317627433344609,0.0001773592004533729,0.12138965,0.16659597499999998,0.04520632499999998,True
DGP-N,114,nu,12.8628,12.270969343749998,2.434464856647943,-0.5918306562500018,0.35026352567730773,8.663849,18.16582,9.501971,True
DGP-N,115,mu,-0.5823477645389759,-1.21571371005,0.22687865011748407,-0.6333659455110241,0.4011524209330736,-1.64895675,-0.74834255,0.9006141999999999,False
DGP-N,115,phi,0.9883567500000001,0.9872797257499999,0.003193481613128313,-0.0010770242500002247,1.1599812350885466e-06,0.9805999000000001,0.993001425,0.012401524999999913,True
DGP-N,115,sigma_h,1.0268899999999999,1.0992513965,0.12376636645772572,0.07236139650000006,0.005236171703430222,0.906475525,1.3945142499999998,0.4880387249999999,True
DGP-N,115,sigma_eta,0.1562457416833446,0.17145579350000004,0.014198624246108073,0.01521005181665544,0.00023134567626534344,0.14539405,0.2012822,0.05588815,True
DGP-N,115,nu,12.8628,14.18442382875,3.5479859308592316,1.3216238287500008,1.7466895447198116,9.379859,23.13664499999999,13.756785999999991,True
DGP-N,116,mu,-0.5867785521250551,-0.8574630232571251,0.25599728902225277,-0.27068447113206995,0.07327008291204841,-1.3499595,-0.3171646250000002,1.0327948749999998,True
DGP-N,116,phi,0.9883567500000001,0.9902565133750001,0.002549906395272029,0.0018997633749999743,3.609100880991293e-06,0.9848866249999999,0.9948680249999999,0.00998140000000003,True
DGP-N,116,sigma_h,1.0268899999999999,1.1138153844999998,0.13863567159412277,0.08692538449999998,0.007556022470472837,0.901156175,1.4410139999999998,0.5398578249999998,True
DGP-N,116,sigma_eta,0.1562457416833446,0.151731916375,0.012457903982746748,-0.004513825308344599,2.0374618914252214e-05,0.12875265,0.17752335,0.0487707,True
DGP-N,116,nu,12.8628,11.31028325625,2.098932565524155,-1.5525167437499992,2.4103082396241007,8.185296999999998,16.2526375,8.0673405,True
DGP-N,117,mu,-0.5947497810892434,-0.44926045956375005,0.14102735005343298,0.14548932152549332,0.021167142677948374,-0.7274763499999999,-0.168214375,0.5592619749999999,True
DGP-N,117,phi,0.9883567500000001,0.980423805875,0.00428248301891454,-0.007932944125000119,6.29316024903739e-05,0.9712808249999999,0.9881871750000001,0.01690635000000018,False
DGP-N,117,sigma_h,1.0268899999999999,0.8717234846249999,0.07961060221657933,-0.15516651537499992,0.02407664749362009,0.7391545749999999,1.05734125,0.318186675,True
DGP-N,117,sigma_eta,0.1562457416833446,0.16951791050000004,0.014828195816691153,0.013272168816655439,0.00017615046509780104,0.1426037,0.20048012499999998,0.05787642499999998,True
DGP-N,117,nu,12.8628,18.69112163125,5.570667796987662,5.828321631249999,33.96933303729665,11.364055,32.27467249999999,20.910617499999987,True
DGP-N,118,mu,-0.5850096085334253,-0.90273746747625,0.20870627255758317,-0.31772785894282474,0.10095099234839153,-1.3127782499999998,-0.47146650000000034,0.8413117499999995,True
DGP-N,118,phi,0.9883567500000001,0.988766426125,0.0028963196316564538,0.0004096761249998693,1.6783452739490852e-07,0.982600925,0.993963075,0.01136215000000007,True
DGP-N,118,sigma_h,1.0268899999999999,1.00100402875,0.11795058039777907,-0.025885971249999917,0.0006700835075558223,0.8183823250000001,1.2690857499999997,0.4507034249999996,True
DGP-N,118,sigma_eta,0.1562457416833446,0.146633871625,0.012985595786751063,-0.009611870058344602,9.238804601850145e-05,0.122596275,0.17383659999999998,0.051240324999999975,True
DGP-N,118,nu,12.8628,16.076907371249998,4.145634931243147,3.214107371249998,10.330486193923573,10.546095000000001,26.03677249999999,15.49067749999999,True
DGP-N,119,mu,-0.5951551151291427,-0.43262418681295,0.2884808466244491,0.16253092831619265,0.026416302659323352,-1.0081122500000002,0.14421419999999974,1.15232645,True
DGP-N,119,phi,0.9883567500000001,0.991878355,0.002256810834201146,0.003521604999999872,1.24017017760241e-05,0.987065975,0.995869175,0.008803200000000011,True
DGP-N,119,sigma_h,1.0268899999999999,1.163233833375,0.15431626789490954,0.13634383337500022,0.018589640899389824,0.929661075,1.5240169999999995,0.5943559249999996,True
DGP-N,119,sigma_eta,0.1562457416833446,0.14426776575,0.01220591644630438,-0.011977975933344598,0.0001434719074597824,0.121655,0.16994555,0.04829055,True
DGP-N,119,nu,12.8628,11.522618807499999,2.234135532512023,-1.3401811925000011,1.796085628730725,8.162705,16.80626249999999,8.643557499999988,True
DGP-N,120,mu,-0.5911587273457314,-0.6783850541062499,0.22594369792461386,-0.08722632676051856,0.0076084320801327555,-1.1156622500000002,-0.2235870000000001,0.8920752500000001,True
DGP-N,120,phi,0.9883567500000001,0.987762382375,0.002906994382813127,-0.0005943676250000918,3.532728736482497e-07,0.9817168,0.993039,0.01132220000000006,True
DGP-N,120,sigma_h,1.0268899999999999,1.1168743423750003,0.11906092432452295,0.08998434237500041,0.008097181872661296,0.9278107250000001,1.39484275,0.46703202499999996,True
DGP-N,120,sigma_eta,0.1562457416833446,0.17132600025,0.014500747623293574,0.015080258566655402,0.00022741419843718365,0.14396675,0.20128744999999998,0.057320699999999974,True
DGP-N,120,nu,12.8628,10.48789024375,1.8379536224179047,-2.37490975625,5.6401963503314345,7.6745185000000005,14.717614999999999,7.043096499999998,True
DGP-N,121,mu,-0.5907337406851052,-0.292940890182125,0.23144029906614347,0.2977928505029802,0.08868058181069031,-0.7514938999999999,0.16362107499999978,0.9151149749999997,True
DGP-N,121,phi,0.9883567500000001,0.988645425125,0.0029457684161079095,0.0002886751249998598,8.333332779368469e-08,0.982605925,0.994050125,0.011444200000000015,True
DGP-N,121,sigma_h,1.0268899999999999,1.077225731625,0.12563729026354475,0.05033573162500016,0.002533685878224041,0.883512175,1.3736327499999998,0.49012057499999984,True
DGP-N,121,sigma_eta,0.1562457416833446,0.15858056937499998,0.01372902567807329,0.0023348276916553834,5.4514203497208064e-06,0.13313675,0.187178175,0.054041425000000004,True
DGP-N,121,nu,12.8628,13.38967565125,2.996064547943849,0.5268756512500001,0.27759795188011177,9.136866750000001,20.465037499999998,11.328170749999996,True
DGP-N,122,mu,-0.5866080760853302,-0.462846182916375,0.19768719191918904,0.12376189316895514,0.015317006200763865,-0.839171675,-0.05791911500000006,0.78125256,True
DGP-N,122,phi,0.9883567500000001,0.9860449364999999,0.003372841915809483,-0.002311813500000204,5.3444816587831925e-06,0.979016725,0.9921770999999999,0.013160374999999891,True
DGP-N,122,sigma_h,1.0268899999999999,1.038459617875,0.10821872878572061,0.011569617875000215,0.0001338560577735245,0.8669206,1.2840509999999998,0.4171303999999998,True
DGP-N,122,sigma_eta,0.1562457416833446,0.17005425500000002,0.015150653174390745,0.013808513316655419,0.00019067504001625004,0.14231259999999998,0.20160249999999996,0.05928989999999998,True
DGP-N,122,nu,12.8628,15.17525583875,3.9385465307236793,2.312455838749999,5.347452006168962,9.810703,24.9482,15.137497,True
DGP-N,123,mu,-0.5905329384756843,-0.6358930364125001,0.1801365011392577,-0.045360097936815724,0.002057538484837514,-0.985010325,-0.276375975,0.70863435,True
DGP-N,123,phi,0.9883567500000001,0.984096851875,0.00371281335644703,-0.004259898125000161,1.8146732035379886e-05,0.976443725,0.9909402500000001,0.014496525000000093,True
DGP-N,123,sigma_h,1.0268899999999999,0.990426600875,0.09775364526760863,-0.03646339912499985,0.00132957947574904,0.8318290749999999,1.2182177499999998,0.38638867499999985,True
DGP-N,123,sigma_eta,0.1562457416833446,0.173338633875,0.015562310651785625,0.017092892191655412,0.00029216696347555455,0.143927825,0.205042225,0.061114399999999985,True
DGP-N,123,nu,12.8628,12.398867763750001,2.77241351833999,-0.4639322362499989,0.2152331198319248,8.53213225,19.248069999999988,10.715937749999988,True
DGP-N,124,mu,-0.590509570111486,-0.491437439864825,0.20099822864731529,0.09907213024666095,0.009815286991611352,-0.886456575,-0.08324128750000005,0.8032152874999999,True
DGP-N,124,phi,0.9883567500000001,0.987141158,0.0031629129410355367,-0.0012155920000000986,1.4776639104642397e-06,0.98044845,0.99285855,0.01241009999999998,True
DGP-N,124,sigma_h,1.0268899999999999,1.00074463275,0.11292691847081143,-0.02614536724999983,0.0006835802286373636,0.82681975,1.2771524999999997,0.4503327499999997,True
DGP-N,124,sigma_eta,0.1562457416833446,0.157116148375,0.013896967505191192,0.0008704066916553899,7.57607808878481e-07,0.13152065,0.185728225,0.05420757500000001,True
DGP-N,124,nu,12.8628,12.31950377625,2.5305869752771555,-0.5432962237499996,0.29517078674100966,8.699883,18.574465,9.874582,True
DGP-N,125,mu,-0.5850070543360572,-0.7912791503265,0.2627068165509669,-0.20627209599044283,0.04254817758429046,-1.28717075,-0.25227187500000015,1.0348988749999999,True
DGP-N,125,phi,0.9883567500000001,0.9904382728750001,0.0025593063137333083,0.0020815228749999637,4.332737479148115e-06,0.984881625,0.995155075,0.010273450000000017,True
DGP-N,125,sigma_h,1.0268899999999999,1.1325709132500001,0.14883855821160738,0.10568091325000029,0.011168455425354086,0.912420875,1.48918175,0.576760875,True
DGP-N,125,sigma_eta,0.1562457416833446,0.15257402837499998,0.012410017000635591,-0.0036717133083446207,1.3481478618675e-05,0.1301548,0.178605725,0.048450925000000006,True
DGP-N,125,nu,12.8628,15.68420255875,3.9712837217970516,2.82140255875,7.960312398521047,10.295445,25.376787499999995,15.081342499999995,True
DGP-N,126,mu,-0.5916900000504424,-0.53726433789625,0.17422023099627904,0.05442566215419231,0.002962152700922281,-0.87980945,-0.187605675,0.692203775,True
DGP-N,126,phi,0.9883567500000001,0.982846772875,0.003848920622204846,-0.005509977125000121,3.0359847918024593e-05,0.9746390749999999,0.98985715,0.015218075000000053,True
DGP-N,126,sigma_h,1.0268899999999999,1.01156784225,0.09617525748385926,-0.015322157749999787,0.00023476851811587854,0.8566628749999999,1.2344829999999998,0.37782012499999984,True
DGP-N,126,sigma_eta,0.1562457416833446,0.18400317175,0.015462303309968348,0.027757430066655403,0.0007704749239052654,0.155203575,0.215789425,0.06058585,True
DGP-N,126,nu,12.8628,19.81524881625,6.365921916121211,6.952448816250001,48.33654454257604,11.8973225,36.55400499999997,24.656682499999967,True
DGP-N,128,mu,-0.5896783335010033,-0.6257806575337499,0.19488579432091319,-0.0361023240327466,0.0013033778005654328,-1.01093825,-0.22518247500000002,0.7857557749999999,True
DGP-N,128,phi,0.9883567500000001,0.98759264725,0.003254728703007934,-0.0007641027500001618,5.838530125578098e-07,0.980690775,0.993446025,0.012755249999999996,True
DGP-N,128,sigma_h,1.0268899999999999,0.936655566875,0.10558816534498619,-0.0902344331249999,0.00814225292139008,0.771357475,1.1880305,0.41667302500000003,True
DGP-N,128,sigma_eta,0.1562457416833446,0.14427668697499998,0.014138816249073805,-0.011969054708344612,0.00014325827061134632,0.1178846,0.17338305,0.055498450000000005,True
DGP-N,128,nu,12.8628,11.615185652500001,2.1976927910224484,-1.247614347499999,1.5565415600878483,8.35229075,16.91764999999999,8.565359249999991,True
DGP-N,129,mu,-0.5902907708408971,-0.5995860674200001,0.21878244088416518,-0.009295296579102996,8.640253849348387e-05,-1.034678,-0.16658895,0.86808905,True
DGP-N,129,phi,0.9883567500000001,0.988713319875,0.0028362672648314866,0.00035656987499987913,1.2714207575742943e-07,0.9827009250000001,0.9937511750000001,0.01105025000000004,True
DGP-N,129,sigma_h,1.0268899999999999,1.03169851025,0.11945196986629401,0.004808510250000175,2.3121770824356748e-05,0.8483381,1.3141815,0.4658433999999999,True
DGP-N,129,sigma_eta,0.1562457416833446,0.15164966000000002,0.013200277022276203,-0.004596081683344577,2.1123966839975523e-05,0.1279395,0.179008425,0.05106892499999999,True
DGP-N,129,nu,12.8628,12.2048353125,2.433115914747852,-0.6579646874999998,0.4329175299969724,8.671872,17.984039999999997,9.312167999999996,True
DGP-N,130,mu,-0.5902076391605635,-0.7054757912049999,0.22436617842859335,-0.11526815204443641,0.01328674687573931,-1.139246,-0.25196070000000004,0.8872852999999999,True
DGP-N,130,phi,0.9883567500000001,0.989136052625,0.0027272600044728245,0.0007793026249999224,6.073125813317697e-07,0.98342275,0.9940981,0.010675349999999972,True
DGP-N,130,sigma_h,1.0268899999999999,1.0276261843749999,0.12190289035539521,0.0007361843750000041,5.419674339941467e-07,0.8395325,1.31629475,0.47676224999999994,True
DGP-N,130,sigma_eta,0.1562457416833446,0.14804058237499998,0.011404139797296368,-0.008205159308344617,6.732463927531432e-05,0.12664055,0.17123249999999998,0.04459194999999999,True
DGP-N,130,nu,12.8628,25.246449562499997,8.858294996814914,12.383649562499997,153.35477648680637,14.090147499999999,47.33789999999996,33.24775249999996,False
DGP-N,131,mu,-0.5814611222140605,-1.154192992875,0.2152439652562569,-0.5727318706609396,0.3280217956707792,-1.5746005,-0.7165703000000002,0.8580301999999999,False
DGP-N,131,phi,0.9883567500000001,0.987953758125,0.00305698745600301,-0.0004029918750001471,1.6240245131613418e-07,0.9814556249999999,0.99335915,0.011903525000000026,True
DGP-N,131,sigma_h,1.0268899999999999,1.041560405875,0.11638591576193234,0.014670405875000236,0.00021522080853724146,0.8626653750000001,1.3102982499999996,0.4476328749999995,True
DGP-N,131,sigma_eta,0.1562457416833446,0.15817383525000003,0.013909692327364314,0.0019280935666554366,3.7175448017780825e-06,0.132632925,0.18699649999999998,0.05436357499999997,True
DGP-N,131,nu,12.8628,12.506968665,2.5635400735617657,-0.3558313349999995,0.1266159389678819,8.769454750000001,18.61490749999999,9.845452749999989,True
DGP-N,132,mu,-0.5900854694135214,-0.6695241466488749,0.24136896446376657,-0.07943867723535358,0.006310503440902684,-1.140066,-0.18927400000000014,0.9507919999999999,True
DGP-N,132,phi,0.9883567500000001,0.99069588725,0.0026029249124878617,0.002339137249999901,5.471563074337099e-06,0.9851108,0.995382,0.010271200000000036,True
DGP-N,132,sigma_h,1.0268899999999999,1.002046005125,0.1312578764350177,-0.024843994874999886,0.0006172240813490206,0.80607595,1.3161414999999994,0.5100655499999994,True
DGP-N,132,sigma_eta,0.1562457416833446,0.13305453436249998,0.012219106291483262,-0.02319120732084462,0.0005378320969983971,0.110719925,0.159010925,0.048291,True
DGP-N,132,nu,12.8628,14.629770633750002,3.3166578204021424,1.7669706337500024,3.122185220534885,9.9463075,22.86787999999998,12.921572499999979,True
DGP-N,133,mu,-0.5887072742809232,-0.7012553284549999,0.21215849226026046,-0.11254805417407676,0.012667064498370918,-1.1149115,-0.28912552500000044,0.8257859749999996,True
DGP-N,133,phi,0.9883567500000001,0.9881338473750001,0.002877901987831075,-0.000222902625000021,4.968558023189999e-08,0.9821369000000001,0.9933234999999999,0.011186599999999824,True
DGP-N,133,sigma_h,1.0268899999999999,1.0337228085,0.11554969030560854,0.006832808500000231,4.6687271997675416e-05,0.854136725,1.3048669999999998,0.45073027499999974,True
DGP-N,133,sigma_eta,0.1562457416833446,0.15593343937499998,0.012507149420817437,-0.00031230230834461414,9.753273179737444e-08,0.13312995,0.18253867499999998,0.04940872499999999,True
DGP-N,133,nu,12.8628,10.57450352125,1.869575313487849,-2.2882964787500004,5.236300774659651,7.76090825,14.955702499999997,7.1947942499999975,True
DGP-N,134,mu,-0.5941694442934192,-0.269365826223925,0.18697802272666775,0.3248036180694942,0.10549739031103386,-0.65408935,0.09812375249999998,0.7522131025,True
DGP-N,134,phi,0.9883567500000001,0.987620781,0.003188893940359158,-0.0007359690000001695,5.416503689612495e-07,0.98101895,0.9934651,0.012446150000000045,True
DGP-N,134,sigma_h,1.0268899999999999,0.9095845155,0.10824684512970263,-0.11730548449999989,0.013760576693779714,0.743555775,1.1630709999999995,0.4195152249999995,True
DGP-N,134,sigma_eta,0.1562457416833446,0.13981023172499998,0.01266989674401084,-0.016435509958344613,0.00027012598759084495,0.11604489999999999,0.16603909999999997,0.049994199999999975,True
DGP-N,134,nu,12.8628,10.33886017,1.6519359248584524,-2.5239398299999998,6.370272265460428,7.7679595,14.117282499999993,6.349322999999993,True
DGP-N,135,mu,-0.5841263228171192,-0.5851871982458751,0.24280819881352309,-0.0010608754287558808,1.125456675337974e-06,-1.0474235,-0.07955160500000069,0.9678718949999994,True
DGP-N,135,phi,0.9883567500000001,0.989640488,0.0028854393475057686,0.0012837379999999232,1.6479832526438028e-06,0.9833538749999999,0.994722,0.011368125000000062,True
DGP-N,135,sigma_h,1.0268899999999999,1.0700455812500003,0.1295747338954827,0.04315558125000041,0.0018624041930253867,0.8687158,1.3732452499999999,0.5045294499999998,True
DGP-N,135,sigma_eta,0.1562457416833446,0.1502463371,0.015041247858034732,-0.005999404583344609,3.5992855354656296e-05,0.1228343,0.18153152499999997,0.05869722499999998,True
DGP-N,135,nu,12.8628,11.297590371250001,2.143143773431545,-1.565209628749999,2.4498811819317097,8.07118025,16.360882499999992,8.289702249999992,True
DGP-N,136,mu,-0.5924948276712959,-0.539453216618625,0.17224601690996874,0.05304161105267091,0.002813412503062821,-0.872247975,-0.20240705000000014,0.6698409249999998,True
DGP-N,136,phi,0.9883567500000001,0.986183554875,0.003544895354502447,-0.002173195125000138,4.722777051324365e-06,0.978737425,0.9926271,0.013889674999999935,True
DGP-N,136,sigma_h,1.0268899999999999,0.892287489625,0.09654352640193907,-0.13460251037499982,0.018117835799251934,0.7375978,1.119062,0.38146420000000003,True
DGP-N,136,sigma_eta,0.1562457416833446,0.1451686,0.014171302489204373,-0.011077141683344588,0.00012270306787289016,0.119773125,0.17425482499999997,0.05448169999999998,True
DGP-N,136,nu,12.8628,12.335447623749998,2.5007047690394257,-0.5273523762500023,0.278100528736524,8.635117249999999,18.329442499999995,9.694325249999997,True
DGP-N,137,mu,-0.5871219786620788,-0.650474849555125,0.16737195819306547,-0.0633528708930462,0.00401358625039098,-0.97786295,-0.3202649250000003,0.6575980249999998,True
DGP-N,137,phi,0.9883567500000001,0.986317497,0.0034616788812403742,-0.002039253000000074,4.1585527980093025e-06,0.979015825,0.9924970999999999,0.01348127499999996,True
DGP-N,137,sigma_h,1.0268899999999999,0.8556344349999999,0.09354208054283009,-0.17125556499999994,0.029328468543469207,0.70730555,1.07119475,0.36388920000000013,True
DGP-N,137,sigma_eta,0.1562457416833446,0.1385678976625,0.013347705696937577,-0.017677844020844602,0.0003125061692253112,0.1142328,0.165940025,0.051707224999999996,True
DGP-N,137,nu,12.8628,12.38036185,2.519648732577053,-0.4824381500000001,0.2327465685754226,8.72281775,18.516005,9.793187249999999,True
DGP-N,138,mu,-0.5907337631738261,-0.565792459866375,0.23950139441675145,0.024941303307451035,0.0006220686106742679,-1.03718,-0.07560587250000021,0.9615741274999998,True
DGP-N,138,phi,0.9883567500000001,0.9895181645,0.002709025635385608,0.0011614144999998466,1.3488836408098936e-06,0.98368745,0.9943962749999999,0.010708824999999922,True
DGP-N,138,sigma_h,1.0268899999999999,1.0791077502500002,0.12891737775164824,0.052217750250000305,0.002726693441171407,0.88042515,1.3878354999999998,0.5074103499999998,True
DGP-N,138,sigma_eta,0.1562457416833446,0.15259666537500002,0.012579625558857117,-0.003649076308344573,1.3315757904121658e-05,0.129243575,0.1785282,0.049284625,True
DGP-N,138,nu,12.8628,15.22670654,3.9447012652091917,2.3639065400000003,5.588054129854773,9.84541975,24.774804999999997,14.929385249999997,True
DGP-N,139,mu,-0.5872875685501636,-0.8312080075525,0.18761613619060077,-0.2439204390023364,0.059497180563092514,-1.19948125,-0.45467920000000006,0.74480205,True
DGP-N,139,phi,0.9883567500000001,0.985702591125,0.003381825526536331,-0.00265415887500009,7.044559333741743e-06,0.9785688,0.991787125,0.013218324999999975,True
DGP-N,139,sigma_h,1.0268899999999999,0.99258935575,0.10100499675168448,-0.0343006442499999,0.0011765341959650512,0.8286714,1.2215305,0.3928591000000001,True
DGP-N,139,sigma_eta,0.1562457416833446,0.164611167625,0.013973845110658481,0.008365425941655402,6.998035118532117e-05,0.13838035,0.19288059999999999,0.05450024999999997,True
DGP-N,139,nu,12.8628,14.077289392499999,3.3107834991638305,1.214489392499999,1.4749844844950168,9.4843855,22.08244999999999,12.59806449999999,True
DGP-N,140,mu,-0.5871972370581191,-0.66527979519375,0.1770644748471179,-0.07808255813563092,0.006096885885004183,-1.0126012500000001,-0.31328935,0.6993119000000001,True
DGP-N,140,phi,0.9883567500000001,0.984748829625,0.0035473100302065032,-0.0036079203750001287,1.3017089432341069e-05,0.977339925,0.9913412,0.014001275000000035,True
DGP-N,140,sigma_h,1.0268899999999999,0.96191602575,0.09681680864813551,-0.06497397424999984,0.004221617329839643,0.8049930750000001,1.1847834999999998,0.3797904249999997,True
DGP-N,140,sigma_eta,0.1562457416833446,0.164771034875,0.013551426371105558,0.008525293191655403,7.268062400368596e-05,0.14006825,0.1931749,0.053106650000000005,True
DGP-N,140,nu,12.8628,14.866397481250003,3.6582372055115893,2.0035974812500026,4.014402866871355,9.9133745,23.4704975,13.557123,True
DGP-N,141,mu,-0.5887790633821103,-0.8044472003969999,0.21621584837147148,-0.21566813701488963,0.04651274532347321,-1.20831625,-0.3622969500000006,0.8460192999999994,True
DGP-N,141,phi,0.9883567500000001,0.9887039347500001,0.0030412190688802,0.0003471847499999514,1.2053725063252876e-07,0.98228575,0.99432405,0.012038300000000057,True
DGP-N,141,sigma_h,1.0268899999999999,1.012490055375,0.1255906905086066,-0.014399944624999828,0.00020735840520306141,0.820040175,1.3141939999999999,0.4941538249999998,True
DGP-N,141,sigma_eta,0.1562457416833446,0.14833961499999998,0.012730623843726446,-0.007906126683344616,6.250683913309374e-05,0.1248249,0.17448187499999998,0.04965697499999998,True
DGP-N,141,nu,12.8628,12.743595428749998,2.5540885912094864,-0.11920457125000183,0.014209729806896764,8.99278475,18.797917499999997,9.805132749999997,True
DGP-N,142,mu,-0.5940229938226256,-0.32819013125942503,0.12457107985572277,0.26583286256320054,0.07066711081854547,-0.578694775,-0.08725791000000001,0.491436865,False
DGP-N,142,phi,0.9883567500000001,0.980007693125,0.004820639311245333,-0.008349056875000094,6.970675070198633e-05,0.969875975,0.988774625,0.018898650000000017,True
DGP-N,142,sigma_h,1.0268899999999999,0.77744215025,0.07234595777516341,-0.2494478497499999,0.062224229744898524,0.654688575,0.9377420749999998,0.28305349999999985,False
DGP-N,142,sigma_eta,0.1562457416833446,0.15264200235,0.016563758805320867,-0.0036037393333445966,1.2986937182694958e-05,0.122902275,0.187341,0.064438725,True
DGP-N,142,nu,12.8628,14.7306801475,3.725850180960642,1.8678801474999993,3.4889762454246194,9.6227475,24.0377525,14.415005,True
DGP-N,143,mu,-0.5897703889493059,-0.49964657598175005,0.1763380680601281,0.09012381296755584,0.008122301663810986,-0.8535473499999999,-0.1425396250000002,0.7110077249999998,True
DGP-N,143,phi,0.9883567500000001,0.983928983,0.0038314572918908348,-0.004427767000000138,1.960512060629022e-05,0.975923875,0.990931,0.01500712500000001,True
DGP-N,143,sigma_h,1.0268899999999999,0.978387098875,0.09478203742146672,-0.048502901124999886,0.0023525314175415154,0.822442975,1.1930017499999999,0.3705587749999999,True
DGP-N,143,sigma_eta,0.1562457416833446,0.172114797875,0.01611964465165043,0.015869056191655406,0.0002518269444139168,0.141792075,0.2052696,0.063477525,True
DGP-N,143,nu,12.8628,11.27999146625,2.1985613056406046,-1.5828085337500006,2.505282854511827,7.9888825,16.442747499999996,8.453864999999997,True
DGP-N,144,mu,-0.5915504646939111,-0.472865438010875,0.16916020911994262,0.11868502668303615,0.014086135558753004,-0.803001375,-0.12728535000000044,0.6757160249999996,True
DGP-N,144,phi,0.9883567500000001,0.9864336758750001,0.0034917210072566004,-0.001923074125000035,3.69821409024465e-06,0.9789019250000001,0.99254215,0.01364022499999995,True
DGP-N,144,sigma_h,1.0268899999999999,0.8706348345,0.09455531391671014,-0.15625516549999985,0.02441567674543234,0.7190529,1.0924104999999997,0.37335759999999973,True
DGP-N,144,sigma_eta,0.1562457416833446,0.14041331370000001,0.014084221678409163,-0.015832427983344582,0.0002506657758477926,0.1150301,0.17001625,0.05498615000000001,True
DGP-N,144,nu,12.8628,15.27033032375,3.8022407620610004,2.4075303237500005,5.796202259775782,10.1070925,24.71822,14.611127499999998,True
DGP-N,145,mu,-0.5863547344031688,-0.6664148913258751,0.3247898669762709,-0.0800601569227063,0.006409628726488356,-1.3124865,0.012190652499999722,1.3246771524999996,True
DGP-N,145,phi,0.9883567500000001,0.9929188935,0.001997002097602799,0.004562143499999838,2.081315331459077e-05,0.988710925,0.9964580999999999,0.007747174999999884,False
DGP-N,145,sigma_h,1.0268899999999999,1.2617301762500002,0.17084358096842475,0.2348401762500003,0.05514990838113121,1.0003760000000002,1.661993,0.6616169999999999,True
DGP-N,145,sigma_eta,0.1562457416833446,0.14604161887499997,0.012362392242497543,-0.010204122808344623,0.00010412412228777896,0.123367775,0.1713322,0.04796442499999999,True
DGP-N,145,nu,12.8628,14.194287769999999,3.3072356115895265,1.331487769999999,1.77285968165957,9.63050725,22.136127499999997,12.505620249999996,True
DGP-N,146,mu,-0.59689165918047,-0.08491322564769749,0.17991647403031555,0.5119784335327726,0.2621219164026717,-0.4470209,0.2693567499999997,0.7163776499999996,False
DGP-N,146,phi,0.9883567500000001,0.9867561247500001,0.003257853839323096,-0.0016006252500000429,2.5620011909377e-06,0.9798587750000001,0.9926020999999999,0.012743324999999861,True
DGP-N,146,sigma_h,1.0268899999999999,0.9316639473750001,0.0999217269294993,-0.09522605262499972,0.009068001098539218,0.77155345,1.1617042499999999,0.3901507999999999,True
DGP-N,146,sigma_eta,0.1562457416833446,0.148549796625,0.013342651486449374,-0.007695945058344589,5.9227570341058494e-05,0.124261025,0.1768353,0.052574275000000004,True
DGP-N,146,nu,12.8628,13.17421163125,2.7998852267717895,0.3114116312499995,0.09697720407778566,9.11339,19.982427499999993,10.869037499999992,True
DGP-N,147,mu,-0.5858378133373859,-0.8333134833250001,0.18976154554278185,-0.24747566998761417,0.06124420723581851,-1.209368,-0.452463325,0.7569046749999999,True
DGP-N,147,phi,0.9883567500000001,0.987383438125,0.0031722493364965965,-0.0009733118750001601,9.473360060163274e-07,0.980708,0.9930041,0.012296099999999921,True
DGP-N,147,sigma_h,1.0268899999999999,0.9365529172500001,0.10442765596684263,-0.09033708274999974,0.0081607885197803,0.7716698999999999,1.1790227499999997,0.40735284999999977,True
DGP-N,147,sigma_eta,0.1562457416833446,0.145607423125,0.012956252714583054,-0.0106383185583446,0.00011317382174881913,0.12165770000000001,0.17268505,0.05102735,True
DGP-N,147,nu,12.8628,15.6802960475,4.0089717271745835,2.8174960475000006,7.938283977678125,10.274695000000001,25.736972499999997,15.462277499999995,True
DGP-N,148,mu,-0.5881237729817934,-0.550658525517125,0.19034229979553188,0.037465247464668394,0.0014036447675888416,-0.91873235,-0.177386075,0.7413462749999999,True
DGP-N,148,phi,0.9883567500000001,0.9855320549999999,0.003357454983051955,-0.0028246950000002657,7.978901843026502e-06,0.9785819499999999,0.99173405,0.013152100000000111,True
DGP-N,148,sigma_h,1.0268899999999999,1.012182279625,0.10315899693193602,-0.0147077203749999,0.0002163170386291872,0.844542775,1.25275075,0.40820797499999995,True
DGP-N,148,sigma_eta,0.1562457416833446,0.1689202535,0.014174373148203268,0.01267451181665541,0.0001606432497905376,0.14279715,0.19803302499999997,0.05523587499999996,True
DGP-N,148,nu,12.8628,11.948861467499999,2.4677958123265666,-0.9139385325000013,0.835283641188256,8.389837499999999,17.869802499999995,9.479964999999996,True
DGP-N,149,mu,-0.589139679112185,-0.71461029680875,0.19434863639312824,-0.12547061769656498,0.015742875905157563,-1.0876135,-0.32608015000000024,0.7615333499999998,True
DGP-N,149,phi,0.9883567500000001,0.9887605005000001,0.00313922918416824,0.00040375049999996637,1.6301446625022285e-07,0.9821426249999999,0.994322,0.012179375000000103,True
DGP-N,149,sigma_h,1.0268899999999999,0.8748448357499999,0.10915071756667905,-0.15204516424999992,0.023117731971809455,0.7083624749999999,1.127045,0.41868252500000014,True
DGP-N,149,sigma_eta,0.1562457416833446,0.1278684613125,0.013202968372338553,-0.02837728037084461,0.0008052700412455228,0.10373980000000001,0.155336,0.051596199999999995,False
DGP-N,149,nu,12.8628,11.170401205000003,2.0598339446131377,-1.6923987949999972,2.864213681317443,8.0830405,16.2331025,8.150062000000002,True
DGP-N,150,mu,-0.5879768180855873,-0.7890341847000001,0.16344029648006406,-0.20105736661441276,0.04042406466992238,-1.09861575,-0.4539835250000001,0.6446322249999998,True
DGP-N,150,phi,0.9883567500000001,0.983527610875,0.003998025177180781,-0.004829139125000159,2.3320584688607304e-05,0.9749783000000001,0.990626125,0.01564782499999995,True
DGP-N,150,sigma_h,1.0268899999999999,0.914784356625,0.09165676109790298,-0.11210564337499984,0.012567675276522645,0.766239075,1.1303904999999999,0.36415142499999986,True
DGP-N,150,sigma_eta,0.1562457416833446,0.16279380925,0.01524450978417917,0.006548067566655408,4.287718885748447e-05,0.13464445,0.19371465,0.05907019999999999,True
DGP-N,150,nu,12.8628,15.27609541,3.8944259827713177,2.41329541,5.823994735927068,10.042295,24.712132499999996,14.669837499999996,True
DGP-N,151,mu,-0.5862732286192281,-0.8839688443875,0.16080639866003987,-0.29769561576827186,0.08862267964765055,-1.19303425,-0.5526230250000007,0.6404112249999993,True
DGP-N,151,phi,0.9883567500000001,0.9831512713749999,0.004104625010831141,-0.005205478625000204,2.7097007715334012e-05,0.974652125,0.990615125,0.01596300000000006,True
DGP-N,151,sigma_h,1.0268899999999999,0.8927301569999999,0.08901472948563499,-0.13415984299999995,0.017998863473784633,0.7453586000000001,1.096222,0.35086339999999994,True
DGP-N,151,sigma_eta,0.1562457416833446,0.16066842674999998,0.015625955120273833,0.004422685066655385,1.956014319881655e-05,0.13137105,0.192698375,0.061327325000000016,True
DGP-N,151,nu,12.8628,11.64015960625,2.3546810398619793,-1.2226403937499999,1.4948495324291549,8.270742499999999,17.2808575,9.010115,True
DGP-N,152,mu,-0.5863513964208266,-0.6269863355412502,0.20310236275032048,-0.0406349391204236,0.001651198277320532,-1.00447025,-0.19001827500000001,0.814451975,True
DGP-N,152,phi,0.9883567500000001,0.9887298215,0.0029813026327532156,0.00037307149999987743,1.3918234411215856e-07,0.98236185,0.99413225,0.01177040000000007,True
DGP-N,152,sigma_h,1.0268899999999999,0.927304312625,0.10963933251368278,-0.09958568737499984,0.009917309129951203,0.756602675,1.1836305,0.427027825,True
DGP-N,152,sigma_eta,0.1562457416833446,0.1359802726625,0.012532311814027646,-0.020265469020844584,0.0004106892346348116,0.11285332499999999,0.162369325,0.04951600000000002,True
DGP-N,152,nu,12.8628,14.84263271875,3.587162389957111,1.97983271875,3.9197375942330166,9.879799499999999,23.6402325,13.760433,True
DGP-N,153,mu,-0.5871549712483533,-0.63416640713375,0.19178299310237057,-0.0470114358853968,0.0022100751040067743,-1.0217037500000001,-0.2549944500000002,0.7667092999999999,True
DGP-N,153,phi,0.9883567500000001,0.9861770842500001,0.0032620183909889025,-0.0021796657500000594,4.750942781723321e-06,0.9792228,0.99229305,0.013070250000000061,True
DGP-N,153,sigma_h,1.0268899999999999,0.9846613647499999,0.10370648455435073,-0.04222863524999998,0.0017832576350775408,0.82096845,1.2306089999999996,0.40964054999999966,True
DGP-N,153,sigma_eta,0.1562457416833446,0.16050294125,0.01342388880059034,0.004257199566655406,1.812374815033098e-05,0.135730875,0.188629325,0.052898449999999986,True
DGP-N,153,nu,12.8628,10.92367002125,1.9670781780070947,-1.9391299787499996,3.760225074486974,8.003629,15.531357499999988,7.527728499999988,True
DGP-N,154,mu,-0.5892705422407791,-0.6485258054474999,0.20551661755855463,-0.05925526320672081,0.0035111862176977608,-1.0464229999999999,-0.22249335000000023,0.8239296499999996,True
DGP-N,154,phi,0.9883567500000001,0.987159551375,0.0031672557760630085,-0.0011971986250001176,1.4332845477021724e-06,0.9805859,0.9928670500000001,0.012281150000000074,True
DGP-N,154,sigma_h,1.0268899999999999,1.020330952625,0.11298520082849196,-0.0065590473749999045,4.3021102467493136e-05,0.8438627,1.2724464999999998,0.42858379999999985,True
DGP-N,154,sigma_eta,0.1562457416833446,0.16005146775000004,0.01363419028694251,0.0038057260666554404,1.448355089442069e-05,0.135346725,0.188278025,0.05293129999999999,True
DGP-N,154,nu,12.8628,14.9218810475,3.778074442943734,2.0590810474999994,4.239814760173695,9.78354075,24.2495025,14.465961749999998,True
DGP-N,155,mu,-0.5920317158896932,-0.43668757318249996,0.23138893426024584,0.1553441427071932,0.02413180267343281,-0.879869025,0.03736874749999987,0.9172377724999998,True
DGP-N,155,phi,0.9883567500000001,0.989122605,0.0028675274785876174,0.0007658549999999265,5.865338810248873e-07,0.9829498249999999,0.9943482,0.011398375000000072,True
DGP-N,155,sigma_h,1.0268899999999999,1.083310512375,0.1284306556405124,0.05642051237500012,0.0031832742166575416,0.88551495,1.3869874999999998,0.5014725499999998,True
DGP-N,155,sigma_eta,0.1562457416833446,0.15606525462499998,0.014297651459162692,-0.00018048705834461387,3.257557822989205e-08,0.129381625,0.18604627499999998,0.05666464999999998,True
DGP-N,155,nu,12.8628,16.1520120275,4.149998028922896,3.2892120274999996,10.818915761850658,10.5336625,26.41628499999999,15.882622499999991,True
DGP-N,156,mu,-0.5896859377540303,-0.45243606302499995,0.184869241771393,0.13724987472903039,0.018837528113134532,-0.8213376,-0.08704458750000005,0.7342930125,True
DGP-N,156,phi,0.9883567500000001,0.9872162242500001,0.003269360918790414,-0.0011405257500000099,1.300798986413085e-06,0.98031165,0.993054175,0.01274252500000006,True
DGP-N,156,sigma_h,1.0268899999999999,0.912550873625,0.10218481132264733,-0.11433912637499988,0.013073435820198192,0.750869275,1.1522269999999997,0.40135772499999967,True
DGP-N,156,sigma_eta,0.1562457416833446,0.14276018449999997,0.01327371210188884,-0.013485557183344626,0.00018186025254525784,0.118477775,0.1704124,0.051934625,True
DGP-N,156,nu,12.8628,12.09362054125,2.45526759795779,-0.7691794587499992,0.5916370397629417,8.598154999999998,17.913467499999996,9.315312499999997,True
DGP-N,157,mu,-0.5890398292655671,-0.58744467920725,0.2769733648899003,0.0015951500583171185,2.5445037085491067e-06,-1.1181952499999999,-0.033075702500000616,1.0851195474999993,True
DGP-N,157,phi,0.9883567500000001,0.9913221985,0.0023107113532346473,0.002965448499999912,8.793884806151727e-06,0.986524875,0.995480025,0.008955150000000023,True
DGP-N,157,sigma_h,1.0268899999999999,1.1476007605,0.14647516568617952,0.12071076050000018,0.014571087700488403,0.9228140499999999,1.4928857499999995,0.5700716999999995,True
DGP-N,157,sigma_eta,0.1562457416833446,0.14743781487500002,0.012272619638934223,-0.00880792680834458,7.757957466115513e-05,0.124493525,0.172946425,0.04845289999999999,True
DGP-N,157,nu,12.8628,14.534174794999998,3.6666280286938684,1.6713747949999984,2.793493705361287,9.6533615,23.276104999999994,13.622743499999993,True
DGP-N,158,mu,-0.5906645974349989,-0.34482784628585,0.24801968218112055,0.24583675114914888,0.060435708215568554,-0.8359772249999999,0.1513985499999999,0.9873757749999998,True
DGP-N,158,phi,0.9883567500000001,0.99000637,0.0026397044773640815,0.0016496199999999073,2.721246144399694e-06,0.984536675,0.994727675,0.010191000000000061,True
DGP-N,158,sigma_h,1.0268899999999999,1.101643349125,0.13719909387769239,0.07475334912500009,0.005588063205404152,0.8936253,1.433695249999999,0.5400699499999991,True
DGP-N,158,sigma_eta,0.1562457416833446,0.15200154125,0.013388738609041594,-0.004244200433344586,1.8013237318402372e-05,0.12739877500000002,0.1800087,0.052609924999999974,True
DGP-N,158,nu,12.8628,12.43827766625,2.579402613975645,-0.4245223337499997,0.18021921185254614,8.72881225,18.678449999999998,9.949637749999997,True
DGP-N,159,mu,-0.5880795467846875,-0.5189282584637499,0.15527154487224326,0.06915128832093764,0.004781900676445447,-0.8202085,-0.20256600000000002,0.6176425,True
DGP-N,159,phi,0.9883567500000001,0.9830705107500001,0.003941328081848241,-0.005286239250000047,2.7944325408241056e-05,0.9746468,0.990268475,0.015621675000000002,True
DGP-N,159,sigma_h,1.0268899999999999,0.890292446375,0.08673602153678499,-0.1365975536249998,0.0186588916563347,0.7507443,1.0872722499999996,0.3365279499999996,True
DGP-N,159,sigma_eta,0.1562457416833446,0.1607869245,0.014756632462862428,0.004541182816655415,2.0622341374286407e-05,0.132586475,0.191048225,0.05846174999999998,True
DGP-N,159,nu,12.8628,15.1854630075,3.832429286226198,2.322663007499999,5.394763446408941,9.8888935,24.562369999999987,14.673476499999987,True
DGP-N,160,mu,-0.5884966584162526,-0.5800777080775,0.22295251362088414,0.008418950338752618,7.087872480638282e-05,-1.0130395,-0.12414967500000022,0.8888898249999999,True
DGP-N,160,phi,0.9883567500000001,0.9888468198749999,0.0029166316061804507,0.0004900698749997767,2.401684823822968e-07,0.9827669,0.99410515,0.011338249999999994,True
DGP-N,160,sigma_h,1.0268899999999999,1.026379688,0.12229105737735269,-0.0005103119999998462,2.6041833734384307e-07,0.835618125,1.3109272499999989,0.4753091249999989,True
DGP-N,160,sigma_eta,0.1562457416833446,0.149751393125,0.013656240920622629,-0.006494348558344604,4.217656319727263e-05,0.12493792499999999,0.178512175,0.053574250000000004,True
DGP-N,160,nu,12.8628,12.35625516375,2.5401896548567744,-0.5065448362500007,0.25658767113154,8.657434,18.4114975,9.754063499999999,True
DGP-N,161,mu,-0.5877408468168756,-0.487855395655375,0.19314279350583338,0.09988545116150055,0.009977103353736512,-0.859989025,-0.08575319,0.7742358349999999,True
DGP-N,161,phi,0.9883567500000001,0.98701978175,0.0031803501675547415,-0.0013369682500000701,1.7874841015082501e-06,0.98042175,0.9929030249999999,0.012481274999999958,True
DGP-N,161,sigma_h,1.0268899999999999,0.9558801281249999,0.1062271655092012,-0.07100987187499996,0.0050424019037039105,0.7903066750000001,1.2058269999999998,0.4155203249999997,True
DGP-N,161,sigma_eta,0.1562457416833446,0.150779298875,0.01307094358256381,-0.0054664428083446015,2.9881996976902412e-05,0.125972475,0.177095175,0.05112269999999999,True
DGP-N,161,nu,12.8628,13.244287555,2.8659119957309236,0.38148755499999965,0.14553275461987775,9.15752425,20.2523375,11.09481325,True
DGP-N,162,mu,-0.5914081692205074,-0.6082084232630625,0.22990900544098777,-0.01680025404255503,0.0002822485358943866,-1.04515725,-0.15099165000000053,0.8941655999999993,True
DGP-N,162,phi,0.9883567500000001,0.9883072239999999,0.0028981435623235577,-4.9526000000188475e-05,2.452824676018669e-09,0.9822504,0.993554075,0.011303675000000069,True
DGP-N,162,sigma_h,1.0268899999999999,1.0925852185,0.12135282318588597,0.06569521850000015,0.004315861733762762,0.90114855,1.3753429999999998,0.4741944499999997,True
DGP-N,162,sigma_eta,0.1562457416833446,0.16355472350000003,0.013840570017031354,0.00730898181665543,5.342121519619971e-05,0.13792559999999998,0.19240407499999998,0.054478475,True
DGP-N,162,nu,12.8628,17.115576609999998,4.900791875001066,4.252776609999998,18.086108894563075,10.8194725,28.902364999999996,18.082892499999996,True
DGP-N,163,mu,-0.5936626718147668,-0.4243938439192025,0.29987365295297014,0.16926882789556436,0.028651936097138186,-0.992806175,0.17596812499999973,1.1687742999999997,True
DGP-N,163,phi,0.9883567500000001,0.992432116125,0.002120331774922135,0.004075366124999924,1.6608609052796895e-05,0.9880196,0.9962671,0.008247499999999963,True
DGP-N,163,sigma_h,1.0268899999999999,1.165016658875,0.15692417624014263,0.13812665887500009,0.01907897389197064,0.92890485,1.5350147499999995,0.6061098999999995,True
DGP-N,163,sigma_eta,0.1562457416833446,0.13942878892500002,0.011786597446471267,-0.016816952758344578,0.0002828099000763933,0.117483475,0.16435295,0.046869474999999994,True
DGP-N,163,nu,12.8628,13.703518211250001,3.0215411293336087,0.8407182112500013,0.7068071107274019,9.3955035,20.686139999999995,11.290636499999994,True
DGP-N,164,mu,-0.5909456492036052,-0.43731889314532496,0.25072015762218025,0.1536267560582802,0.023601180176990328,-0.92564375,0.07056305499999996,0.9962068049999999,True
DGP-N,164,phi,0.9883567500000001,0.9888508954999999,0.0027943061318374826,0.0004941454999998207,2.441797751700728e-07,0.982981575,0.99392015,0.01093857499999995,True
DGP-N,164,sigma_h,1.0268899999999999,1.1926020170000002,0.1376102193651617,0.16571201700000038,0.027460472578208415,0.977174225,1.5124062499999997,0.5352320249999998,True
DGP-N,164,sigma_eta,0.1562457416833446,0.17417633899999999,0.014369954267430186,0.01793059731665539,0.00032150632013204944,0.147899575,0.204601,0.056701425,True
DGP-N,164,nu,12.8628,10.41465119375,1.923765566726421,-2.44814880625,5.9934325775433,7.5216835,14.985604999999985,7.463921499999985,True
DGP-N,165,mu,-0.5896736527113601,-0.4308987837995125,0.2138998103857158,0.15877486891184756,0.025209458997974374,-0.8508493,-0.011740585000000072,0.839108715,True
DGP-N,165,phi,0.9883567500000001,0.9870541557500001,0.003163169667720226,-0.001302594250000011,1.696751780133091e-06,0.9803535999999999,0.992755275,0.012401675000000112,True
DGP-N,165,sigma_h,1.0268899999999999,1.0704058450000002,0.11586098543189326,0.043515845000000386,0.0018936287660640586,0.887426475,1.3480672499999997,0.46064077499999967,True
DGP-N,165,sigma_eta,0.1562457416833446,0.16866550587499998,0.014047893306987745,0.012419764191655386,0.00015425054257632535,0.142958825,0.19774505,0.054786224999999994,True
DGP-N,165,nu,12.8628,14.3425271525,3.356406544674715,1.4797271525000006,2.18959244584576,9.64431325,22.55050749999999,12.906194249999992,True
DGP-N,166,mu,-0.5885666020591468,-0.606461137780125,0.2376668985850709,-0.01789453572097821,0.00032021440866936515,-1.0827445,-0.12548845000000008,0.9572560499999999,True
DGP-N,166,phi,0.9883567500000001,0.98850120275,0.002946737762479475,0.00014445274999985713,2.0866596982521225e-08,0.982298825,0.9938332999999999,0.011534474999999933,True
DGP-N,166,sigma_h,1.0268899999999999,1.127891700125,0.12947388388214973,0.1010017001250001,0.010201343428140443,0.92576885,1.4339702499999996,0.5082013999999996,True
DGP-N,166,sigma_eta,0.1562457416833446,0.16724344675,0.014714612719813634,0.0109977050666554,0.00012094951673313786,0.139624625,0.197772025,0.05814739999999999,True
DGP-N,166,nu,12.8628,12.6955977525,2.6838969521103575,-0.16720224750000057,0.027956591569051444,8.851970499999998,19.178604999999997,10.326634499999999,True
DGP-N,167,mu,-0.5894250193040389,-0.5279535882802749,0.28100546178435,0.061471431023763956,0.0037787368321093697,-1.04327775,0.06629676499999958,1.1095745149999994,True
DGP-N,167,phi,0.9883567500000001,0.9915250182500001,0.0022807188092140544,0.0031682682499999393,1.0037923703957679e-05,0.9867109000000001,0.995665,0.008954099999999965,True
DGP-N,167,sigma_h,1.0268899999999999,1.136423243,0.1505805246394418,0.10953324300000022,0.011997531322097098,0.91001115,1.492659,0.58264785,True
DGP-N,167,sigma_eta,0.1562457416833446,0.14406390875,0.011101883623339406,-0.0121818329333446,0.0001483970536159191,0.1232395,0.167059,0.04381950000000001,True
DGP-N,167,nu,12.8628,18.71667761875,5.2385824063790745,5.853877618750001,34.26788317530219,11.6834325,31.737932499999992,20.05449999999999,True
DGP-N,168,mu,-0.591448223340472,-0.499326363588125,0.1919923725535015,0.09212185975234699,0.008486437044231089,-0.8737541,-0.11753322500000003,0.7562208749999999,True
DGP-N,168,phi,0.9883567500000001,0.986597529875,0.003299694750774459,-0.0017592201250000716,3.094855448205268e-06,0.9795689750000001,0.992589025,0.01302004999999995,True
DGP-N,168,sigma_h,1.0268899999999999,0.985990986625,0.10572112368012704,-0.040899013374999904,0.001672729295048421,0.8208749,1.2343429999999997,0.4134680999999998,True
DGP-N,168,sigma_eta,0.1562457416833446,0.15811433675,0.014014663958032726,0.001868595066655404,3.491647523128914e-06,0.132324525,0.187026275,0.05470174999999999,True
DGP-N,168,nu,12.8628,14.651826215000002,3.6027961825850148,1.7890262150000016,3.2006147979572317,9.80006225,23.480712499999996,13.680650249999996,True
DGP-N,169,mu,-0.5850631490252785,-0.78252219345875,0.20812045612040964,-0.1974590444334715,0.038990074228579676,-1.185532,-0.34888315000000025,0.8366488499999998,True
DGP-N,169,phi,0.9883567500000001,0.9879500545000001,0.0030879338012941436,-0.00040669550000005383,1.6540122972029379e-07,0.98141495,0.993487125,0.012072175000000018,True
DGP-N,169,sigma_h,1.0268899999999999,1.0016147852500001,0.11484160888189636,-0.02527521474999972,0.0006388364806586034,0.82156525,1.2593952499999996,0.4378299999999996,True
DGP-N,169,sigma_eta,0.1562457416833446,0.15204655875,0.013743520777723566,-0.004199182933344592,1.763313730769249e-05,0.1266146,0.17995885,0.05334425000000001,True
DGP-N,169,nu,12.8628,16.38595555375,4.386799071744895,3.5231555537500014,12.412625055919479,10.5456025,27.38527499999999,16.839672499999992,True
DGP-N,170,mu,-0.5839072342838229,-0.98505048775,0.20107135097534312,-0.4011432534661772,0.16091590980142967,-1.3743239999999999,-0.5825393500000002,0.7917846499999996,True
DGP-N,170,phi,0.9883567500000001,0.986629121375,0.003493430903184938,-0.0017276286250000883,2.984700665919696e-06,0.979099725,0.992748,0.013648274999999988,True
DGP-N,170,sigma_h,1.0268899999999999,1.006638308,0.11174193424313424,-0.020251691999999766,0.00041013102886285454,0.832578425,1.266791,0.434212575,True
DGP-N,170,sigma_eta,0.1562457416833446,0.16105026549999998,0.016204235137127182,0.004804523816655387,2.308344910480885e-05,0.132017975,0.19449059999999999,0.062472624999999976,True
DGP-N,170,nu,12.8628,12.15303612375,2.676495915138767,-0.7097638762499994,0.5037647600294244,8.377364499999999,18.278717499999996,9.901352999999997,True
DGP-N,171,mu,-0.5880506838184373,-0.55975018465375,0.19687071678763987,0.028300499164687243,0.0008009182529704633,-0.9455302250000001,-0.15907747500000072,0.7864527499999994,True
DGP-N,171,phi,0.9883567500000001,0.986925657,0.003344115329577942,-0.0014310930000001054,2.048027174649302e-06,0.9798969000000001,0.9930054,0.013108499999999967,True
DGP-N,171,sigma_h,1.0268899999999999,0.9639556367500001,0.10655085775978163,-0.06293436324999979,0.003960734077682924,0.7930844,1.2160769999999999,0.42299259999999983,True
DGP-N,171,sigma_eta,0.1562457416833446,0.1525251355,0.014467521101505003,-0.0037206061833446047,1.3842910371542107e-05,0.12632385,0.18292912499999997,0.05660527499999998,True
DGP-N,171,nu,12.8628,11.09232462375,2.072042480470379,-1.7704753762499994,3.134583057907577,8.03153775,16.065567499999993,8.034029749999993,True
DGP-N,172,mu,-0.5908438884993096,-0.7602107145175,0.1999907423851914,-0.16936682601819042,0.028685121755475985,-1.1494247499999999,-0.366385775,0.7830389749999999,True
DGP-N,172,phi,0.9883567500000001,0.986527934125,0.0032284880809283732,-0.001828815875000167,3.3445675046526266e-06,0.979818975,0.9922941750000001,0.01247520000000002,True
DGP-N,172,sigma_h,1.0268899999999999,1.0419347793750002,0.11141810086956415,0.015044779375000372,0.0002263453864424366,0.8664475500000001,1.30000525,0.4335576999999998,True
DGP-N,172,sigma_eta,0.1562457416833446,0.16758431124999998,0.014011214779644326,0.011338569566655382,0.0001285631598178836,0.1418448,0.19641920000000002,0.05457440000000002,True
DGP-N,172,nu,12.8628,14.8502645075,3.8325235774374904,1.9874645075000004,3.950015168572219,9.764103,24.363755,14.599652,True
DGP-N,173,mu,-0.5923476432148395,-0.29400457601450003,0.20001086702851517,0.29834306720033943,0.08900858574650625,-0.6917705,0.11302422499999999,0.8047947249999999,True
DGP-N,173,phi,0.9883567500000001,0.9875426070000001,0.0032234737735395156,-0.0008141430000000449,6.628288244490731e-07,0.98075765,0.993336325,0.012578674999999984,True
DGP-N,173,sigma_h,1.0268899999999999,0.964063461,0.10746621039561728,-0.0628265389999999,0.003947174002718509,0.794048225,1.21987475,0.42582652499999996,True
DGP-N,173,sigma_eta,0.1562457416833446,0.148865759375,0.014367428191018657,-0.007379982308344607,5.446413887147939e-05,0.12216244999999999,0.17906445,0.056901999999999994,True
DGP-N,173,nu,12.8628,16.3159149725,4.223094843882671,3.4531149725,11.924003013303675,10.597024999999999,27.050842499999998,16.4538175,True
DGP-N,174,mu,-0.5877096230454827,-0.53243318783425,0.2013438429279699,0.05527643521123271,0.0030554842896616074,-0.9360355,-0.13194887500000008,0.8040866249999999,True
DGP-N,174,phi,0.9883567500000001,0.9874184135,0.0031610609372169415,-0.000938336500000081,8.80475387232402e-07,0.98079695,0.993087025,0.012290075000000011,True
DGP-N,174,sigma_h,1.0268899999999999,1.007876042875,0.11333920341159336,-0.01901395712499987,0.0003615305655513333,0.830707525,1.2702719999999998,0.43956447499999984,True
DGP-N,174,sigma_eta,0.1562457416833446,0.156452767,0.014085440499331874,0.00020702531665539592,4.285948173626695e-08,0.130639775,0.18535115,0.05471137499999998,True
DGP-N,174,nu,12.8628,16.87532265625,4.6965677472544884,4.012522656249999,16.100338066919548,10.753540000000001,28.515145,17.761605,True
DGP-N,175,mu,-0.5885016358638344,-0.62962577887875,0.24459334938980648,-0.041124143014915626,0.0016911951387112336,-1.10871775,-0.13308922500000017,0.9756285249999999,True
DGP-N,175,phi,0.9883567500000001,0.99013465075,0.0027087113154871762,0.001777900749999839,3.1609310768499897e-06,0.9844569750000001,0.99491505,0.010458074999999956,True
DGP-N,175,sigma_h,1.0268899999999999,1.046905642875,0.13117885715075434,0.02001564287500024,0.00040062595969954785,0.849564925,1.3558174999999997,0.5062525749999996,True
DGP-N,175,sigma_eta,0.1562457416833446,0.143392319125,0.013479158461728565,-0.012853422558344596,0.00016521047146336173,0.118944975,0.17098834999999998,0.05204337499999999,True
DGP-N,175,nu,12.8628,10.2214987325,1.7332705084599405,-2.6413012674999994,6.976472385697103,7.596761,14.2903325,6.6935715,True
DGP-N,176,mu,-0.5923118328750323,-0.5159902696149999,0.2245013334857261,0.07632156326003237,0.005824981018455122,-0.9619890499999999,-0.06524869250000032,0.8967403574999996,True
DGP-N,176,phi,0.9883567500000001,0.988441585125,0.0030928772905654605,8.483512499990464e-05,7.196998433749446e-09,0.9820143,0.9939471750000001,0.011932875000000065,True
DGP-N,176,sigma_h,1.0268899999999999,1.054978462125,0.12464333393128975,0.028088462125000158,0.0007889617045475684,0.861696425,1.3463539999999992,0.4846575749999992,True
DGP-N,176,sigma_eta,0.1562457416833446,0.156588518875,0.014671166243051715,0.0003427771916554023,1.1749620311916441e-07,0.13007775,0.187538025,0.057460275000000005,True
DGP-N,176,nu,12.8628,14.2222474425,3.4232296092115786,1.3594474425000005,1.848097348919792,9.473265,22.735427499999997,13.262162499999997,True
DGP-N,177,mu,-0.5920636260170662,-0.47152718336637495,0.2694906334967588,0.12053644265069124,0.014529034006883379,-0.9944472499999999,0.0706268574999995,1.0650741074999994,True
DGP-N,177,phi,0.9883567500000001,0.990789437,0.0023947095857913617,0.002432686999999878,5.917966039968406e-06,0.985748925,0.995169075,0.00942014999999996,True
DGP-N,177,sigma_h,1.0268899999999999,1.162595911875,0.14302743952795857,0.13570591187500014,0.018416094517825304,0.9481611750000001,1.50594275,0.5577815749999999,True
DGP-N,177,sigma_eta,0.1562457416833446,0.154084188375,0.01301297504018833,-0.0021615533083446103,4.67231270481553e-06,0.129906275,0.18128884999999997,0.051382574999999986,True
DGP-N,177,nu,12.8628,16.86090530625,4.718175786260977,3.9981053062500003,15.984846039864408,10.8036925,28.695262499999984,17.891569999999984,True
DGP-N,178,mu,-0.5938155067601674,-0.534410909372025,0.17584604115929087,0.05940459738814241,0.003528906190847296,-0.8779038,-0.17120332500000002,0.706700475,True
DGP-N,178,phi,0.9883567500000001,0.98462361675,0.003715696605756138,-0.0037331332500001313,1.3936283862256543e-05,0.9767549750000001,0.991326025,0.014571049999999919,True
DGP-N,178,sigma_h,1.0268899999999999,0.948817865,0.09683461801395467,-0.07807213499999988,0.006095258263458206,0.7940545,1.1673009999999997,0.3732464999999997,True
DGP-N,178,sigma_eta,0.1562457416833446,0.16311025275,0.01479921602571364,0.006864511066655393,4.712151218423437e-05,0.13622632499999998,0.1940287,0.05780237500000002,True
DGP-N,178,nu,12.8628,17.386398478750003,4.949455856916171,4.523598478750003,20.46294319694934,10.829880000000001,29.743342499999986,18.913462499999987,True
DGP-N,179,mu,-0.5925571831148527,-0.383739862973875,0.16210805490564228,0.2088173201409777,0.043604673190859575,-0.7116023,-0.06956453250000012,0.6420377674999999,True
DGP-N,179,phi,0.9883567500000001,0.982777824625,0.003953453257463781,-0.005578925375000154,3.112440833982061e-05,0.9747285499999999,0.989760275,0.015031725000000051,True
DGP-N,179,sigma_h,1.0268899999999999,0.93717941775,0.08906339300368812,-0.08971058224999984,0.008047988567633986,0.790721425,1.1445494999999994,0.35382807499999946,True
DGP-N,179,sigma_eta,0.1562457416833446,0.17075966375,0.014989375264717981,0.014513922066655416,0.00021065393375694703,0.143498025,0.20189969999999996,0.05840167499999996,True
DGP-N,179,nu,12.8628,13.925117968750001,3.2646454083296095,1.0623179687500013,1.1285194667291287,9.29205125,21.72299249999999,12.43094124999999,True
DGP-N,180,mu,-0.5911914137774948,-0.3326621320375,0.24808744546530948,0.25852928173999484,0.06683738951699764,-0.81423955,0.16904799999999945,0.9832875499999995,True
DGP-N,180,phi,0.9883567500000001,0.991524480375,0.0023728913958632686,0.0031677303749998442,1.0034515728696654e-05,0.9864119,0.995771075,0.009359174999999942,True
DGP-N,180,sigma_h,1.0268899999999999,1.02110875675,0.13231118800058103,-0.005781243249999957,3.342277351567006e-05,0.821172625,1.3315802499999998,0.5104076249999998,True
DGP-N,180,sigma_eta,0.1562457416833446,0.12946398730000003,0.01172806132056194,-0.02678175438334457,0.0007172623678497961,0.10747165,0.15393717499999998,0.04646552499999998,False
DGP-N,180,nu,12.8628,10.4795840675,1.8535510720557704,-2.3832159325000006,5.6797181809218475,7.645980000000001,14.777745,7.131764999999999,True
DGP-N,181,mu,-0.5884752109513893,-0.731896065285375,0.278740913427925,-0.14342085433398566,0.020569541457890334,-1.2634949999999998,-0.17453770000000016,1.0889572999999997,True
DGP-N,181,phi,0.9883567500000001,0.990906040875,0.0024728180328993507,0.0025492908749998877,6.4988839653576934e-06,0.98572995,0.9953451,0.009615150000000017,True
DGP-N,181,sigma_h,1.0268899999999999,1.1644507491250002,0.15012895125972697,0.13756074912500038,0.018922959699831293,0.94025175,1.507396,0.5671442499999999,True
DGP-N,181,sigma_eta,0.1562457416833446,0.15300215425,0.012828105767470293,-0.0032435874333446024,1.0520859437751026e-05,0.12929225,0.17942524999999995,0.050132999999999955,True
DGP-N,181,nu,12.8628,12.861475178749998,2.818583406880544,-0.001324821250001662,1.7551513444559664e-06,8.83606975,19.5337225,10.69765275,True
DGP-N,182,mu,-0.5912800884521707,-0.35865194106875,0.1510589908821307,0.23262814738342075,0.05411585495504252,-0.64539585,-0.05770026250000007,0.5876955875,True
DGP-N,182,phi,0.9883567500000001,0.984854275625,0.003777829394973131,-0.003502474375000064,1.226732674753209e-05,0.976779875,0.9913545749999999,0.01457469999999994,True
DGP-N,182,sigma_h,1.0268899999999999,0.79453682275,0.08372704478677975,-0.23235317724999982,0.05398799897816983,0.66096575,0.9792933999999999,0.31832764999999985,False
DGP-N,182,sigma_eta,0.1562457416833446,0.1355410705875,0.013708797472850514,-0.02070467109584459,0.0004286834051871024,0.110985825,0.1647741,0.05378827500000001,True
DGP-N,182,nu,12.8628,16.02539232625,4.223774848327435,3.1625923262499995,10.001990222055383,10.3536725,26.403324999999988,16.049652499999986,True
DGP-N,183,mu,-0.5898551226022342,-0.66696441662125,0.21415266360967056,-0.07710929401901578,0.005945843224111023,-1.08198025,-0.22724962500000018,0.8547306249999997,True
DGP-N,183,phi,0.9883567500000001,0.988047361,0.0030371967477329405,-0.0003093890000001043,9.572155332106452e-08,0.981675975,0.9934021,0.01172612499999992,True
DGP-N,183,sigma_h,1.0268899999999999,1.0331280232499997,0.12103488263507559,0.006238023249999891,3.8912934067539207e-05,0.8454797,1.31983,0.4743503000000001,True
DGP-N,183,sigma_eta,0.1562457416833446,0.15614257837500004,0.013265580998367934,-0.00010316330834456156,1.0642668188595083e-08,0.131248675,0.183445175,0.05219649999999998,True
DGP-N,183,nu,12.8628,10.782622938749999,1.7979350673494097,-2.0801770612500015,4.327136606150693,8.0056405,14.950972499999999,6.945331999999999,True
DGP-N,184,mu,-0.5939119913608175,-0.111279327141625,0.2800812715074746,0.4826326642191925,0.2329342885713158,-0.64241975,0.46486737499999997,1.107287125,True
DGP-N,184,phi,0.9883567500000001,0.9918303540000001,0.0023550790119607604,0.0034736039999999635,1.2065924748815746e-05,0.986929725,0.9960581,0.009128374999999966,True
DGP-N,184,sigma_h,1.0268899999999999,1.093318458125,0.15037481610567174,0.06642845812500009,0.0044127400488648905,0.87147665,1.4463979999999999,0.5749213499999999,True
DGP-N,184,sigma_eta,0.1562457416833446,0.1357393447875,0.011973259046898149,-0.020506396895844603,0.00042051231364990515,0.11321575,0.1603617,0.04714594999999999,True
DGP-N,184,nu,12.8628,14.465770135000001,3.2851276727823024,1.6029701350000014,2.5695132537019227,9.833197,22.42771,12.594513000000001,True
DGP-N,185,mu,-0.5930706248372782,-0.36016210985885,0.16166909520085443,0.23290851497842824,0.05424637634945673,-0.6699485,-0.03190663500000017,0.6380418649999998,True
DGP-N,185,phi,0.9883567500000001,0.9835674825,0.0037726496402538173,-0.004789267500000083,2.2937083186557043e-05,0.975514325,0.9905082000000001,0.014993875000000045,True
DGP-N,185,sigma_h,1.0268899999999999,0.9170013595000001,0.08879432972429972,-0.1098886404999998,0.012075513310938197,0.7704393749999999,1.1177359999999998,0.3472966249999999,True
DGP-N,185,sigma_eta,0.1562457416833446,0.16321340099999998,0.014614093720125329,0.0069676593166553835,4.8548276352974565e-05,0.1360662,0.193496175,0.057429974999999994,True
DGP-N,185,nu,12.8628,15.832579590000002,4.403887180894889,2.9697795900000017,8.819590813180579,10.07174,27.073812499999995,17.002072499999997,True
DGP-N,186,mu,-0.5904827462139354,-0.27647458744375003,0.2215703218814366,0.31400815877018534,0.09860112377424192,-0.707013875,0.1749792,0.881993075,True
DGP-N,186,phi,0.9883567500000001,0.9881227072500001,0.002932982642157099,-0.00023404275000005192,5.477600882758681e-08,0.982219,0.9935290999999999,0.01131009999999999,True
DGP-N,186,sigma_h,1.0268899999999999,1.0566014129999999,0.11838051756581433,0.02971141300000002,0.0008827680624565702,0.869799925,1.3340559999999995,0.46425607499999944,True
DGP-N,186,sigma_eta,0.1562457416833446,0.159409995875,0.013790286677937136,0.0031642541916553912,1.0012504589408714e-05,0.13405482500000002,0.18844122499999996,0.054386399999999946,True
DGP-N,186,nu,12.8628,11.219019917499999,2.0956009118863093,-1.643780082500001,2.70201295962371,8.09221925,16.194937499999998,8.102718249999999,True
DGP-N,187,mu,-0.5867643237050489,-0.538518224905,0.1663548969152437,0.04824609880004893,0.0023276860494240827,-0.8656328999999999,-0.2034377500000001,0.6621951499999998,True
DGP-N,187,phi,0.9883567500000001,0.985985765,0.003701530763687412,-0.002370985000000103,5.621569870225489e-06,0.97797695,0.99249,0.014513050000000027,True
DGP-N,187,sigma_h,1.0268899999999999,0.856561998625,0.09324997223707711,-0.17032800137499982,0.029011628052401938,0.706768625,1.07691225,0.37014362499999987,True
DGP-N,187,sigma_eta,0.1562457416833446,0.14026172391249997,0.014234796300292141,-0.015984017770844627,0.00025548882409867684,0.114719425,0.17036762499999997,0.05564819999999997,True
DGP-N,187,nu,12.8628,9.900271363749999,1.6211662981650792,-2.962528636250001,8.77657592060129,7.418262,13.735854999999995,6.317592999999995,True
DGP-N,188,mu,-0.588510825313962,-0.44361563725085,0.2108876283937328,0.14489518806311202,0.0209946155238446,-0.851668125,-0.020376375000000058,0.8312917499999999,True
DGP-N,188,phi,0.9883567500000001,0.9871406752499999,0.003256154124768662,-0.0012160747500001845,1.4788377975880113e-06,0.980367775,0.993069,0.012701224999999927,True
DGP-N,188,sigma_h,1.0268899999999999,1.0531087165,0.11768807114375832,0.026218716500000072,0.000687421094907376,0.867976175,1.3267937499999998,0.45881757499999976,True
DGP-N,188,sigma_eta,0.1562457416833446,0.16520833712500002,0.01483046152427832,0.008962595441655424,8.03281170507826e-05,0.138158825,0.196786525,0.05862769999999998,True
DGP-N,188,nu,12.8628,9.56048066875,1.557250741459283,-3.3023193312500005,10.90531296554745,7.151581,13.2012225,6.0496415,True
DGP-N,189,mu,-0.5897851358226063,-0.501514663091625,0.21144119246151827,0.08827047273098132,0.007791676356150917,-0.9190701499999999,-0.07370602250000044,0.8453641274999995,True
DGP-N,189,phi,0.9883567500000001,0.98702979425,0.0031270311207070947,-0.0013269557500000806,1.7608115624582763e-06,0.9805313,0.9927312500000001,0.01219995000000007,True
DGP-N,189,sigma_h,1.0268899999999999,1.071943930125,0.1163910805704846,0.04505393012500014,0.0020298566197083953,0.89057185,1.3380515,0.4474796499999999,True
DGP-N,189,sigma_eta,0.1562457416833446,0.16912958175,0.014124477728148167,0.012883840066655411,0.0001659933348631553,0.14248475,0.198366725,0.055881975,True
DGP-N,189,nu,12.8628,10.7587267275,2.0142342529032495,-2.104073272500001,4.427124336048863,7.7277395,15.595417499999993,7.867677999999993,True
DGP-N,190,mu,-0.5939731300007237,-0.273376746793235,0.17436065489281635,0.32059638320748873,0.10278204092572296,-0.62165645,0.0740068549999999,0.695663305,True
DGP-N,190,phi,0.9883567500000001,0.984221563625,0.003918631274575999,-0.0041351863750000994,1.7099766355986462e-05,0.9759109499999999,0.991320075,0.015409125000000023,True
DGP-N,190,sigma_h,1.0268899999999999,0.954866432125,0.10108631134829851,-0.07202356787499986,0.005187394329444712,0.79518335,1.1972572499999998,0.4020738999999999,True
DGP-N,190,sigma_eta,0.1562457416833446,0.166031507,0.014947161722410562,0.009785765316655398,9.576120283265572e-05,0.138230775,0.19669402499999994,0.05846324999999994,True
DGP-N,190,nu,12.8628,15.004874432500001,3.9304881222829793,2.142074432500001,4.588482874370202,9.868989000000001,24.321469999999998,14.452480999999997,True
DGP-N,191,mu,-0.5923827078054686,-0.42690836764798745,0.27863038963643727,0.1654743401574812,0.027381757250553793,-0.96059225,0.1450498249999998,1.1056420749999998,True
DGP-N,191,phi,0.9883567500000001,0.9906057167500001,0.0024663131050336943,0.00224896674999997,5.057851442605427e-06,0.9855349000000001,0.995119175,0.00958427499999992,True
DGP-N,191,sigma_h,1.0268899999999999,1.163978858625,0.14650812696354573,0.1370888586250001,0.01879335515910526,0.942715,1.5090472499999998,0.5663322499999999,True
DGP-N,191,sigma_eta,0.1562457416833446,0.155633419625,0.012347864971715142,-0.0006123220583446054,3.749383031353743e-07,0.132879,0.1815329,0.0486539,True
DGP-N,191,nu,12.8628,15.9265262525,3.903938046767303,3.0637262525000004,9.386418550257696,10.545695,25.610254999999988,15.064559999999988,True
DGP-N,192,mu,-0.5836687900595047,-1.0043754844625001,0.2046223641335852,-0.42070669440299546,0.17699412271549542,-1.39857525,-0.591083625,0.8074916249999999,False
DGP-N,192,phi,0.9883567500000001,0.98710710975,0.0033650764784278163,-0.0012496402500000725,1.5616007544202437e-06,0.9800029,0.993276,0.013273100000000038,True
DGP-N,192,sigma_h,1.0268899999999999,1.0189476385,0.11623385667896693,-0.007942361499999828,6.308110619667952e-05,0.840755375,1.29559025,0.4548348750000001,True
DGP-N,192,sigma_eta,0.1562457416833446,0.159939120375,0.015374271894578323,0.003693378691655397,1.364104615997413e-05,0.131768375,0.19282939999999998,0.06106102499999999,True
DGP-N,192,nu,12.8628,9.789673217499999,1.6266469969090458,-3.073126782500001,9.444108221318809,7.303013,13.590472499999999,6.287459499999999,True
DGP-N,193,mu,-0.5982409528803695,-0.2954541086189875,0.24020627966825048,0.30278684426138197,0.09167987305776638,-0.7665726500000001,0.1780484,0.9446210500000001,True
DGP-N,193,phi,0.9883567500000001,0.98983577075,0.0026297065846848065,0.0014790207499998376,2.187502378930082e-06,0.984367825,0.994655125,0.0102873,True
DGP-N,193,sigma_h,1.0268899999999999,1.0920788471249998,0.13662017005432328,0.06518884712499995,0.004249585789486614,0.88797025,1.4161589999999997,0.5281887499999998,True
DGP-N,193,sigma_eta,0.1562457416833446,0.15193935349999999,0.011968122983273342,-0.004306388183344612,1.8544979185650105e-05,0.130216925,0.17712087499999998,0.04690394999999997,True
DGP-N,193,nu,12.8628,14.558569755,3.5020801931571546,1.6957697550000006,2.875635061972762,9.73897425,23.078249999999997,13.339275749999997,True
DGP-N,194,mu,-0.5834298823074914,-0.9280141882625,0.17300149949200763,-0.34458430595500866,0.11873834391049502,-1.2592967499999999,-0.581434000000001,0.6778627499999988,True
DGP-N,194,phi,0.9883567500000001,0.984256678875,0.003582292581227966,-0.004100071125000104,1.6810583230059622e-05,0.976730325,0.9908780500000001,0.014147725000000055,True
DGP-N,194,sigma_h,1.0268899999999999,0.9629370563750002,0.09557026735715868,-0.0639529436249997,0.00408997899830239,0.807123375,1.1818805000000001,0.37475712500000014,True
DGP-N,194,sigma_eta,0.1562457416833446,0.167721362875,0.014131006358316597,0.011475621191655405,0.00013168988173437062,0.14195475,0.19736635,0.055411600000000005,True
DGP-N,194,nu,12.8628,15.14587451625,3.919369166317531,2.28307451625,5.2124292467501725,9.9156335,24.987654999999993,15.072021499999993,True
DGP-N,195,mu,-0.5853368470213063,-0.6887718686862501,0.2368017489675175,-0.10343502166494378,0.01069880370682739,-1.15524475,-0.2197799,0.93546485,True
DGP-N,195,phi,0.9883567500000001,0.989625639125,0.0027702195332097793,0.0012688891249998946,1.6100796115429982e-06,0.9837748749999999,0.99469905,0.010924175000000091,True
DGP-N,195,sigma_h,1.0268899999999999,1.042358896375,0.1280260805862361,0.01546889637500004,0.0002392867550604894,0.844721075,1.3466377499999997,0.5019166749999997,True
DGP-N,195,sigma_eta,0.1562457416833446,0.14645504024999997,0.012676321839064787,-0.009790701433344623,9.585783455689645e-05,0.12296165,0.17298945,0.05002779999999998,True
DGP-N,195,nu,12.8628,10.681736355,1.9400689825591384,-2.181063645,4.757038623540686,7.78384675,15.364474999999997,7.580628249999997,True
DGP-N,196,mu,-0.589580537459098,-0.7176628146276249,0.21775821254325387,-0.12808227716852694,0.016405069724675356,-1.1399827500000002,-0.2897330500000002,0.8502497,True
DGP-N,196,phi,0.9883567500000001,0.988861016875,0.002822145028371217,0.0005042668749999368,2.542850812222019e-07,0.9829285000000001,0.9939641499999999,0.011035649999999841,True
DGP-N,196,sigma_h,1.0268899999999999,1.018825614,0.11581025918547148,-0.008064385999999812,6.503432155699297e-05,0.837687275,1.29422625,0.45653897499999996,True
DGP-N,196,sigma_eta,0.1562457416833446,0.14880745775,0.013491221985240878,-0.007438283933344586,5.5328067873052206e-05,0.123930475,0.177154525,0.05322405000000001,True
DGP-N,196,nu,12.8628,9.5067548475,1.5099319267198166,-3.3560451525,11.263039065618749,7.16068025,12.997432499999997,5.836752249999996,True
DGP-N,197,mu,-0.5928258099658035,-0.64950812596425,0.2878868090124965,-0.05668231599844653,0.0032128849469477477,-1.191035,-0.04896357500000043,1.1420714249999997,True
DGP-N,197,phi,0.9883567500000001,0.9911687050000001,0.0024529831881385084,0.002811954999999977,7.90709092202487e-06,0.9860019750000001,0.9955130249999999,0.009511049999999854,True
DGP-N,197,sigma_h,1.0268899999999999,1.1870707569999999,0.15575046114653762,0.160180757,0.02565787491309305,0.954765125,1.5565847499999996,0.6018196249999996,True
DGP-N,197,sigma_eta,0.1562457416833446,0.153606198375,0.013530855714257963,-0.002639543308344594,6.967188876626725e-06,0.12850377500000001,0.1815222,0.05301842499999998,True
DGP-N,197,nu,12.8628,14.219830953750002,3.458625026431643,1.3570309537500016,1.841533009435639,9.4942115,22.506804999999986,13.012593499999985,True
DGP-N,198,mu,-0.5943059782369703,-0.22314097987087503,0.23794440677750772,0.3711649983660953,0.13776345601210352,-0.691091275,0.24690552499999988,0.9379967999999999,True
DGP-N,198,phi,0.9883567500000001,0.98998265,0.002625251266026973,0.001625899999999847,2.643550809999502e-06,0.9843995000000001,0.99480205,0.0104025499999999,True
DGP-N,198,sigma_h,1.0268899999999999,1.03900113425,0.12950761387736148,0.01211113425000021,0.00014667957282152818,0.8420164,1.3367307499999999,0.49471434999999986,True
DGP-N,198,sigma_eta,0.1562457416833446,0.143516587125,0.01222724342418922,-0.012729154558344585,0.00016203137577022473,0.120983525,0.1690127,0.04802917499999999,True
DGP-N,198,nu,12.8628,14.491671855,3.496888767020196,1.6288718549999999,2.6532235200111405,9.647951500000001,23.25433249999999,13.606380999999988,True
DGP-N,199,mu,-0.5952816768041889,-0.28404156219331245,0.2008033974202981,0.3112401146108764,0.09687040894299148,-0.6788798749999999,0.12366159999999986,0.8025414749999997,True
DGP-N,199,phi,0.9883567500000001,0.987594923375,0.0030618743768876426,-0.0007618266250001282,5.80379806559086e-07,0.981251775,0.993247025,0.011995249999999902,True
DGP-N,199,sigma_h,1.0268899999999999,0.9856586494999999,0.11240018260153432,-0.04123135049999993,0.0017000242640538444,0.8091011,1.2461279999999997,0.43702689999999966,True
DGP-N,199,sigma_eta,0.1562457416833446,0.15195825875,0.013182670870415757,-0.004287482933344605,1.838250990372126e-05,0.127679575,0.17903199999999997,0.05135242499999998,True
DGP-N,199,nu,12.8628,12.53395732,2.6137124484458623,-0.3288426799999993,0.10813750818958193,8.77402125,18.953174999999998,10.179153749999998,True
DGP-N,200,mu,-0.5961130577463756,-0.20429064114368123,0.25085779757083415,0.39182241660269435,0.15352480615237538,-0.687772825,0.2913927249999995,0.9791655499999996,True
DGP-N,200,phi,0.9883567500000001,0.990230983375,0.002665196751004287,0.001874233374999923,3.512750743963602e-06,0.9845628249999999,0.995005025,0.010442200000000068,True
DGP-N,200,sigma_h,1.0268899999999999,1.0907713525000002,0.13873662103670964,0.06388135250000038,0.0040808271972293045,0.8852219,1.4200979999999996,0.5348760999999996,True
DGP-N,200,sigma_eta,0.1562457416833446,0.148612877625,0.0134082636614683,-0.007632864058344596,5.826061373316874e-05,0.123393975,0.1760218,0.052627825,True
DGP-N,200,nu,12.8628,10.260159903750003,1.7579934693265153,-2.6026400962499974,6.773735470608195,7.5774532500000005,14.309087499999999,6.731634249999998,True
