market,horizon,mode,update_date,model_id,available,discount_age_unit,evaluation_sample_policy,matured_observations,prequential_weight,availability_adjusted_weight
SP500,1,equal,2018-01-02,NN-SV,True,exchange_session,main_gap_excluded,228,0.5,0.5
SP500,1,equal,2018-01-02,RV-NN-SV,True,exchange_session,main_gap_excluded,228,0.5,0.5
SP500,1,equal,2018-02-01,NN-SV,True,exchange_session,main_gap_excluded,249,0.5,0.5
SP500,1,equal,2018-02-01,RV-NN-SV,True,exchange_session,main_gap_excluded,249,0.5,0.5
SP500,1,equal,2018-03-01,NN-SV,True,exchange_session,main_gap_excluded,268,0.5,0.5
SP500,1,equal,2018-03-01,RV-NN-SV,True,exchange_session,main_gap_excluded,268,0.5,0.5
SP500,1,equal,2018-04-02,NN-SV,True,exchange_session,main_gap_excluded,289,0.5,0.5
SP500,1,equal,2018-04-02,RV-NN-SV,True,exchange_session,main_gap_excluded,289,0.5,0.5
SP500,1,equal,2018-05-01,NN-SV,True,exchange_session,main_gap_excluded,310,0.5,0.5
SP500,1,equal,2018-05-01,RV-NN-SV,True,exchange_session,main_gap_excluded,310,0.5,0.5
SP500,1,equal,2018-06-01,NN-SV,True,exchange_session,main_gap_excluded,332,0.5,0.5
SP500,1,equal,2018-06-01,RV-NN-SV,True,exchange_session,main_gap_excluded,332,0.5,0.5
SP500,1,equal,2018-07-02,NN-SV,True,exchange_session,main_gap_excluded,353,0.5,0.5
SP500,1,equal,2018-07-02,RV-NN-SV,True,exchange_session,main_gap_excluded,353,0.5,0.5
SP500,1,equal,2018-08-01,NN-SV,True,exchange_session,main_gap_excluded,372,0.5,0.5
SP500,1,equal,2018-08-01,RV-NN-SV,True,exchange_session,main_gap_excluded,372,0.5,0.5
SP500,1,equal,2018-09-04,NN-SV,True,exchange_session,main_gap_excluded,395,0.5,0.5
SP500,1,equal,2018-09-04,RV-NN-SV,True,exchange_session,main_gap_excluded,395,0.5,0.5
SP500,1,equal,2018-10-01,NN-SV,True,exchange_session,main_gap_excluded,414,0.5,0.5
SP500,1,equal,2018-10-01,RV-NN-SV,True,exchange_session,main_gap_excluded,414,0.5,0.5
SP500,1,equal,2018-11-01,NN-SV,True,exchange_session,main_gap_excluded,437,0.5,0.5
SP500,1,equal,2018-11-01,RV-NN-SV,True,exchange_session,main_gap_excluded,437,0.5,0.5
SP500,1,equal,2018-12-03,NN-SV,True,exchange_session,main_gap_excluded,458,0.5,0.5
SP500,1,equal,2018-12-03,RV-NN-SV,True,exchange_session,main_gap_excluded,458,0.5,0.5
SP500,1,equal,2019-01-02,NN-SV,True,exchange_session,main_gap_excluded,477,0.5,0.5
SP500,1,equal,2019-01-02,RV-NN-SV,True,exchange_session,main_gap_excluded,477,0.5,0.5
SP500,1,equal,2019-02-01,NN-SV,True,exchange_session,main_gap_excluded,498,0.5,0.5
SP500,1,equal,2019-02-01,RV-NN-SV,True,exchange_session,main_gap_excluded,498,0.5,0.5
SP500,1,equal,2019-03-01,NN-SV,True,exchange_session,main_gap_excluded,517,0.5,0.5
SP500,1,equal,2019-03-01,RV-NN-SV,True,exchange_session,main_gap_excluded,517,0.5,0.5
SP500,1,equal,2019-04-01,NN-SV,True,exchange_session,main_gap_excluded,538,0.5,0.5
SP500,1,equal,2019-04-01,RV-NN-SV,True,exchange_session,main_gap_excluded,538,0.5,0.5
SP500,1,equal,2019-05-01,NN-SV,True,exchange_session,main_gap_excluded,559,0.5,0.5
SP500,1,equal,2019-05-01,RV-NN-SV,True,exchange_session,main_gap_excluded,559,0.5,0.5
SP500,1,equal,2019-06-03,NN-SV,True,exchange_session,main_gap_excluded,581,0.5,0.5
SP500,1,equal,2019-06-03,RV-NN-SV,True,exchange_session,main_gap_excluded,581,0.5,0.5
SP500,1,equal,2019-07-01,NN-SV,True,exchange_session,main_gap_excluded,599,0.5,0.5
SP500,1,equal,2019-07-01,RV-NN-SV,True,exchange_session,main_gap_excluded,599,0.5,0.5
SP500,1,equal,2019-08-01,NN-SV,True,exchange_session,main_gap_excluded,621,0.5,0.5
SP500,1,equal,2019-08-01,RV-NN-SV,True,exchange_session,main_gap_excluded,621,0.5,0.5
SP500,1,equal,2019-09-03,NN-SV,True,exchange_session,main_gap_excluded,643,0.5,0.5
SP500,1,equal,2019-09-03,RV-NN-SV,True,exchange_session,main_gap_excluded,643,0.5,0.5
SP500,1,equal,2019-10-01,NN-SV,True,exchange_session,main_gap_excluded,663,0.5,0.5
SP500,1,equal,2019-10-01,RV-NN-SV,True,exchange_session,main_gap_excluded,663,0.5,0.5
SP500,1,equal,2019-11-01,NN-SV,True,exchange_session,main_gap_excluded,686,0.5,0.5
SP500,1,equal,2019-11-01,RV-NN-SV,True,exchange_session,main_gap_excluded,686,0.5,0.5
SP500,1,equal,2019-12-02,NN-SV,True,exchange_session,main_gap_excluded,704,0.5,0.5
SP500,1,equal,2019-12-02,RV-NN-SV,True,exchange_session,main_gap_excluded,704,0.5,0.5
SP500,1,equal,2020-01-02,NN-SV,True,exchange_session,main_gap_excluded,723,0.5,0.5
SP500,1,equal,2020-01-02,RV-NN-SV,True,exchange_session,main_gap_excluded,723,0.5,0.5
SP500,1,equal,2020-02-03,NN-SV,True,exchange_session,main_gap_excluded,744,0.5,0.5
SP500,1,equal,2020-02-03,RV-NN-SV,True,exchange_session,main_gap_excluded,744,0.5,0.5
SP500,1,equal,2020-03-02,NN-SV,True,exchange_session,main_gap_excluded,763,0.5,0.5
SP500,1,equal,2020-03-02,RV-NN-SV,True,exchange_session,main_gap_excluded,763,0.5,0.5
SP500,1,equal,2020-04-01,NN-SV,True,exchange_session,main_gap_excluded,785,0.5,0.5
SP500,1,equal,2020-04-01,RV-NN-SV,True,exchange_session,main_gap_excluded,785,0.5,0.5
SP500,1,equal,2020-05-01,NN-SV,True,exchange_session,main_gap_excluded,806,0.5,0.5
SP500,1,equal,2020-05-01,RV-NN-SV,True,exchange_session,main_gap_excluded,806,0.5,0.5
SP500,1,equal,2020-06-01,NN-SV,True,exchange_session,main_gap_excluded,824,0.5,0.5
SP500,1,equal,2020-06-01,RV-NN-SV,True,exchange_session,main_gap_excluded,824,0.5,0.5
SP500,1,equal,2020-07-01,NN-SV,True,exchange_session,main_gap_excluded,844,0.5,0.5
SP500,1,equal,2020-07-01,RV-NN-SV,True,exchange_session,main_gap_excluded,844,0.5,0.5
SP500,1,equal,2020-08-03,NN-SV,True,exchange_session,main_gap_excluded,864,0.5,0.5
SP500,1,equal,2020-08-03,RV-NN-SV,True,exchange_session,main_gap_excluded,864,0.5,0.5
SP500,1,equal,2020-09-01,NN-SV,True,exchange_session,main_gap_excluded,881,0.5,0.5
SP500,1,equal,2020-09-01,RV-NN-SV,True,exchange_session,main_gap_excluded,881,0.5,0.5
SP500,1,equal,2020-10-01,NN-SV,True,exchange_session,main_gap_excluded,902,0.5,0.5
SP500,1,equal,2020-10-01,RV-NN-SV,True,exchange_session,main_gap_excluded,902,0.5,0.5
SP500,1,equal,2020-11-02,NN-SV,True,exchange_session,main_gap_excluded,924,0.5,0.5
SP500,1,equal,2020-11-02,RV-NN-SV,True,exchange_session,main_gap_excluded,924,0.5,0.5
SP500,1,equal,2020-12-01,NN-SV,True,exchange_session,main_gap_excluded,944,0.5,0.5
SP500,1,equal,2020-12-01,RV-NN-SV,True,exchange_session,main_gap_excluded,944,0.5,0.5
SP500,1,equal,2021-01-04,NN-SV,True,exchange_session,main_gap_excluded,966,0.5,0.5
SP500,1,equal,2021-01-04,RV-NN-SV,True,exchange_session,main_gap_excluded,966,0.5,0.5
SP500,1,equal,2021-02-01,NN-SV,True,exchange_session,main_gap_excluded,983,0.5,0.5
SP500,1,equal,2021-02-01,RV-NN-SV,True,exchange_session,main_gap_excluded,983,0.5,0.5
SP500,1,equal,2021-03-01,NN-SV,True,exchange_session,main_gap_excluded,1002,0.5,0.5
SP500,1,equal,2021-03-01,RV-NN-SV,True,exchange_session,main_gap_excluded,1002,0.5,0.5
SP500,1,equal,2021-04-01,NN-SV,True,exchange_session,main_gap_excluded,1025,0.5,0.5
SP500,1,equal,2021-04-01,RV-NN-SV,True,exchange_session,main_gap_excluded,1025,0.5,0.5
SP500,1,equal,2021-05-03,NN-SV,True,exchange_session,main_gap_excluded,1046,0.5,0.5
SP500,1,equal,2021-05-03,RV-NN-SV,True,exchange_session,main_gap_excluded,1046,0.5,0.5
SP500,1,equal,2021-06-01,NN-SV,True,exchange_session,main_gap_excluded,1066,0.5,0.5
SP500,1,equal,2021-06-01,RV-NN-SV,True,exchange_session,main_gap_excluded,1066,0.5,0.5
SP500,1,equal,2021-07-01,NN-SV,True,exchange_session,main_gap_excluded,1088,0.5,0.5
SP500,1,equal,2021-07-01,RV-NN-SV,True,exchange_session,main_gap_excluded,1088,0.5,0.5
SP500,1,equal,2021-08-02,NN-SV,True,exchange_session,main_gap_excluded,1109,0.5,0.5
SP500,1,equal,2021-08-02,RV-NN-SV,True,exchange_session,main_gap_excluded,1109,0.5,0.5
SP500,1,equal,2021-09-01,NN-SV,True,exchange_session,main_gap_excluded,1131,0.5,0.5
SP500,1,equal,2021-09-01,RV-NN-SV,True,exchange_session,main_gap_excluded,1131,0.5,0.5
SP500,1,equal,2021-10-01,NN-SV,True,exchange_session,main_gap_excluded,1150,0.5,0.5
SP500,1,equal,2021-10-01,RV-NN-SV,True,exchange_session,main_gap_excluded,1150,0.5,0.5
SP500,1,equal,2021-11-01,NN-SV,True,exchange_session,main_gap_excluded,1171,0.5,0.5
SP500,1,equal,2021-11-01,RV-NN-SV,True,exchange_session,main_gap_excluded,1171,0.5,0.5
SP500,1,equal,2021-12-01,NN-SV,True,exchange_session,main_gap_excluded,1192,0.5,0.5
SP500,1,equal,2021-12-01,RV-NN-SV,True,exchange_session,main_gap_excluded,1192,0.5,0.5
SP500,1,equal,2022-01-03,NN-SV,True,exchange_session,main_gap_excluded,1214,0.5,0.5
SP500,1,equal,2022-01-03,RV-NN-SV,True,exchange_session,main_gap_excluded,1214,0.5,0.5
SP500,1,equal,2022-02-01,NN-SV,True,exchange_session,main_gap_excluded,1232,0.5,0.5
SP500,1,equal,2022-02-01,RV-NN-SV,True,exchange_session,main_gap_excluded,1232,0.5,0.5
SP500,1,log_score,2018-01-02,NN-SV,True,exchange_session,main_gap_excluded,228,0.0,0.0
SP500,1,log_score,2018-01-02,RV-NN-SV,True,exchange_session,main_gap_excluded,228,1.0,1.0
SP500,1,log_score,2018-02-01,NN-SV,True,exchange_session,main_gap_excluded,249,1.6653345369377346e-16,1.6653345369377348e-16
SP500,1,log_score,2018-02-01,RV-NN-SV,True,exchange_session,main_gap_excluded,249,0.9999999999999998,0.9999999999999999
SP500,1,log_score,2018-03-01,NN-SV,True,exchange_session,main_gap_excluded,268,0.0,0.0
SP500,1,log_score,2018-03-01,RV-NN-SV,True,exchange_session,main_gap_excluded,268,1.0,1.0
SP500,1,log_score,2018-04-02,NN-SV,True,exchange_session,main_gap_excluded,289,0.0,0.0
SP500,1,log_score,2018-04-02,RV-NN-SV,True,exchange_session,main_gap_excluded,289,1.0,1.0
SP500,1,log_score,2018-05-01,NN-SV,True,exchange_session,main_gap_excluded,310,5.551115123125783e-17,5.551115123125783e-17
SP500,1,log_score,2018-05-01,RV-NN-SV,True,exchange_session,main_gap_excluded,310,1.0,1.0
SP500,1,log_score,2018-06-01,NN-SV,True,exchange_session,main_gap_excluded,332,5.551115123125783e-17,5.551115123125783e-17
SP500,1,log_score,2018-06-01,RV-NN-SV,True,exchange_session,main_gap_excluded,332,1.0,1.0
SP500,1,log_score,2018-07-02,NN-SV,True,exchange_session,main_gap_excluded,353,0.0,0.0
SP500,1,log_score,2018-07-02,RV-NN-SV,True,exchange_session,main_gap_excluded,353,1.0,1.0
SP500,1,log_score,2018-08-01,NN-SV,True,exchange_session,main_gap_excluded,372,5.551115123125783e-17,5.551115123125783e-17
SP500,1,log_score,2018-08-01,RV-NN-SV,True,exchange_session,main_gap_excluded,372,1.0,1.0
SP500,1,log_score,2018-09-04,NN-SV,True,exchange_session,main_gap_excluded,395,0.0,0.0
SP500,1,log_score,2018-09-04,RV-NN-SV,True,exchange_session,main_gap_excluded,395,1.0,1.0
SP500,1,log_score,2018-10-01,NN-SV,True,exchange_session,main_gap_excluded,414,1.1102230246251565e-16,1.1102230246251565e-16
SP500,1,log_score,2018-10-01,RV-NN-SV,True,exchange_session,main_gap_excluded,414,1.0,1.0
SP500,1,log_score,2018-11-01,NN-SV,True,exchange_session,main_gap_excluded,437,2.7755575615628914e-16,2.7755575615628914e-16
SP500,1,log_score,2018-11-01,RV-NN-SV,True,exchange_session,main_gap_excluded,437,0.9999999999999997,0.9999999999999997
SP500,1,log_score,2018-12-03,NN-SV,True,exchange_session,main_gap_excluded,458,0.0,0.0
SP500,1,log_score,2018-12-03,RV-NN-SV,True,exchange_session,main_gap_excluded,458,1.0,1.0
SP500,1,log_score,2019-01-02,NN-SV,True,exchange_session,main_gap_excluded,477,5.551115123125783e-17,5.551115123125783e-17
SP500,1,log_score,2019-01-02,RV-NN-SV,True,exchange_session,main_gap_excluded,477,1.0,1.0
SP500,1,log_score,2019-02-01,NN-SV,True,exchange_session,main_gap_excluded,498,5.551115123125783e-17,5.551115123125783e-17
SP500,1,log_score,2019-02-01,RV-NN-SV,True,exchange_session,main_gap_excluded,498,1.0,1.0
SP500,1,log_score,2019-03-01,NN-SV,True,exchange_session,main_gap_excluded,517,0.0,0.0
SP500,1,log_score,2019-03-01,RV-NN-SV,True,exchange_session,main_gap_excluded,517,1.0,1.0
SP500,1,log_score,2019-04-01,NN-SV,True,exchange_session,main_gap_excluded,538,0.0,0.0
SP500,1,log_score,2019-04-01,RV-NN-SV,True,exchange_session,main_gap_excluded,538,1.0,1.0
SP500,1,log_score,2019-05-01,NN-SV,True,exchange_session,main_gap_excluded,559,0.0,0.0
SP500,1,log_score,2019-05-01,RV-NN-SV,True,exchange_session,main_gap_excluded,559,1.0,1.0
SP500,1,log_score,2019-06-03,NN-SV,True,exchange_session,main_gap_excluded,581,1.6653345369377348e-16,1.6653345369377348e-16
SP500,1,log_score,2019-06-03,RV-NN-SV,True,exchange_session,main_gap_excluded,581,0.9999999999999998,0.9999999999999998
SP500,1,log_score,2019-07-01,NN-SV,True,exchange_session,main_gap_excluded,599,0.0,0.0
SP500,1,log_score,2019-07-01,RV-NN-SV,True,exchange_session,main_gap_excluded,599,1.0,1.0
SP500,1,log_score,2019-08-01,NN-SV,True,exchange_session,main_gap_excluded,621,4.996003610813204e-16,4.996003610813204e-16
SP500,1,log_score,2019-08-01,RV-NN-SV,True,exchange_session,main_gap_excluded,621,0.9999999999999996,0.9999999999999996
SP500,1,log_score,2019-09-03,NN-SV,True,exchange_session,main_gap_excluded,643,8.326672684688674e-17,8.326672684688674e-17
SP500,1,log_score,2019-09-03,RV-NN-SV,True,exchange_session,main_gap_excluded,643,1.0,1.0
SP500,1,log_score,2019-10-01,NN-SV,True,exchange_session,main_gap_excluded,663,0.0,0.0
SP500,1,log_score,2019-10-01,RV-NN-SV,True,exchange_session,main_gap_excluded,663,1.0,1.0
SP500,1,log_score,2019-11-01,NN-SV,True,exchange_session,main_gap_excluded,686,0.0,0.0
SP500,1,log_score,2019-11-01,RV-NN-SV,True,exchange_session,main_gap_excluded,686,1.0,1.0
SP500,1,log_score,2019-12-02,NN-SV,True,exchange_session,main_gap_excluded,704,0.0,0.0
SP500,1,log_score,2019-12-02,RV-NN-SV,True,exchange_session,main_gap_excluded,704,1.0,1.0
SP500,1,log_score,2020-01-02,NN-SV,True,exchange_session,main_gap_excluded,723,5.551115123125783e-17,5.551115123125783e-17
SP500,1,log_score,2020-01-02,RV-NN-SV,True,exchange_session,main_gap_excluded,723,1.0,1.0
SP500,1,log_score,2020-02-03,NN-SV,True,exchange_session,main_gap_excluded,744,2.220446049250313e-16,2.220446049250313e-16
SP500,1,log_score,2020-02-03,RV-NN-SV,True,exchange_session,main_gap_excluded,744,0.9999999999999998,0.9999999999999998
SP500,1,log_score,2020-03-02,NN-SV,True,exchange_session,main_gap_excluded,763,1.734723475976807e-16,1.734723475976807e-16
SP500,1,log_score,2020-03-02,RV-NN-SV,True,exchange_session,main_gap_excluded,763,0.9999999999999998,0.9999999999999998
SP500,1,log_score,2020-04-01,NN-SV,True,exchange_session,main_gap_excluded,785,0.07700944505319274,0.07700944505319274
SP500,1,log_score,2020-04-01,RV-NN-SV,True,exchange_session,main_gap_excluded,785,0.9229905549468073,0.9229905549468073
SP500,1,log_score,2020-05-01,NN-SV,True,exchange_session,main_gap_excluded,806,0.04959326765728567,0.049593267657285674
SP500,1,log_score,2020-05-01,RV-NN-SV,True,exchange_session,main_gap_excluded,806,0.9504067323427142,0.9504067323427143
SP500,1,log_score,2020-06-01,NN-SV,True,exchange_session,main_gap_excluded,824,0.07802393418289305,0.07802393418289305
SP500,1,log_score,2020-06-01,RV-NN-SV,True,exchange_session,main_gap_excluded,824,0.921976065817107,0.921976065817107
SP500,1,log_score,2020-07-01,NN-SV,True,exchange_session,main_gap_excluded,844,0.03198014275244164,0.03198014275244164
SP500,1,log_score,2020-07-01,RV-NN-SV,True,exchange_session,main_gap_excluded,844,0.9680198572475585,0.9680198572475585
SP500,1,log_score,2020-08-03,NN-SV,True,exchange_session,main_gap_excluded,864,0.04306312001052866,0.04306312001052866
SP500,1,log_score,2020-08-03,RV-NN-SV,True,exchange_session,main_gap_excluded,864,0.9569368799894713,0.9569368799894713
SP500,1,log_score,2020-09-01,NN-SV,True,exchange_session,main_gap_excluded,881,0.0036891798348628927,0.0036891798348628927
SP500,1,log_score,2020-09-01,RV-NN-SV,True,exchange_session,main_gap_excluded,881,0.9963108201651372,0.9963108201651372
SP500,1,log_score,2020-10-01,NN-SV,True,exchange_session,main_gap_excluded,902,5.551115123125783e-17,5.551115123125783e-17
SP500,1,log_score,2020-10-01,RV-NN-SV,True,exchange_session,main_gap_excluded,902,1.0,1.0
SP500,1,log_score,2020-11-02,NN-SV,True,exchange_session,main_gap_excluded,924,0.009704803190139,0.009704803190139
SP500,1,log_score,2020-11-02,RV-NN-SV,True,exchange_session,main_gap_excluded,924,0.990295196809861,0.990295196809861
SP500,1,log_score,2020-12-01,NN-SV,True,exchange_session,main_gap_excluded,944,5.551115123125783e-17,5.551115123125783e-17
SP500,1,log_score,2020-12-01,RV-NN-SV,True,exchange_session,main_gap_excluded,944,1.0,1.0
SP500,1,log_score,2021-01-04,NN-SV,True,exchange_session,main_gap_excluded,966,0.008891363488114553,0.008891363488114553
SP500,1,log_score,2021-01-04,RV-NN-SV,True,exchange_session,main_gap_excluded,966,0.9911086365118855,0.9911086365118855
SP500,1,log_score,2021-02-01,NN-SV,True,exchange_session,main_gap_excluded,983,0.00010408523796785326,0.00010408523796785326
SP500,1,log_score,2021-02-01,RV-NN-SV,True,exchange_session,main_gap_excluded,983,0.9998959147620321,0.9998959147620321
SP500,1,log_score,2021-03-01,NN-SV,True,exchange_session,main_gap_excluded,1002,0.0,0.0
SP500,1,log_score,2021-03-01,RV-NN-SV,True,exchange_session,main_gap_excluded,1002,1.0,1.0
SP500,1,log_score,2021-04-01,NN-SV,True,exchange_session,main_gap_excluded,1025,1.1102230246251565e-16,1.1102230246251565e-16
SP500,1,log_score,2021-04-01,RV-NN-SV,True,exchange_session,main_gap_excluded,1025,1.0,1.0
SP500,1,log_score,2021-05-03,NN-SV,True,exchange_session,main_gap_excluded,1046,5.551115123125783e-17,5.551115123125783e-17
SP500,1,log_score,2021-05-03,RV-NN-SV,True,exchange_session,main_gap_excluded,1046,1.0,1.0
SP500,1,log_score,2021-06-01,NN-SV,True,exchange_session,main_gap_excluded,1066,0.0,0.0
SP500,1,log_score,2021-06-01,RV-NN-SV,True,exchange_session,main_gap_excluded,1066,1.0,1.0
SP500,1,log_score,2021-07-01,NN-SV,True,exchange_session,main_gap_excluded,1088,0.0,0.0
SP500,1,log_score,2021-07-01,RV-NN-SV,True,exchange_session,main_gap_excluded,1088,1.0,1.0
SP500,1,log_score,2021-08-02,NN-SV,True,exchange_session,main_gap_excluded,1109,2.7755575615628914e-17,2.7755575615628914e-17
SP500,1,log_score,2021-08-02,RV-NN-SV,True,exchange_session,main_gap_excluded,1109,1.0,1.0
SP500,1,log_score,2021-09-01,NN-SV,True,exchange_session,main_gap_excluded,1131,5.421010862427523e-17,5.421010862427523e-17
SP500,1,log_score,2021-09-01,RV-NN-SV,True,exchange_session,main_gap_excluded,1131,1.0,1.0
SP500,1,log_score,2021-10-01,NN-SV,True,exchange_session,main_gap_excluded,1150,1.1102230246251565e-16,1.1102230246251565e-16
SP500,1,log_score,2021-10-01,RV-NN-SV,True,exchange_session,main_gap_excluded,1150,1.0,1.0
SP500,1,log_score,2021-11-01,NN-SV,True,exchange_session,main_gap_excluded,1171,0.0,0.0
SP500,1,log_score,2021-11-01,RV-NN-SV,True,exchange_session,main_gap_excluded,1171,1.0,1.0
SP500,1,log_score,2021-12-01,NN-SV,True,exchange_session,main_gap_excluded,1192,0.0,0.0
SP500,1,log_score,2021-12-01,RV-NN-SV,True,exchange_session,main_gap_excluded,1192,1.0,1.0
SP500,1,log_score,2022-01-03,NN-SV,True,exchange_session,main_gap_excluded,1214,0.0,0.0
SP500,1,log_score,2022-01-03,RV-NN-SV,True,exchange_session,main_gap_excluded,1214,1.0,1.0
SP500,1,log_score,2022-02-01,NN-SV,True,exchange_session,main_gap_excluded,1232,2.6714741530042824e-16,2.671474153004283e-16
SP500,1,log_score,2022-02-01,RV-NN-SV,True,exchange_session,main_gap_excluded,1232,0.9999999999999997,0.9999999999999998
SP500,1,qlike,2018-01-02,NN-SV,True,exchange_session,main_gap_excluded,228,0.0,0.0
SP500,1,qlike,2018-01-02,RV-NN-SV,True,exchange_session,main_gap_excluded,228,1.0,1.0
SP500,1,qlike,2018-02-01,NN-SV,True,exchange_session,main_gap_excluded,249,0.0,0.0
SP500,1,qlike,2018-02-01,RV-NN-SV,True,exchange_session,main_gap_excluded,249,1.0,1.0
SP500,1,qlike,2018-03-01,NN-SV,True,exchange_session,main_gap_excluded,268,0.0,0.0
SP500,1,qlike,2018-03-01,RV-NN-SV,True,exchange_session,main_gap_excluded,268,1.0,1.0
SP500,1,qlike,2018-04-02,NN-SV,True,exchange_session,main_gap_excluded,289,0.0,0.0
SP500,1,qlike,2018-04-02,RV-NN-SV,True,exchange_session,main_gap_excluded,289,1.0,1.0
SP500,1,qlike,2018-05-01,NN-SV,True,exchange_session,main_gap_excluded,310,0.0,0.0
SP500,1,qlike,2018-05-01,RV-NN-SV,True,exchange_session,main_gap_excluded,310,1.0,1.0
SP500,1,qlike,2018-06-01,NN-SV,True,exchange_session,main_gap_excluded,332,5.551115123125783e-17,5.551115123125783e-17
SP500,1,qlike,2018-06-01,RV-NN-SV,True,exchange_session,main_gap_excluded,332,1.0,1.0
SP500,1,qlike,2018-07-02,NN-SV,True,exchange_session,main_gap_excluded,353,1.1102230246251565e-16,1.1102230246251565e-16
SP500,1,qlike,2018-07-02,RV-NN-SV,True,exchange_session,main_gap_excluded,353,1.0,1.0
SP500,1,qlike,2018-08-01,NN-SV,True,exchange_session,main_gap_excluded,372,0.0,0.0
SP500,1,qlike,2018-08-01,RV-NN-SV,True,exchange_session,main_gap_excluded,372,1.0,1.0
SP500,1,qlike,2018-09-04,NN-SV,True,exchange_session,main_gap_excluded,395,5.551115123125783e-17,5.551115123125783e-17
SP500,1,qlike,2018-09-04,RV-NN-SV,True,exchange_session,main_gap_excluded,395,1.0,1.0
SP500,1,qlike,2018-10-01,NN-SV,True,exchange_session,main_gap_excluded,414,0.0,0.0
SP500,1,qlike,2018-10-01,RV-NN-SV,True,exchange_session,main_gap_excluded,414,1.0,1.0
SP500,1,qlike,2018-11-01,NN-SV,True,exchange_session,main_gap_excluded,437,0.0,0.0
SP500,1,qlike,2018-11-01,RV-NN-SV,True,exchange_session,main_gap_excluded,437,1.0,1.0
SP500,1,qlike,2018-12-03,NN-SV,True,exchange_session,main_gap_excluded,458,5.551115123125783e-17,5.551115123125783e-17
SP500,1,qlike,2018-12-03,RV-NN-SV,True,exchange_session,main_gap_excluded,458,1.0,1.0
SP500,1,qlike,2019-01-02,NN-SV,True,exchange_session,main_gap_excluded,477,5.551115123125783e-17,5.551115123125783e-17
SP500,1,qlike,2019-01-02,RV-NN-SV,True,exchange_session,main_gap_excluded,477,1.0,1.0
SP500,1,qlike,2019-02-01,NN-SV,True,exchange_session,main_gap_excluded,498,0.0,0.0
SP500,1,qlike,2019-02-01,RV-NN-SV,True,exchange_session,main_gap_excluded,498,1.0,1.0
SP500,1,qlike,2019-03-01,NN-SV,True,exchange_session,main_gap_excluded,517,0.0,0.0
SP500,1,qlike,2019-03-01,RV-NN-SV,True,exchange_session,main_gap_excluded,517,1.0,1.0
SP500,1,qlike,2019-04-01,NN-SV,True,exchange_session,main_gap_excluded,538,0.0,0.0
SP500,1,qlike,2019-04-01,RV-NN-SV,True,exchange_session,main_gap_excluded,538,1.0,1.0
SP500,1,qlike,2019-05-01,NN-SV,True,exchange_session,main_gap_excluded,559,0.0,0.0
SP500,1,qlike,2019-05-01,RV-NN-SV,True,exchange_session,main_gap_excluded,559,1.0,1.0
SP500,1,qlike,2019-06-03,NN-SV,True,exchange_session,main_gap_excluded,581,0.0,0.0
SP500,1,qlike,2019-06-03,RV-NN-SV,True,exchange_session,main_gap_excluded,581,1.0,1.0
SP500,1,qlike,2019-07-01,NN-SV,True,exchange_session,main_gap_excluded,599,0.0,0.0
SP500,1,qlike,2019-07-01,RV-NN-SV,True,exchange_session,main_gap_excluded,599,1.0,1.0
SP500,1,qlike,2019-08-01,NN-SV,True,exchange_session,main_gap_excluded,621,0.0,0.0
SP500,1,qlike,2019-08-01,RV-NN-SV,True,exchange_session,main_gap_excluded,621,1.0,1.0
SP500,1,qlike,2019-09-03,NN-SV,True,exchange_session,main_gap_excluded,643,1.1102230246251565e-16,1.1102230246251565e-16
SP500,1,qlike,2019-09-03,RV-NN-SV,True,exchange_session,main_gap_excluded,643,1.0,1.0
SP500,1,qlike,2019-10-01,NN-SV,True,exchange_session,main_gap_excluded,663,0.0,0.0
SP500,1,qlike,2019-10-01,RV-NN-SV,True,exchange_session,main_gap_excluded,663,1.0,1.0
SP500,1,qlike,2019-11-01,NN-SV,True,exchange_session,main_gap_excluded,686,5.551115123125783e-17,5.551115123125783e-17
SP500,1,qlike,2019-11-01,RV-NN-SV,True,exchange_session,main_gap_excluded,686,0.9999999999999999,0.9999999999999999
SP500,1,qlike,2019-12-02,NN-SV,True,exchange_session,main_gap_excluded,704,5.551115123125783e-17,5.551115123125783e-17
SP500,1,qlike,2019-12-02,RV-NN-SV,True,exchange_session,main_gap_excluded,704,1.0,1.0
SP500,1,qlike,2020-01-02,NN-SV,True,exchange_session,main_gap_excluded,723,0.0,0.0
SP500,1,qlike,2020-01-02,RV-NN-SV,True,exchange_session,main_gap_excluded,723,1.0,1.0
SP500,1,qlike,2020-02-03,NN-SV,True,exchange_session,main_gap_excluded,744,5.551115123125783e-17,5.551115123125783e-17
SP500,1,qlike,2020-02-03,RV-NN-SV,True,exchange_session,main_gap_excluded,744,0.9999999999999999,0.9999999999999999
SP500,1,qlike,2020-03-02,NN-SV,True,exchange_session,main_gap_excluded,763,0.0,0.0
SP500,1,qlike,2020-03-02,RV-NN-SV,True,exchange_session,main_gap_excluded,763,1.0,1.0
SP500,1,qlike,2020-04-01,NN-SV,True,exchange_session,main_gap_excluded,785,0.15465676214866453,0.15465676214866453
SP500,1,qlike,2020-04-01,RV-NN-SV,True,exchange_session,main_gap_excluded,785,0.8453432378513356,0.8453432378513356
SP500,1,qlike,2020-05-01,NN-SV,True,exchange_session,main_gap_excluded,806,0.17693584791010247,0.17693584791010247
SP500,1,qlike,2020-05-01,RV-NN-SV,True,exchange_session,main_gap_excluded,806,0.8230641520898975,0.8230641520898975
SP500,1,qlike,2020-06-01,NN-SV,True,exchange_session,main_gap_excluded,824,0.21030163456334156,0.21030163456334156
SP500,1,qlike,2020-06-01,RV-NN-SV,True,exchange_session,main_gap_excluded,824,0.7896983654366584,0.7896983654366584
SP500,1,qlike,2020-07-01,NN-SV,True,exchange_session,main_gap_excluded,844,0.17106982565241755,0.17106982565241755
SP500,1,qlike,2020-07-01,RV-NN-SV,True,exchange_session,main_gap_excluded,844,0.8289301743475824,0.8289301743475824
SP500,1,qlike,2020-08-03,NN-SV,True,exchange_session,main_gap_excluded,864,0.1674999118106027,0.1674999118106027
SP500,1,qlike,2020-08-03,RV-NN-SV,True,exchange_session,main_gap_excluded,864,0.8325000881893972,0.8325000881893972
SP500,1,qlike,2020-09-01,NN-SV,True,exchange_session,main_gap_excluded,881,0.15233730875777254,0.15233730875777254
SP500,1,qlike,2020-09-01,RV-NN-SV,True,exchange_session,main_gap_excluded,881,0.8476626912422275,0.8476626912422275
SP500,1,qlike,2020-10-01,NN-SV,True,exchange_session,main_gap_excluded,902,0.11654115058362667,0.11654115058362667
SP500,1,qlike,2020-10-01,RV-NN-SV,True,exchange_session,main_gap_excluded,902,0.8834588494163733,0.8834588494163733
SP500,1,qlike,2020-11-02,NN-SV,True,exchange_session,main_gap_excluded,924,0.11867558775026192,0.11867558775026192
SP500,1,qlike,2020-11-02,RV-NN-SV,True,exchange_session,main_gap_excluded,924,0.8813244122497381,0.8813244122497381
SP500,1,qlike,2020-12-01,NN-SV,True,exchange_session,main_gap_excluded,944,0.06453735720486317,0.06453735720486317
SP500,1,qlike,2020-12-01,RV-NN-SV,True,exchange_session,main_gap_excluded,944,0.9354626427951368,0.9354626427951368
SP500,1,qlike,2021-01-04,NN-SV,True,exchange_session,main_gap_excluded,966,0.07612096088918435,0.07612096088918435
SP500,1,qlike,2021-01-04,RV-NN-SV,True,exchange_session,main_gap_excluded,966,0.9238790391108157,0.9238790391108157
SP500,1,qlike,2021-02-01,NN-SV,True,exchange_session,main_gap_excluded,983,0.11604933454641139,0.11604933454641139
SP500,1,qlike,2021-02-01,RV-NN-SV,True,exchange_session,main_gap_excluded,983,0.8839506654535886,0.8839506654535886
SP500,1,qlike,2021-03-01,NN-SV,True,exchange_session,main_gap_excluded,1002,0.04356491139927675,0.04356491139927675
SP500,1,qlike,2021-03-01,RV-NN-SV,True,exchange_session,main_gap_excluded,1002,0.9564350886007232,0.9564350886007232
SP500,1,qlike,2021-04-01,NN-SV,True,exchange_session,main_gap_excluded,1025,0.0,0.0
SP500,1,qlike,2021-04-01,RV-NN-SV,True,exchange_session,main_gap_excluded,1025,1.0,1.0
SP500,1,qlike,2021-05-03,NN-SV,True,exchange_session,main_gap_excluded,1046,1.0408340855860843e-16,1.0408340855860843e-16
SP500,1,qlike,2021-05-03,RV-NN-SV,True,exchange_session,main_gap_excluded,1046,1.0,1.0
SP500,1,qlike,2021-06-01,NN-SV,True,exchange_session,main_gap_excluded,1066,5.551115123125783e-17,5.551115123125783e-17
SP500,1,qlike,2021-06-01,RV-NN-SV,True,exchange_session,main_gap_excluded,1066,1.0,1.0
SP500,1,qlike,2021-07-01,NN-SV,True,exchange_session,main_gap_excluded,1088,5.551115123125783e-17,5.551115123125783e-17
SP500,1,qlike,2021-07-01,RV-NN-SV,True,exchange_session,main_gap_excluded,1088,1.0,1.0
SP500,1,qlike,2021-08-02,NN-SV,True,exchange_session,main_gap_excluded,1109,0.0,0.0
SP500,1,qlike,2021-08-02,RV-NN-SV,True,exchange_session,main_gap_excluded,1109,1.0,1.0
SP500,1,qlike,2021-09-01,NN-SV,True,exchange_session,main_gap_excluded,1131,0.0,0.0
SP500,1,qlike,2021-09-01,RV-NN-SV,True,exchange_session,main_gap_excluded,1131,1.0,1.0
SP500,1,qlike,2021-10-01,NN-SV,True,exchange_session,main_gap_excluded,1150,0.0,0.0
SP500,1,qlike,2021-10-01,RV-NN-SV,True,exchange_session,main_gap_excluded,1150,1.0,1.0
SP500,1,qlike,2021-11-01,NN-SV,True,exchange_session,main_gap_excluded,1171,1.1102230246251565e-16,1.1102230246251565e-16
SP500,1,qlike,2021-11-01,RV-NN-SV,True,exchange_session,main_gap_excluded,1171,0.9999999999999999,0.9999999999999999
SP500,1,qlike,2021-12-01,NN-SV,True,exchange_session,main_gap_excluded,1192,0.0,0.0
SP500,1,qlike,2021-12-01,RV-NN-SV,True,exchange_session,main_gap_excluded,1192,1.0,1.0
SP500,1,qlike,2022-01-03,NN-SV,True,exchange_session,main_gap_excluded,1214,0.0,0.0
SP500,1,qlike,2022-01-03,RV-NN-SV,True,exchange_session,main_gap_excluded,1214,1.0,1.0
SP500,1,qlike,2022-02-01,NN-SV,True,exchange_session,main_gap_excluded,1232,0.0,0.0
SP500,1,qlike,2022-02-01,RV-NN-SV,True,exchange_session,main_gap_excluded,1232,1.0,1.0
SP500,5,equal,2018-01-02,NN-SV,True,exchange_session,main_gap_excluded,224,0.5,0.5
SP500,5,equal,2018-01-02,RV-NN-SV,True,exchange_session,main_gap_excluded,224,0.5,0.5
SP500,5,equal,2018-02-01,NN-SV,True,exchange_session,main_gap_excluded,241,0.5,0.5
SP500,5,equal,2018-02-01,RV-NN-SV,True,exchange_session,main_gap_excluded,241,0.5,0.5
SP500,5,equal,2018-03-01,NN-SV,True,exchange_session,main_gap_excluded,260,0.5,0.5
SP500,5,equal,2018-03-01,RV-NN-SV,True,exchange_session,main_gap_excluded,260,0.5,0.5
SP500,5,equal,2018-04-02,NN-SV,True,exchange_session,main_gap_excluded,281,0.5,0.5
SP500,5,equal,2018-04-02,RV-NN-SV,True,exchange_session,main_gap_excluded,281,0.5,0.5
SP500,5,equal,2018-05-01,NN-SV,True,exchange_session,main_gap_excluded,302,0.5,0.5
SP500,5,equal,2018-05-01,RV-NN-SV,True,exchange_session,main_gap_excluded,302,0.5,0.5
SP500,5,equal,2018-06-01,NN-SV,True,exchange_session,main_gap_excluded,324,0.5,0.5
SP500,5,equal,2018-06-01,RV-NN-SV,True,exchange_session,main_gap_excluded,324,0.5,0.5
SP500,5,equal,2018-07-02,NN-SV,True,exchange_session,main_gap_excluded,345,0.5,0.5
SP500,5,equal,2018-07-02,RV-NN-SV,True,exchange_session,main_gap_excluded,345,0.5,0.5
SP500,5,equal,2018-08-01,NN-SV,True,exchange_session,main_gap_excluded,360,0.5,0.5
SP500,5,equal,2018-08-01,RV-NN-SV,True,exchange_session,main_gap_excluded,360,0.5,0.5
SP500,5,equal,2018-09-04,NN-SV,True,exchange_session,main_gap_excluded,383,0.5,0.5
SP500,5,equal,2018-09-04,RV-NN-SV,True,exchange_session,main_gap_excluded,383,0.5,0.5
SP500,5,equal,2018-10-01,NN-SV,True,exchange_session,main_gap_excluded,402,0.5,0.5
SP500,5,equal,2018-10-01,RV-NN-SV,True,exchange_session,main_gap_excluded,402,0.5,0.5
SP500,5,equal,2018-11-01,NN-SV,True,exchange_session,main_gap_excluded,425,0.5,0.5
SP500,5,equal,2018-11-01,RV-NN-SV,True,exchange_session,main_gap_excluded,425,0.5,0.5
SP500,5,equal,2018-12-03,NN-SV,True,exchange_session,main_gap_excluded,446,0.5,0.5
SP500,5,equal,2018-12-03,RV-NN-SV,True,exchange_session,main_gap_excluded,446,0.5,0.5
SP500,5,equal,2019-01-02,NN-SV,True,exchange_session,main_gap_excluded,465,0.5,0.5
SP500,5,equal,2019-01-02,RV-NN-SV,True,exchange_session,main_gap_excluded,465,0.5,0.5
SP500,5,equal,2019-02-01,NN-SV,True,exchange_session,main_gap_excluded,486,0.5,0.5
SP500,5,equal,2019-02-01,RV-NN-SV,True,exchange_session,main_gap_excluded,486,0.5,0.5
SP500,5,equal,2019-03-01,NN-SV,True,exchange_session,main_gap_excluded,505,0.5,0.5
SP500,5,equal,2019-03-01,RV-NN-SV,True,exchange_session,main_gap_excluded,505,0.5,0.5
SP500,5,equal,2019-04-01,NN-SV,True,exchange_session,main_gap_excluded,526,0.5,0.5
SP500,5,equal,2019-04-01,RV-NN-SV,True,exchange_session,main_gap_excluded,526,0.5,0.5
SP500,5,equal,2019-05-01,NN-SV,True,exchange_session,main_gap_excluded,547,0.5,0.5
SP500,5,equal,2019-05-01,RV-NN-SV,True,exchange_session,main_gap_excluded,547,0.5,0.5
SP500,5,equal,2019-06-03,NN-SV,True,exchange_session,main_gap_excluded,569,0.5,0.5
SP500,5,equal,2019-06-03,RV-NN-SV,True,exchange_session,main_gap_excluded,569,0.5,0.5
SP500,5,equal,2019-07-01,NN-SV,True,exchange_session,main_gap_excluded,583,0.5,0.5
SP500,5,equal,2019-07-01,RV-NN-SV,True,exchange_session,main_gap_excluded,583,0.5,0.5
SP500,5,equal,2019-08-01,NN-SV,True,exchange_session,main_gap_excluded,605,0.5,0.5
SP500,5,equal,2019-08-01,RV-NN-SV,True,exchange_session,main_gap_excluded,605,0.5,0.5
SP500,5,equal,2019-09-03,NN-SV,True,exchange_session,main_gap_excluded,627,0.5,0.5
SP500,5,equal,2019-09-03,RV-NN-SV,True,exchange_session,main_gap_excluded,627,0.5,0.5
SP500,5,equal,2019-10-01,NN-SV,True,exchange_session,main_gap_excluded,647,0.5,0.5
SP500,5,equal,2019-10-01,RV-NN-SV,True,exchange_session,main_gap_excluded,647,0.5,0.5
SP500,5,equal,2019-11-01,NN-SV,True,exchange_session,main_gap_excluded,670,0.5,0.5
SP500,5,equal,2019-11-01,RV-NN-SV,True,exchange_session,main_gap_excluded,670,0.5,0.5
SP500,5,equal,2019-12-02,NN-SV,True,exchange_session,main_gap_excluded,684,0.5,0.5
SP500,5,equal,2019-12-02,RV-NN-SV,True,exchange_session,main_gap_excluded,684,0.5,0.5
SP500,5,equal,2020-01-02,NN-SV,True,exchange_session,main_gap_excluded,699,0.5,0.5
SP500,5,equal,2020-01-02,RV-NN-SV,True,exchange_session,main_gap_excluded,699,0.5,0.5
SP500,5,equal,2020-02-03,NN-SV,True,exchange_session,main_gap_excluded,720,0.5,0.5
SP500,5,equal,2020-02-03,RV-NN-SV,True,exchange_session,main_gap_excluded,720,0.5,0.5
SP500,5,equal,2020-03-02,NN-SV,True,exchange_session,main_gap_excluded,739,0.5,0.5
SP500,5,equal,2020-03-02,RV-NN-SV,True,exchange_session,main_gap_excluded,739,0.5,0.5
SP500,5,equal,2020-04-01,NN-SV,True,exchange_session,main_gap_excluded,761,0.5,0.5
SP500,5,equal,2020-04-01,RV-NN-SV,True,exchange_session,main_gap_excluded,761,0.5,0.5
SP500,5,equal,2020-05-01,NN-SV,True,exchange_session,main_gap_excluded,782,0.5,0.5
SP500,5,equal,2020-05-01,RV-NN-SV,True,exchange_session,main_gap_excluded,782,0.5,0.5
SP500,5,equal,2020-06-01,NN-SV,True,exchange_session,main_gap_excluded,796,0.5,0.5
SP500,5,equal,2020-06-01,RV-NN-SV,True,exchange_session,main_gap_excluded,796,0.5,0.5
SP500,5,equal,2020-07-01,NN-SV,True,exchange_session,main_gap_excluded,812,0.5,0.5
SP500,5,equal,2020-07-01,RV-NN-SV,True,exchange_session,main_gap_excluded,812,0.5,0.5
SP500,5,equal,2020-08-03,NN-SV,True,exchange_session,main_gap_excluded,828,0.5,0.5
SP500,5,equal,2020-08-03,RV-NN-SV,True,exchange_session,main_gap_excluded,828,0.5,0.5
SP500,5,equal,2020-09-01,NN-SV,True,exchange_session,main_gap_excluded,842,0.5,0.5
SP500,5,equal,2020-09-01,RV-NN-SV,True,exchange_session,main_gap_excluded,842,0.5,0.5
SP500,5,equal,2020-10-01,NN-SV,True,exchange_session,main_gap_excluded,859,0.5,0.5
SP500,5,equal,2020-10-01,RV-NN-SV,True,exchange_session,main_gap_excluded,859,0.5,0.5
SP500,5,equal,2020-11-02,NN-SV,True,exchange_session,main_gap_excluded,881,0.5,0.5
SP500,5,equal,2020-11-02,RV-NN-SV,True,exchange_session,main_gap_excluded,881,0.5,0.5
SP500,5,equal,2020-12-01,NN-SV,True,exchange_session,main_gap_excluded,901,0.5,0.5
SP500,5,equal,2020-12-01,RV-NN-SV,True,exchange_session,main_gap_excluded,901,0.5,0.5
SP500,5,equal,2021-01-04,NN-SV,True,exchange_session,main_gap_excluded,923,0.5,0.5
SP500,5,equal,2021-01-04,RV-NN-SV,True,exchange_session,main_gap_excluded,923,0.5,0.5
SP500,5,equal,2021-02-01,NN-SV,True,exchange_session,main_gap_excluded,936,0.5,0.5
SP500,5,equal,2021-02-01,RV-NN-SV,True,exchange_session,main_gap_excluded,936,0.5,0.5
SP500,5,equal,2021-03-01,NN-SV,True,exchange_session,main_gap_excluded,955,0.5,0.5
SP500,5,equal,2021-03-01,RV-NN-SV,True,exchange_session,main_gap_excluded,955,0.5,0.5
SP500,5,equal,2021-04-01,NN-SV,True,exchange_session,main_gap_excluded,978,0.5,0.5
SP500,5,equal,2021-04-01,RV-NN-SV,True,exchange_session,main_gap_excluded,978,0.5,0.5
SP500,5,equal,2021-05-03,NN-SV,True,exchange_session,main_gap_excluded,999,0.5,0.5
SP500,5,equal,2021-05-03,RV-NN-SV,True,exchange_session,main_gap_excluded,999,0.5,0.5
SP500,5,equal,2021-06-01,NN-SV,True,exchange_session,main_gap_excluded,1019,0.5,0.5
SP500,5,equal,2021-06-01,RV-NN-SV,True,exchange_session,main_gap_excluded,1019,0.5,0.5
SP500,5,equal,2021-07-01,NN-SV,True,exchange_session,main_gap_excluded,1041,0.5,0.5
SP500,5,equal,2021-07-01,RV-NN-SV,True,exchange_session,main_gap_excluded,1041,0.5,0.5
SP500,5,equal,2021-08-02,NN-SV,True,exchange_session,main_gap_excluded,1062,0.5,0.5
SP500,5,equal,2021-08-02,RV-NN-SV,True,exchange_session,main_gap_excluded,1062,0.5,0.5
SP500,5,equal,2021-09-01,NN-SV,True,exchange_session,main_gap_excluded,1084,0.5,0.5
SP500,5,equal,2021-09-01,RV-NN-SV,True,exchange_session,main_gap_excluded,1084,0.5,0.5
SP500,5,equal,2021-10-01,NN-SV,True,exchange_session,main_gap_excluded,1099,0.5,0.5
SP500,5,equal,2021-10-01,RV-NN-SV,True,exchange_session,main_gap_excluded,1099,0.5,0.5
SP500,5,equal,2021-11-01,NN-SV,True,exchange_session,main_gap_excluded,1120,0.5,0.5
SP500,5,equal,2021-11-01,RV-NN-SV,True,exchange_session,main_gap_excluded,1120,0.5,0.5
SP500,5,equal,2021-12-01,NN-SV,True,exchange_session,main_gap_excluded,1141,0.5,0.5
SP500,5,equal,2021-12-01,RV-NN-SV,True,exchange_session,main_gap_excluded,1141,0.5,0.5
SP500,5,equal,2022-01-03,NN-SV,True,exchange_session,main_gap_excluded,1163,0.5,0.5
SP500,5,equal,2022-01-03,RV-NN-SV,True,exchange_session,main_gap_excluded,1163,0.5,0.5
SP500,5,equal,2022-02-01,NN-SV,True,exchange_session,main_gap_excluded,1181,0.5,0.5
SP500,5,equal,2022-02-01,RV-NN-SV,True,exchange_session,main_gap_excluded,1181,0.5,0.5
SP500,5,qlike,2018-01-02,NN-SV,True,exchange_session,main_gap_excluded,224,3.469446951953614e-16,3.469446951953614e-16
SP500,5,qlike,2018-01-02,RV-NN-SV,True,exchange_session,main_gap_excluded,224,0.9999999999999997,0.9999999999999997
SP500,5,qlike,2018-02-01,NN-SV,True,exchange_session,main_gap_excluded,241,0.0,0.0
SP500,5,qlike,2018-02-01,RV-NN-SV,True,exchange_session,main_gap_excluded,241,1.0,1.0
SP500,5,qlike,2018-03-01,NN-SV,True,exchange_session,main_gap_excluded,260,1.3877787807814457e-16,1.3877787807814457e-16
SP500,5,qlike,2018-03-01,RV-NN-SV,True,exchange_session,main_gap_excluded,260,0.9999999999999999,0.9999999999999999
SP500,5,qlike,2018-04-02,NN-SV,True,exchange_session,main_gap_excluded,281,3.0531133177191805e-16,3.0531133177191805e-16
SP500,5,qlike,2018-04-02,RV-NN-SV,True,exchange_session,main_gap_excluded,281,0.9999999999999997,0.9999999999999997
SP500,5,qlike,2018-05-01,NN-SV,True,exchange_session,main_gap_excluded,302,3.3306690738754696e-16,3.3306690738754696e-16
SP500,5,qlike,2018-05-01,RV-NN-SV,True,exchange_session,main_gap_excluded,302,0.9999999999999997,0.9999999999999997
SP500,5,qlike,2018-06-01,NN-SV,True,exchange_session,main_gap_excluded,324,1.6653345369377348e-16,1.6653345369377348e-16
SP500,5,qlike,2018-06-01,RV-NN-SV,True,exchange_session,main_gap_excluded,324,0.9999999999999999,0.9999999999999999
SP500,5,qlike,2018-07-02,NN-SV,True,exchange_session,main_gap_excluded,345,0.0,0.0
SP500,5,qlike,2018-07-02,RV-NN-SV,True,exchange_session,main_gap_excluded,345,1.0,1.0
SP500,5,qlike,2018-08-01,NN-SV,True,exchange_session,main_gap_excluded,360,2.7755575615628914e-16,2.7755575615628914e-16
SP500,5,qlike,2018-08-01,RV-NN-SV,True,exchange_session,main_gap_excluded,360,0.9999999999999997,0.9999999999999997
SP500,5,qlike,2018-09-04,NN-SV,True,exchange_session,main_gap_excluded,383,0.0,0.0
SP500,5,qlike,2018-09-04,RV-NN-SV,True,exchange_session,main_gap_excluded,383,1.0,1.0
SP500,5,qlike,2018-10-01,NN-SV,True,exchange_session,main_gap_excluded,402,0.0,0.0
SP500,5,qlike,2018-10-01,RV-NN-SV,True,exchange_session,main_gap_excluded,402,1.0,1.0
SP500,5,qlike,2018-11-01,NN-SV,True,exchange_session,main_gap_excluded,425,0.0,0.0
SP500,5,qlike,2018-11-01,RV-NN-SV,True,exchange_session,main_gap_excluded,425,1.0,1.0
SP500,5,qlike,2018-12-03,NN-SV,True,exchange_session,main_gap_excluded,446,5.551115123125783e-17,5.551115123125783e-17
SP500,5,qlike,2018-12-03,RV-NN-SV,True,exchange_session,main_gap_excluded,446,1.0,1.0
SP500,5,qlike,2019-01-02,NN-SV,True,exchange_session,main_gap_excluded,465,0.0,0.0
SP500,5,qlike,2019-01-02,RV-NN-SV,True,exchange_session,main_gap_excluded,465,1.0,1.0
SP500,5,qlike,2019-02-01,NN-SV,True,exchange_session,main_gap_excluded,486,5.551115123125783e-17,5.551115123125783e-17
SP500,5,qlike,2019-02-01,RV-NN-SV,True,exchange_session,main_gap_excluded,486,1.0,1.0
SP500,5,qlike,2019-03-01,NN-SV,True,exchange_session,main_gap_excluded,505,0.0,0.0
SP500,5,qlike,2019-03-01,RV-NN-SV,True,exchange_session,main_gap_excluded,505,1.0,1.0
SP500,5,qlike,2019-04-01,NN-SV,True,exchange_session,main_gap_excluded,526,8.326672684688674e-17,8.326672684688674e-17
SP500,5,qlike,2019-04-01,RV-NN-SV,True,exchange_session,main_gap_excluded,526,0.9999999999999999,0.9999999999999999
SP500,5,qlike,2019-05-01,NN-SV,True,exchange_session,main_gap_excluded,547,5.204170427930421e-16,5.204170427930421e-16
SP500,5,qlike,2019-05-01,RV-NN-SV,True,exchange_session,main_gap_excluded,547,0.9999999999999996,0.9999999999999996
SP500,5,qlike,2019-06-03,NN-SV,True,exchange_session,main_gap_excluded,569,0.0,0.0
SP500,5,qlike,2019-06-03,RV-NN-SV,True,exchange_session,main_gap_excluded,569,1.0,1.0
SP500,5,qlike,2019-07-01,NN-SV,True,exchange_session,main_gap_excluded,583,0.0,0.0
SP500,5,qlike,2019-07-01,RV-NN-SV,True,exchange_session,main_gap_excluded,583,1.0,1.0
SP500,5,qlike,2019-08-01,NN-SV,True,exchange_session,main_gap_excluded,605,0.0,0.0
SP500,5,qlike,2019-08-01,RV-NN-SV,True,exchange_session,main_gap_excluded,605,1.0,1.0
SP500,5,qlike,2019-09-03,NN-SV,True,exchange_session,main_gap_excluded,627,0.0,0.0
SP500,5,qlike,2019-09-03,RV-NN-SV,True,exchange_session,main_gap_excluded,627,1.0,1.0
SP500,5,qlike,2019-10-01,NN-SV,True,exchange_session,main_gap_excluded,647,0.0,0.0
SP500,5,qlike,2019-10-01,RV-NN-SV,True,exchange_session,main_gap_excluded,647,1.0,1.0
SP500,5,qlike,2019-11-01,NN-SV,True,exchange_session,main_gap_excluded,670,0.0,0.0
SP500,5,qlike,2019-11-01,RV-NN-SV,True,exchange_session,main_gap_excluded,670,1.0,1.0
SP500,5,qlike,2019-12-02,NN-SV,True,exchange_session,main_gap_excluded,684,0.0,0.0
SP500,5,qlike,2019-12-02,RV-NN-SV,True,exchange_session,main_gap_excluded,684,1.0,1.0
SP500,5,qlike,2020-01-02,NN-SV,True,exchange_session,main_gap_excluded,699,1.1102230246251565e-16,1.1102230246251565e-16
SP500,5,qlike,2020-01-02,RV-NN-SV,True,exchange_session,main_gap_excluded,699,1.0,1.0
SP500,5,qlike,2020-02-03,NN-SV,True,exchange_session,main_gap_excluded,720,0.0,0.0
SP500,5,qlike,2020-02-03,RV-NN-SV,True,exchange_session,main_gap_excluded,720,1.0,1.0
SP500,5,qlike,2020-03-02,NN-SV,True,exchange_session,main_gap_excluded,739,0.0,0.0
SP500,5,qlike,2020-03-02,RV-NN-SV,True,exchange_session,main_gap_excluded,739,1.0,1.0
SP500,5,qlike,2020-04-01,NN-SV,True,exchange_session,main_gap_excluded,761,0.27608108364402983,0.27608108364402983
SP500,5,qlike,2020-04-01,RV-NN-SV,True,exchange_session,main_gap_excluded,761,0.7239189163559702,0.7239189163559702
SP500,5,qlike,2020-05-01,NN-SV,True,exchange_session,main_gap_excluded,782,0.2675892033104564,0.2675892033104564
SP500,5,qlike,2020-05-01,RV-NN-SV,True,exchange_session,main_gap_excluded,782,0.7324107966895437,0.7324107966895437
SP500,5,qlike,2020-06-01,NN-SV,True,exchange_session,main_gap_excluded,796,0.31588032866972693,0.31588032866972693
SP500,5,qlike,2020-06-01,RV-NN-SV,True,exchange_session,main_gap_excluded,796,0.6841196713302731,0.6841196713302731
SP500,5,qlike,2020-07-01,NN-SV,True,exchange_session,main_gap_excluded,812,0.3161261653357206,0.3161261653357206
SP500,5,qlike,2020-07-01,RV-NN-SV,True,exchange_session,main_gap_excluded,812,0.6838738346642794,0.6838738346642794
SP500,5,qlike,2020-08-03,NN-SV,True,exchange_session,main_gap_excluded,828,0.2863044488011532,0.2863044488011532
SP500,5,qlike,2020-08-03,RV-NN-SV,True,exchange_session,main_gap_excluded,828,0.7136955511988469,0.7136955511988469
SP500,5,qlike,2020-09-01,NN-SV,True,exchange_session,main_gap_excluded,842,0.32120128400849,0.32120128400849
SP500,5,qlike,2020-09-01,RV-NN-SV,True,exchange_session,main_gap_excluded,842,0.67879871599151,0.67879871599151
SP500,5,qlike,2020-10-01,NN-SV,True,exchange_session,main_gap_excluded,859,0.33178993967253745,0.33178993967253745
SP500,5,qlike,2020-10-01,RV-NN-SV,True,exchange_session,main_gap_excluded,859,0.6682100603274626,0.6682100603274626
SP500,5,qlike,2020-11-02,NN-SV,True,exchange_session,main_gap_excluded,881,0.23720287392238812,0.23720287392238812
SP500,5,qlike,2020-11-02,RV-NN-SV,True,exchange_session,main_gap_excluded,881,0.7627971260776119,0.7627971260776119
SP500,5,qlike,2020-12-01,NN-SV,True,exchange_session,main_gap_excluded,901,0.18946597854813738,0.18946597854813738
SP500,5,qlike,2020-12-01,RV-NN-SV,True,exchange_session,main_gap_excluded,901,0.8105340214518626,0.8105340214518626
SP500,5,qlike,2021-01-04,NN-SV,True,exchange_session,main_gap_excluded,923,0.20253637082497372,0.20253637082497372
SP500,5,qlike,2021-01-04,RV-NN-SV,True,exchange_session,main_gap_excluded,923,0.7974636291750263,0.7974636291750263
SP500,5,qlike,2021-02-01,NN-SV,True,exchange_session,main_gap_excluded,936,0.24019411087835268,0.24019411087835268
SP500,5,qlike,2021-02-01,RV-NN-SV,True,exchange_session,main_gap_excluded,936,0.7598058891216474,0.7598058891216474
SP500,5,qlike,2021-03-01,NN-SV,True,exchange_session,main_gap_excluded,955,0.043509071299619805,0.04350907129961981
SP500,5,qlike,2021-03-01,RV-NN-SV,True,exchange_session,main_gap_excluded,955,0.9564909287003801,0.9564909287003802
SP500,5,qlike,2021-04-01,NN-SV,True,exchange_session,main_gap_excluded,978,5.551115123125783e-17,5.551115123125783e-17
SP500,5,qlike,2021-04-01,RV-NN-SV,True,exchange_session,main_gap_excluded,978,1.0,1.0
SP500,5,qlike,2021-05-03,NN-SV,True,exchange_session,main_gap_excluded,999,1.1102230246251565e-16,1.1102230246251565e-16
SP500,5,qlike,2021-05-03,RV-NN-SV,True,exchange_session,main_gap_excluded,999,1.0,1.0
SP500,5,qlike,2021-06-01,NN-SV,True,exchange_session,main_gap_excluded,1019,8.326672684688674e-17,8.326672684688674e-17
SP500,5,qlike,2021-06-01,RV-NN-SV,True,exchange_session,main_gap_excluded,1019,1.0,1.0
SP500,5,qlike,2021-07-01,NN-SV,True,exchange_session,main_gap_excluded,1041,0.0,0.0
SP500,5,qlike,2021-07-01,RV-NN-SV,True,exchange_session,main_gap_excluded,1041,1.0,1.0
SP500,5,qlike,2021-08-02,NN-SV,True,exchange_session,main_gap_excluded,1062,0.0,0.0
SP500,5,qlike,2021-08-02,RV-NN-SV,True,exchange_session,main_gap_excluded,1062,1.0,1.0
SP500,5,qlike,2021-09-01,NN-SV,True,exchange_session,main_gap_excluded,1084,0.0,0.0
SP500,5,qlike,2021-09-01,RV-NN-SV,True,exchange_session,main_gap_excluded,1084,1.0,1.0
SP500,5,qlike,2021-10-01,NN-SV,True,exchange_session,main_gap_excluded,1099,0.0,0.0
SP500,5,qlike,2021-10-01,RV-NN-SV,True,exchange_session,main_gap_excluded,1099,1.0,1.0
SP500,5,qlike,2021-11-01,NN-SV,True,exchange_session,main_gap_excluded,1120,8.347814627052141e-16,8.347814627052141e-16
SP500,5,qlike,2021-11-01,RV-NN-SV,True,exchange_session,main_gap_excluded,1120,0.9999999999999991,0.9999999999999991
SP500,5,qlike,2021-12-01,NN-SV,True,exchange_session,main_gap_excluded,1141,0.0,0.0
SP500,5,qlike,2021-12-01,RV-NN-SV,True,exchange_session,main_gap_excluded,1141,1.0,1.0
SP500,5,qlike,2022-01-03,NN-SV,True,exchange_session,main_gap_excluded,1163,0.0,0.0
SP500,5,qlike,2022-01-03,RV-NN-SV,True,exchange_session,main_gap_excluded,1163,1.0,1.0
SP500,5,qlike,2022-02-01,NN-SV,True,exchange_session,main_gap_excluded,1181,0.0,0.0
SP500,5,qlike,2022-02-01,RV-NN-SV,True,exchange_session,main_gap_excluded,1181,1.0,1.0
SP500,10,equal,2018-01-02,NN-SV,True,exchange_session,main_gap_excluded,219,0.5,0.5
SP500,10,equal,2018-01-02,RV-NN-SV,True,exchange_session,main_gap_excluded,219,0.5,0.5
SP500,10,equal,2018-02-01,NN-SV,True,exchange_session,main_gap_excluded,231,0.5,0.5
SP500,10,equal,2018-02-01,RV-NN-SV,True,exchange_session,main_gap_excluded,231,0.5,0.5
SP500,10,equal,2018-03-01,NN-SV,True,exchange_session,main_gap_excluded,250,0.5,0.5
SP500,10,equal,2018-03-01,RV-NN-SV,True,exchange_session,main_gap_excluded,250,0.5,0.5
SP500,10,equal,2018-04-02,NN-SV,True,exchange_session,main_gap_excluded,271,0.5,0.5
SP500,10,equal,2018-04-02,RV-NN-SV,True,exchange_session,main_gap_excluded,271,0.5,0.5
SP500,10,equal,2018-05-01,NN-SV,True,exchange_session,main_gap_excluded,292,0.5,0.5
SP500,10,equal,2018-05-01,RV-NN-SV,True,exchange_session,main_gap_excluded,292,0.5,0.5
SP500,10,equal,2018-06-01,NN-SV,True,exchange_session,main_gap_excluded,314,0.5,0.5
SP500,10,equal,2018-06-01,RV-NN-SV,True,exchange_session,main_gap_excluded,314,0.5,0.5
SP500,10,equal,2018-07-02,NN-SV,True,exchange_session,main_gap_excluded,335,0.5,0.5
SP500,10,equal,2018-07-02,RV-NN-SV,True,exchange_session,main_gap_excluded,335,0.5,0.5
SP500,10,equal,2018-08-01,NN-SV,True,exchange_session,main_gap_excluded,348,0.5,0.5
SP500,10,equal,2018-08-01,RV-NN-SV,True,exchange_session,main_gap_excluded,348,0.5,0.5
SP500,10,equal,2018-09-04,NN-SV,True,exchange_session,main_gap_excluded,368,0.5,0.5
SP500,10,equal,2018-09-04,RV-NN-SV,True,exchange_session,main_gap_excluded,368,0.5,0.5
SP500,10,equal,2018-10-01,NN-SV,True,exchange_session,main_gap_excluded,387,0.5,0.5
SP500,10,equal,2018-10-01,RV-NN-SV,True,exchange_session,main_gap_excluded,387,0.5,0.5
SP500,10,equal,2018-11-01,NN-SV,True,exchange_session,main_gap_excluded,410,0.5,0.5
SP500,10,equal,2018-11-01,RV-NN-SV,True,exchange_session,main_gap_excluded,410,0.5,0.5
SP500,10,equal,2018-12-03,NN-SV,True,exchange_session,main_gap_excluded,431,0.5,0.5
SP500,10,equal,2018-12-03,RV-NN-SV,True,exchange_session,main_gap_excluded,431,0.5,0.5
SP500,10,equal,2019-01-02,NN-SV,True,exchange_session,main_gap_excluded,450,0.5,0.5
SP500,10,equal,2019-01-02,RV-NN-SV,True,exchange_session,main_gap_excluded,450,0.5,0.5
SP500,10,equal,2019-02-01,NN-SV,True,exchange_session,main_gap_excluded,471,0.5,0.5
SP500,10,equal,2019-02-01,RV-NN-SV,True,exchange_session,main_gap_excluded,471,0.5,0.5
SP500,10,equal,2019-03-01,NN-SV,True,exchange_session,main_gap_excluded,490,0.5,0.5
SP500,10,equal,2019-03-01,RV-NN-SV,True,exchange_session,main_gap_excluded,490,0.5,0.5
SP500,10,equal,2019-04-01,NN-SV,True,exchange_session,main_gap_excluded,511,0.5,0.5
SP500,10,equal,2019-04-01,RV-NN-SV,True,exchange_session,main_gap_excluded,511,0.5,0.5
SP500,10,equal,2019-05-01,NN-SV,True,exchange_session,main_gap_excluded,532,0.5,0.5
SP500,10,equal,2019-05-01,RV-NN-SV,True,exchange_session,main_gap_excluded,532,0.5,0.5
SP500,10,equal,2019-06-03,NN-SV,True,exchange_session,main_gap_excluded,554,0.5,0.5
SP500,10,equal,2019-06-03,RV-NN-SV,True,exchange_session,main_gap_excluded,554,0.5,0.5
SP500,10,equal,2019-07-01,NN-SV,True,exchange_session,main_gap_excluded,568,0.5,0.5
SP500,10,equal,2019-07-01,RV-NN-SV,True,exchange_session,main_gap_excluded,568,0.5,0.5
SP500,10,equal,2019-08-01,NN-SV,True,exchange_session,main_gap_excluded,585,0.5,0.5
SP500,10,equal,2019-08-01,RV-NN-SV,True,exchange_session,main_gap_excluded,585,0.5,0.5
SP500,10,equal,2019-09-03,NN-SV,True,exchange_session,main_gap_excluded,607,0.5,0.5
SP500,10,equal,2019-09-03,RV-NN-SV,True,exchange_session,main_gap_excluded,607,0.5,0.5
SP500,10,equal,2019-10-01,NN-SV,True,exchange_session,main_gap_excluded,627,0.5,0.5
SP500,10,equal,2019-10-01,RV-NN-SV,True,exchange_session,main_gap_excluded,627,0.5,0.5
SP500,10,equal,2019-11-01,NN-SV,True,exchange_session,main_gap_excluded,650,0.5,0.5
SP500,10,equal,2019-11-01,RV-NN-SV,True,exchange_session,main_gap_excluded,650,0.5,0.5
SP500,10,equal,2019-12-02,NN-SV,True,exchange_session,main_gap_excluded,660,0.5,0.5
SP500,10,equal,2019-12-02,RV-NN-SV,True,exchange_session,main_gap_excluded,660,0.5,0.5
SP500,10,equal,2020-01-02,NN-SV,True,exchange_session,main_gap_excluded,669,0.5,0.5
SP500,10,equal,2020-01-02,RV-NN-SV,True,exchange_session,main_gap_excluded,669,0.5,0.5
SP500,10,equal,2020-02-03,NN-SV,True,exchange_session,main_gap_excluded,690,0.5,0.5
SP500,10,equal,2020-02-03,RV-NN-SV,True,exchange_session,main_gap_excluded,690,0.5,0.5
SP500,10,equal,2020-03-02,NN-SV,True,exchange_session,main_gap_excluded,709,0.5,0.5
SP500,10,equal,2020-03-02,RV-NN-SV,True,exchange_session,main_gap_excluded,709,0.5,0.5
SP500,10,equal,2020-04-01,NN-SV,True,exchange_session,main_gap_excluded,731,0.5,0.5
SP500,10,equal,2020-04-01,RV-NN-SV,True,exchange_session,main_gap_excluded,731,0.5,0.5
SP500,10,equal,2020-05-01,NN-SV,True,exchange_session,main_gap_excluded,752,0.5,0.5
SP500,10,equal,2020-05-01,RV-NN-SV,True,exchange_session,main_gap_excluded,752,0.5,0.5
SP500,10,equal,2020-06-01,NN-SV,True,exchange_session,main_gap_excluded,761,0.5,0.5
SP500,10,equal,2020-06-01,RV-NN-SV,True,exchange_session,main_gap_excluded,761,0.5,0.5
SP500,10,equal,2020-07-01,NN-SV,True,exchange_session,main_gap_excluded,775,0.5,0.5
SP500,10,equal,2020-07-01,RV-NN-SV,True,exchange_session,main_gap_excluded,775,0.5,0.5
SP500,10,equal,2020-08-03,NN-SV,True,exchange_session,main_gap_excluded,783,0.5,0.5
SP500,10,equal,2020-08-03,RV-NN-SV,True,exchange_session,main_gap_excluded,783,0.5,0.5
SP500,10,equal,2020-09-01,NN-SV,True,exchange_session,main_gap_excluded,797,0.5,0.5
SP500,10,equal,2020-09-01,RV-NN-SV,True,exchange_session,main_gap_excluded,797,0.5,0.5
SP500,10,equal,2020-10-01,NN-SV,True,exchange_session,main_gap_excluded,809,0.5,0.5
SP500,10,equal,2020-10-01,RV-NN-SV,True,exchange_session,main_gap_excluded,809,0.5,0.5
SP500,10,equal,2020-11-02,NN-SV,True,exchange_session,main_gap_excluded,831,0.5,0.5
SP500,10,equal,2020-11-02,RV-NN-SV,True,exchange_session,main_gap_excluded,831,0.5,0.5
SP500,10,equal,2020-12-01,NN-SV,True,exchange_session,main_gap_excluded,851,0.5,0.5
SP500,10,equal,2020-12-01,RV-NN-SV,True,exchange_session,main_gap_excluded,851,0.5,0.5
SP500,10,equal,2021-01-04,NN-SV,True,exchange_session,main_gap_excluded,873,0.5,0.5
SP500,10,equal,2021-01-04,RV-NN-SV,True,exchange_session,main_gap_excluded,873,0.5,0.5
SP500,10,equal,2021-02-01,NN-SV,True,exchange_session,main_gap_excluded,881,0.5,0.5
SP500,10,equal,2021-02-01,RV-NN-SV,True,exchange_session,main_gap_excluded,881,0.5,0.5
SP500,10,equal,2021-03-01,NN-SV,True,exchange_session,main_gap_excluded,900,0.5,0.5
SP500,10,equal,2021-03-01,RV-NN-SV,True,exchange_session,main_gap_excluded,900,0.5,0.5
SP500,10,equal,2021-04-01,NN-SV,True,exchange_session,main_gap_excluded,923,0.5,0.5
SP500,10,equal,2021-04-01,RV-NN-SV,True,exchange_session,main_gap_excluded,923,0.5,0.5
SP500,10,equal,2021-05-03,NN-SV,True,exchange_session,main_gap_excluded,944,0.5,0.5
SP500,10,equal,2021-05-03,RV-NN-SV,True,exchange_session,main_gap_excluded,944,0.5,0.5
SP500,10,equal,2021-06-01,NN-SV,True,exchange_session,main_gap_excluded,964,0.5,0.5
SP500,10,equal,2021-06-01,RV-NN-SV,True,exchange_session,main_gap_excluded,964,0.5,0.5
SP500,10,equal,2021-07-01,NN-SV,True,exchange_session,main_gap_excluded,986,0.5,0.5
SP500,10,equal,2021-07-01,RV-NN-SV,True,exchange_session,main_gap_excluded,986,0.5,0.5
SP500,10,equal,2021-08-02,NN-SV,True,exchange_session,main_gap_excluded,1007,0.5,0.5
SP500,10,equal,2021-08-02,RV-NN-SV,True,exchange_session,main_gap_excluded,1007,0.5,0.5
SP500,10,equal,2021-09-01,NN-SV,True,exchange_session,main_gap_excluded,1029,0.5,0.5
SP500,10,equal,2021-09-01,RV-NN-SV,True,exchange_session,main_gap_excluded,1029,0.5,0.5
SP500,10,equal,2021-10-01,NN-SV,True,exchange_session,main_gap_excluded,1039,0.5,0.5
SP500,10,equal,2021-10-01,RV-NN-SV,True,exchange_session,main_gap_excluded,1039,0.5,0.5
SP500,10,equal,2021-11-01,NN-SV,True,exchange_session,main_gap_excluded,1060,0.5,0.5
SP500,10,equal,2021-11-01,RV-NN-SV,True,exchange_session,main_gap_excluded,1060,0.5,0.5
SP500,10,equal,2021-12-01,NN-SV,True,exchange_session,main_gap_excluded,1081,0.5,0.5
SP500,10,equal,2021-12-01,RV-NN-SV,True,exchange_session,main_gap_excluded,1081,0.5,0.5
SP500,10,equal,2022-01-03,NN-SV,True,exchange_session,main_gap_excluded,1103,0.5,0.5
SP500,10,equal,2022-01-03,RV-NN-SV,True,exchange_session,main_gap_excluded,1103,0.5,0.5
SP500,10,equal,2022-02-01,NN-SV,True,exchange_session,main_gap_excluded,1121,0.5,0.5
SP500,10,equal,2022-02-01,RV-NN-SV,True,exchange_session,main_gap_excluded,1121,0.5,0.5
SP500,10,qlike,2018-01-02,NN-SV,True,exchange_session,main_gap_excluded,219,1.6653345369377348e-16,1.6653345369377348e-16
SP500,10,qlike,2018-01-02,RV-NN-SV,True,exchange_session,main_gap_excluded,219,0.9999999999999999,0.9999999999999999
SP500,10,qlike,2018-02-01,NN-SV,True,exchange_session,main_gap_excluded,231,0.0,0.0
SP500,10,qlike,2018-02-01,RV-NN-SV,True,exchange_session,main_gap_excluded,231,1.0,1.0
SP500,10,qlike,2018-03-01,NN-SV,True,exchange_session,main_gap_excluded,250,0.690657940489221,0.690657940489221
SP500,10,qlike,2018-03-01,RV-NN-SV,True,exchange_session,main_gap_excluded,250,0.30934205951077903,0.30934205951077903
SP500,10,qlike,2018-04-02,NN-SV,True,exchange_session,main_gap_excluded,271,0.47545288711957606,0.47545288711957606
SP500,10,qlike,2018-04-02,RV-NN-SV,True,exchange_session,main_gap_excluded,271,0.524547112880424,0.524547112880424
SP500,10,qlike,2018-05-01,NN-SV,True,exchange_session,main_gap_excluded,292,0.19303294514209765,0.19303294514209765
SP500,10,qlike,2018-05-01,RV-NN-SV,True,exchange_session,main_gap_excluded,292,0.8069670548579023,0.8069670548579023
SP500,10,qlike,2018-06-01,NN-SV,True,exchange_session,main_gap_excluded,314,0.2901328688352871,0.2901328688352871
SP500,10,qlike,2018-06-01,RV-NN-SV,True,exchange_session,main_gap_excluded,314,0.709867131164713,0.709867131164713
SP500,10,qlike,2018-07-02,NN-SV,True,exchange_session,main_gap_excluded,335,0.19929520215680327,0.19929520215680327
SP500,10,qlike,2018-07-02,RV-NN-SV,True,exchange_session,main_gap_excluded,335,0.8007047978431968,0.8007047978431968
SP500,10,qlike,2018-08-01,NN-SV,True,exchange_session,main_gap_excluded,348,0.2549911820138162,0.2549911820138162
SP500,10,qlike,2018-08-01,RV-NN-SV,True,exchange_session,main_gap_excluded,348,0.7450088179861838,0.7450088179861838
SP500,10,qlike,2018-09-04,NN-SV,True,exchange_session,main_gap_excluded,368,0.18388230692918212,0.18388230692918212
SP500,10,qlike,2018-09-04,RV-NN-SV,True,exchange_session,main_gap_excluded,368,0.8161176930708178,0.8161176930708178
SP500,10,qlike,2018-10-01,NN-SV,True,exchange_session,main_gap_excluded,387,0.29271409091014505,0.29271409091014505
SP500,10,qlike,2018-10-01,RV-NN-SV,True,exchange_session,main_gap_excluded,387,0.7072859090898549,0.7072859090898549
SP500,10,qlike,2018-11-01,NN-SV,True,exchange_session,main_gap_excluded,410,0.0,0.0
SP500,10,qlike,2018-11-01,RV-NN-SV,True,exchange_session,main_gap_excluded,410,1.0,1.0
SP500,10,qlike,2018-12-03,NN-SV,True,exchange_session,main_gap_excluded,431,2.7755575615628914e-17,2.7755575615628914e-17
SP500,10,qlike,2018-12-03,RV-NN-SV,True,exchange_session,main_gap_excluded,431,1.0,1.0
SP500,10,qlike,2019-01-02,NN-SV,True,exchange_session,main_gap_excluded,450,1.6653345369377348e-16,1.6653345369377348e-16
SP500,10,qlike,2019-01-02,RV-NN-SV,True,exchange_session,main_gap_excluded,450,0.9999999999999999,0.9999999999999999
SP500,10,qlike,2019-02-01,NN-SV,True,exchange_session,main_gap_excluded,471,0.0,0.0
SP500,10,qlike,2019-02-01,RV-NN-SV,True,exchange_session,main_gap_excluded,471,1.0,1.0
SP500,10,qlike,2019-03-01,NN-SV,True,exchange_session,main_gap_excluded,490,2.7755575615628914e-16,2.7755575615628914e-16
SP500,10,qlike,2019-03-01,RV-NN-SV,True,exchange_session,main_gap_excluded,490,0.9999999999999998,0.9999999999999998
SP500,10,qlike,2019-04-01,NN-SV,True,exchange_session,main_gap_excluded,511,1.1102230246251565e-16,1.1102230246251565e-16
SP500,10,qlike,2019-04-01,RV-NN-SV,True,exchange_session,main_gap_excluded,511,0.9999999999999999,0.9999999999999999
SP500,10,qlike,2019-05-01,NN-SV,True,exchange_session,main_gap_excluded,532,0.0,0.0
SP500,10,qlike,2019-05-01,RV-NN-SV,True,exchange_session,main_gap_excluded,532,1.0,1.0
SP500,10,qlike,2019-06-03,NN-SV,True,exchange_session,main_gap_excluded,554,0.0,0.0
SP500,10,qlike,2019-06-03,RV-NN-SV,True,exchange_session,main_gap_excluded,554,1.0,1.0
SP500,10,qlike,2019-07-01,NN-SV,True,exchange_session,main_gap_excluded,568,1.6653345369377348e-16,1.6653345369377348e-16
SP500,10,qlike,2019-07-01,RV-NN-SV,True,exchange_session,main_gap_excluded,568,0.9999999999999999,0.9999999999999999
SP500,10,qlike,2019-08-01,NN-SV,True,exchange_session,main_gap_excluded,585,1.6653345369377348e-16,1.6653345369377348e-16
SP500,10,qlike,2019-08-01,RV-NN-SV,True,exchange_session,main_gap_excluded,585,0.9999999999999999,0.9999999999999999
SP500,10,qlike,2019-09-03,NN-SV,True,exchange_session,main_gap_excluded,607,0.0,0.0
SP500,10,qlike,2019-09-03,RV-NN-SV,True,exchange_session,main_gap_excluded,607,1.0,1.0
SP500,10,qlike,2019-10-01,NN-SV,True,exchange_session,main_gap_excluded,627,7.632783294297951e-16,7.632783294297951e-16
SP500,10,qlike,2019-10-01,RV-NN-SV,True,exchange_session,main_gap_excluded,627,0.9999999999999993,0.9999999999999993
SP500,10,qlike,2019-11-01,NN-SV,True,exchange_session,main_gap_excluded,650,4.163336342344337e-16,4.163336342344337e-16
SP500,10,qlike,2019-11-01,RV-NN-SV,True,exchange_session,main_gap_excluded,650,0.9999999999999996,0.9999999999999996
SP500,10,qlike,2019-12-02,NN-SV,True,exchange_session,main_gap_excluded,660,2.220446049250313e-16,2.220446049250313e-16
SP500,10,qlike,2019-12-02,RV-NN-SV,True,exchange_session,main_gap_excluded,660,0.9999999999999998,0.9999999999999998
SP500,10,qlike,2020-01-02,NN-SV,True,exchange_session,main_gap_excluded,669,6.938893903907228e-18,6.938893903907228e-18
SP500,10,qlike,2020-01-02,RV-NN-SV,True,exchange_session,main_gap_excluded,669,1.0,1.0
SP500,10,qlike,2020-02-03,NN-SV,True,exchange_session,main_gap_excluded,690,1.3877787807814457e-17,1.3877787807814457e-17
SP500,10,qlike,2020-02-03,RV-NN-SV,True,exchange_session,main_gap_excluded,690,1.0,1.0
SP500,10,qlike,2020-03-02,NN-SV,True,exchange_session,main_gap_excluded,709,0.0,0.0
SP500,10,qlike,2020-03-02,RV-NN-SV,True,exchange_session,main_gap_excluded,709,1.0,1.0
SP500,10,qlike,2020-04-01,NN-SV,True,exchange_session,main_gap_excluded,731,1.0,1.0
SP500,10,qlike,2020-04-01,RV-NN-SV,True,exchange_session,main_gap_excluded,731,0.0,0.0
SP500,10,qlike,2020-05-01,NN-SV,True,exchange_session,main_gap_excluded,752,1.0,1.0
SP500,10,qlike,2020-05-01,RV-NN-SV,True,exchange_session,main_gap_excluded,752,8.326672684688674e-17,8.326672684688674e-17
SP500,10,qlike,2020-06-01,NN-SV,True,exchange_session,main_gap_excluded,761,1.0,1.0
SP500,10,qlike,2020-06-01,RV-NN-SV,True,exchange_session,main_gap_excluded,761,0.0,0.0
SP500,10,qlike,2020-07-01,NN-SV,True,exchange_session,main_gap_excluded,775,1.0,1.0
SP500,10,qlike,2020-07-01,RV-NN-SV,True,exchange_session,main_gap_excluded,775,0.0,0.0
SP500,10,qlike,2020-08-03,NN-SV,True,exchange_session,main_gap_excluded,783,1.0,1.0
SP500,10,qlike,2020-08-03,RV-NN-SV,True,exchange_session,main_gap_excluded,783,2.7755575615628914e-17,2.7755575615628914e-17
SP500,10,qlike,2020-09-01,NN-SV,True,exchange_session,main_gap_excluded,797,1.0,1.0
SP500,10,qlike,2020-09-01,RV-NN-SV,True,exchange_session,main_gap_excluded,797,2.7755575615628914e-17,2.7755575615628914e-17
SP500,10,qlike,2020-10-01,NN-SV,True,exchange_session,main_gap_excluded,809,1.0,1.0
SP500,10,qlike,2020-10-01,RV-NN-SV,True,exchange_session,main_gap_excluded,809,0.0,0.0
SP500,10,qlike,2020-11-02,NN-SV,True,exchange_session,main_gap_excluded,831,1.0,1.0
SP500,10,qlike,2020-11-02,RV-NN-SV,True,exchange_session,main_gap_excluded,831,0.0,0.0
SP500,10,qlike,2020-12-01,NN-SV,True,exchange_session,main_gap_excluded,851,1.0,1.0
SP500,10,qlike,2020-12-01,RV-NN-SV,True,exchange_session,main_gap_excluded,851,0.0,0.0
SP500,10,qlike,2021-01-04,NN-SV,True,exchange_session,main_gap_excluded,873,1.0,1.0
SP500,10,qlike,2021-01-04,RV-NN-SV,True,exchange_session,main_gap_excluded,873,5.551115123125783e-17,5.551115123125783e-17
SP500,10,qlike,2021-02-01,NN-SV,True,exchange_session,main_gap_excluded,881,1.0,1.0
SP500,10,qlike,2021-02-01,RV-NN-SV,True,exchange_session,main_gap_excluded,881,0.0,0.0
SP500,10,qlike,2021-03-01,NN-SV,True,exchange_session,main_gap_excluded,900,0.9485989181382288,0.9485989181382288
SP500,10,qlike,2021-03-01,RV-NN-SV,True,exchange_session,main_gap_excluded,900,0.05140108186177126,0.05140108186177126
SP500,10,qlike,2021-04-01,NN-SV,True,exchange_session,main_gap_excluded,923,0.5658791747693749,0.5658791747693749
SP500,10,qlike,2021-04-01,RV-NN-SV,True,exchange_session,main_gap_excluded,923,0.4341208252306252,0.4341208252306252
SP500,10,qlike,2021-05-03,NN-SV,True,exchange_session,main_gap_excluded,944,0.3402097405824938,0.3402097405824938
SP500,10,qlike,2021-05-03,RV-NN-SV,True,exchange_session,main_gap_excluded,944,0.6597902594175061,0.6597902594175061
SP500,10,qlike,2021-06-01,NN-SV,True,exchange_session,main_gap_excluded,964,0.2931128548106908,0.2931128548106908
SP500,10,qlike,2021-06-01,RV-NN-SV,True,exchange_session,main_gap_excluded,964,0.7068871451893092,0.7068871451893092
SP500,10,qlike,2021-07-01,NN-SV,True,exchange_session,main_gap_excluded,986,0.12652805016659857,0.12652805016659857
SP500,10,qlike,2021-07-01,RV-NN-SV,True,exchange_session,main_gap_excluded,986,0.8734719498334015,0.8734719498334015
SP500,10,qlike,2021-08-02,NN-SV,True,exchange_session,main_gap_excluded,1007,0.05612775935211337,0.05612775935211337
SP500,10,qlike,2021-08-02,RV-NN-SV,True,exchange_session,main_gap_excluded,1007,0.9438722406478867,0.9438722406478867
SP500,10,qlike,2021-09-01,NN-SV,True,exchange_session,main_gap_excluded,1029,0.0,0.0
SP500,10,qlike,2021-09-01,RV-NN-SV,True,exchange_session,main_gap_excluded,1029,1.0,1.0
SP500,10,qlike,2021-10-01,NN-SV,True,exchange_session,main_gap_excluded,1039,0.0,0.0
SP500,10,qlike,2021-10-01,RV-NN-SV,True,exchange_session,main_gap_excluded,1039,1.0,1.0
SP500,10,qlike,2021-11-01,NN-SV,True,exchange_session,main_gap_excluded,1060,0.0,0.0
SP500,10,qlike,2021-11-01,RV-NN-SV,True,exchange_session,main_gap_excluded,1060,1.0,1.0
SP500,10,qlike,2021-12-01,NN-SV,True,exchange_session,main_gap_excluded,1081,0.0,0.0
SP500,10,qlike,2021-12-01,RV-NN-SV,True,exchange_session,main_gap_excluded,1081,1.0,1.0
SP500,10,qlike,2022-01-03,NN-SV,True,exchange_session,main_gap_excluded,1103,1.6653345369377346e-16,1.6653345369377348e-16
SP500,10,qlike,2022-01-03,RV-NN-SV,True,exchange_session,main_gap_excluded,1103,0.9999999999999998,0.9999999999999999
SP500,10,qlike,2022-02-01,NN-SV,True,exchange_session,main_gap_excluded,1121,0.0,0.0
SP500,10,qlike,2022-02-01,RV-NN-SV,True,exchange_session,main_gap_excluded,1121,1.0,1.0
FTSE100,1,equal,2018-01-02,NN-SV,True,exchange_session,main_gap_excluded,251,0.5,0.5
FTSE100,1,equal,2018-01-02,RV-NN-SV,True,exchange_session,main_gap_excluded,251,0.5,0.5
FTSE100,1,equal,2018-02-01,NN-SV,True,exchange_session,main_gap_excluded,273,0.5,0.5
FTSE100,1,equal,2018-02-01,RV-NN-SV,True,exchange_session,main_gap_excluded,273,0.5,0.5
FTSE100,1,equal,2018-03-01,NN-SV,True,exchange_session,main_gap_excluded,293,0.5,0.5
FTSE100,1,equal,2018-03-01,RV-NN-SV,True,exchange_session,main_gap_excluded,293,0.5,0.5
FTSE100,1,equal,2018-04-03,NN-SV,True,exchange_session,main_gap_excluded,314,0.5,0.5
FTSE100,1,equal,2018-04-03,RV-NN-SV,True,exchange_session,main_gap_excluded,314,0.5,0.5
FTSE100,1,equal,2018-05-01,NN-SV,True,exchange_session,main_gap_excluded,334,0.5,0.5
FTSE100,1,equal,2018-05-01,RV-NN-SV,True,exchange_session,main_gap_excluded,334,0.5,0.5
FTSE100,1,equal,2018-06-01,NN-SV,True,exchange_session,main_gap_excluded,355,0.5,0.5
FTSE100,1,equal,2018-06-01,RV-NN-SV,True,exchange_session,main_gap_excluded,355,0.5,0.5
FTSE100,1,equal,2018-07-02,NN-SV,True,exchange_session,main_gap_excluded,376,0.5,0.5
FTSE100,1,equal,2018-07-02,RV-NN-SV,True,exchange_session,main_gap_excluded,376,0.5,0.5
FTSE100,1,equal,2018-08-01,NN-SV,True,exchange_session,main_gap_excluded,398,0.5,0.5
FTSE100,1,equal,2018-08-01,RV-NN-SV,True,exchange_session,main_gap_excluded,398,0.5,0.5
FTSE100,1,equal,2018-09-03,NN-SV,True,exchange_session,main_gap_excluded,420,0.5,0.5
FTSE100,1,equal,2018-09-03,RV-NN-SV,True,exchange_session,main_gap_excluded,420,0.5,0.5
FTSE100,1,equal,2018-10-01,NN-SV,True,exchange_session,main_gap_excluded,440,0.5,0.5
FTSE100,1,equal,2018-10-01,RV-NN-SV,True,exchange_session,main_gap_excluded,440,0.5,0.5
FTSE100,1,equal,2018-11-01,NN-SV,True,exchange_session,main_gap_excluded,463,0.5,0.5
FTSE100,1,equal,2018-11-01,RV-NN-SV,True,exchange_session,main_gap_excluded,463,0.5,0.5
FTSE100,1,equal,2018-12-03,NN-SV,True,exchange_session,main_gap_excluded,485,0.5,0.5
FTSE100,1,equal,2018-12-03,RV-NN-SV,True,exchange_session,main_gap_excluded,485,0.5,0.5
FTSE100,1,equal,2019-01-02,NN-SV,True,exchange_session,main_gap_excluded,504,0.5,0.5
FTSE100,1,equal,2019-01-02,RV-NN-SV,True,exchange_session,main_gap_excluded,504,0.5,0.5
FTSE100,1,equal,2019-02-01,NN-SV,True,exchange_session,main_gap_excluded,526,0.5,0.5
FTSE100,1,equal,2019-02-01,RV-NN-SV,True,exchange_session,main_gap_excluded,526,0.5,0.5
FTSE100,1,equal,2019-03-01,NN-SV,True,exchange_session,main_gap_excluded,546,0.5,0.5
FTSE100,1,equal,2019-03-01,RV-NN-SV,True,exchange_session,main_gap_excluded,546,0.5,0.5
FTSE100,1,equal,2019-04-01,NN-SV,True,exchange_session,main_gap_excluded,567,0.5,0.5
FTSE100,1,equal,2019-04-01,RV-NN-SV,True,exchange_session,main_gap_excluded,567,0.5,0.5
FTSE100,1,equal,2019-05-01,NN-SV,True,exchange_session,main_gap_excluded,587,0.5,0.5
FTSE100,1,equal,2019-05-01,RV-NN-SV,True,exchange_session,main_gap_excluded,587,0.5,0.5
FTSE100,1,equal,2019-06-03,NN-SV,True,exchange_session,main_gap_excluded,608,0.5,0.5
FTSE100,1,equal,2019-06-03,RV-NN-SV,True,exchange_session,main_gap_excluded,608,0.5,0.5
FTSE100,1,equal,2019-07-01,NN-SV,True,exchange_session,main_gap_excluded,628,0.5,0.5
FTSE100,1,equal,2019-07-01,RV-NN-SV,True,exchange_session,main_gap_excluded,628,0.5,0.5
FTSE100,1,equal,2019-08-01,NN-SV,True,exchange_session,main_gap_excluded,651,0.5,0.5
FTSE100,1,equal,2019-08-01,RV-NN-SV,True,exchange_session,main_gap_excluded,651,0.5,0.5
FTSE100,1,equal,2019-09-02,NN-SV,True,exchange_session,main_gap_excluded,672,0.5,0.5
FTSE100,1,equal,2019-09-02,RV-NN-SV,True,exchange_session,main_gap_excluded,672,0.5,0.5
FTSE100,1,equal,2019-10-01,NN-SV,True,exchange_session,main_gap_excluded,693,0.5,0.5
FTSE100,1,equal,2019-10-01,RV-NN-SV,True,exchange_session,main_gap_excluded,693,0.5,0.5
FTSE100,1,equal,2019-11-01,NN-SV,True,exchange_session,main_gap_excluded,716,0.5,0.5
FTSE100,1,equal,2019-11-01,RV-NN-SV,True,exchange_session,main_gap_excluded,716,0.5,0.5
FTSE100,1,equal,2019-12-02,NN-SV,True,exchange_session,main_gap_excluded,737,0.5,0.5
FTSE100,1,equal,2019-12-02,RV-NN-SV,True,exchange_session,main_gap_excluded,737,0.5,0.5
FTSE100,1,equal,2020-01-02,NN-SV,True,exchange_session,main_gap_excluded,757,0.5,0.5
FTSE100,1,equal,2020-01-02,RV-NN-SV,True,exchange_session,main_gap_excluded,757,0.5,0.5
FTSE100,1,equal,2020-02-03,NN-SV,True,exchange_session,main_gap_excluded,777,0.5,0.5
FTSE100,1,equal,2020-02-03,RV-NN-SV,True,exchange_session,main_gap_excluded,777,0.5,0.5
FTSE100,1,equal,2020-03-02,NN-SV,True,exchange_session,main_gap_excluded,797,0.5,0.5
FTSE100,1,equal,2020-03-02,RV-NN-SV,True,exchange_session,main_gap_excluded,797,0.5,0.5
FTSE100,1,equal,2020-04-01,NN-SV,True,exchange_session,main_gap_excluded,819,0.5,0.5
FTSE100,1,equal,2020-04-01,RV-NN-SV,True,exchange_session,main_gap_excluded,819,0.5,0.5
FTSE100,1,equal,2020-05-01,NN-SV,True,exchange_session,main_gap_excluded,839,0.5,0.5
FTSE100,1,equal,2020-05-01,RV-NN-SV,True,exchange_session,main_gap_excluded,839,0.5,0.5
FTSE100,1,equal,2020-06-01,NN-SV,True,exchange_session,main_gap_excluded,858,0.5,0.5
FTSE100,1,equal,2020-06-01,RV-NN-SV,True,exchange_session,main_gap_excluded,858,0.5,0.5
FTSE100,1,equal,2020-07-01,NN-SV,True,exchange_session,main_gap_excluded,880,0.5,0.5
FTSE100,1,equal,2020-07-01,RV-NN-SV,True,exchange_session,main_gap_excluded,880,0.5,0.5
FTSE100,1,equal,2020-08-03,NN-SV,True,exchange_session,main_gap_excluded,903,0.5,0.5
FTSE100,1,equal,2020-08-03,RV-NN-SV,True,exchange_session,main_gap_excluded,903,0.5,0.5
FTSE100,1,equal,2020-09-01,NN-SV,True,exchange_session,main_gap_excluded,921,0.5,0.5
FTSE100,1,equal,2020-09-01,RV-NN-SV,True,exchange_session,main_gap_excluded,921,0.5,0.5
FTSE100,1,equal,2020-10-01,NN-SV,True,exchange_session,main_gap_excluded,943,0.5,0.5
FTSE100,1,equal,2020-10-01,RV-NN-SV,True,exchange_session,main_gap_excluded,943,0.5,0.5
FTSE100,1,equal,2020-11-02,NN-SV,True,exchange_session,main_gap_excluded,965,0.5,0.5
FTSE100,1,equal,2020-11-02,RV-NN-SV,True,exchange_session,main_gap_excluded,965,0.5,0.5
FTSE100,1,equal,2020-12-01,NN-SV,True,exchange_session,main_gap_excluded,986,0.5,0.5
FTSE100,1,equal,2020-12-01,RV-NN-SV,True,exchange_session,main_gap_excluded,986,0.5,0.5
FTSE100,1,equal,2021-01-04,NN-SV,True,exchange_session,main_gap_excluded,1007,0.5,0.5
FTSE100,1,equal,2021-01-04,RV-NN-SV,True,exchange_session,main_gap_excluded,1007,0.5,0.5
FTSE100,1,equal,2021-02-01,NN-SV,True,exchange_session,main_gap_excluded,1027,0.5,0.5
FTSE100,1,equal,2021-02-01,RV-NN-SV,True,exchange_session,main_gap_excluded,1027,0.5,0.5
FTSE100,1,equal,2021-03-01,NN-SV,True,exchange_session,main_gap_excluded,1047,0.5,0.5
FTSE100,1,equal,2021-03-01,RV-NN-SV,True,exchange_session,main_gap_excluded,1047,0.5,0.5
FTSE100,1,equal,2021-04-01,NN-SV,True,exchange_session,main_gap_excluded,1070,0.5,0.5
FTSE100,1,equal,2021-04-01,RV-NN-SV,True,exchange_session,main_gap_excluded,1070,0.5,0.5
FTSE100,1,equal,2021-05-04,NN-SV,True,exchange_session,main_gap_excluded,1090,0.5,0.5
FTSE100,1,equal,2021-05-04,RV-NN-SV,True,exchange_session,main_gap_excluded,1090,0.5,0.5
FTSE100,1,equal,2021-06-01,NN-SV,True,exchange_session,main_gap_excluded,1109,0.5,0.5
FTSE100,1,equal,2021-06-01,RV-NN-SV,True,exchange_session,main_gap_excluded,1109,0.5,0.5
FTSE100,1,equal,2021-07-01,NN-SV,True,exchange_session,main_gap_excluded,1131,0.5,0.5
FTSE100,1,equal,2021-07-01,RV-NN-SV,True,exchange_session,main_gap_excluded,1131,0.5,0.5
FTSE100,1,equal,2021-08-02,NN-SV,True,exchange_session,main_gap_excluded,1153,0.5,0.5
FTSE100,1,equal,2021-08-02,RV-NN-SV,True,exchange_session,main_gap_excluded,1153,0.5,0.5
FTSE100,1,equal,2021-09-01,NN-SV,True,exchange_session,main_gap_excluded,1174,0.5,0.5
FTSE100,1,equal,2021-09-01,RV-NN-SV,True,exchange_session,main_gap_excluded,1174,0.5,0.5
FTSE100,1,equal,2021-10-01,NN-SV,True,exchange_session,main_gap_excluded,1196,0.5,0.5
FTSE100,1,equal,2021-10-01,RV-NN-SV,True,exchange_session,main_gap_excluded,1196,0.5,0.5
FTSE100,1,equal,2021-11-01,NN-SV,True,exchange_session,main_gap_excluded,1215,0.5,0.5
FTSE100,1,equal,2021-11-01,RV-NN-SV,True,exchange_session,main_gap_excluded,1215,0.5,0.5
FTSE100,1,equal,2021-12-01,NN-SV,True,exchange_session,main_gap_excluded,1237,0.5,0.5
FTSE100,1,equal,2021-12-01,RV-NN-SV,True,exchange_session,main_gap_excluded,1237,0.5,0.5
FTSE100,1,equal,2022-01-04,NN-SV,True,exchange_session,main_gap_excluded,1258,0.5,0.5
FTSE100,1,equal,2022-01-04,RV-NN-SV,True,exchange_session,main_gap_excluded,1258,0.5,0.5
FTSE100,1,equal,2022-02-01,NN-SV,True,exchange_session,main_gap_excluded,1278,0.5,0.5
FTSE100,1,equal,2022-02-01,RV-NN-SV,True,exchange_session,main_gap_excluded,1278,0.5,0.5
FTSE100,1,log_score,2018-01-02,NN-SV,True,exchange_session,main_gap_excluded,251,0.8954476053643737,0.8954476053643737
FTSE100,1,log_score,2018-01-02,RV-NN-SV,True,exchange_session,main_gap_excluded,251,0.10455239463562628,0.10455239463562628
FTSE100,1,log_score,2018-02-01,NN-SV,True,exchange_session,main_gap_excluded,273,0.7065944891270554,0.7065944891270554
FTSE100,1,log_score,2018-02-01,RV-NN-SV,True,exchange_session,main_gap_excluded,273,0.29340551087294475,0.29340551087294475
FTSE100,1,log_score,2018-03-01,NN-SV,True,exchange_session,main_gap_excluded,293,0.0,0.0
FTSE100,1,log_score,2018-03-01,RV-NN-SV,True,exchange_session,main_gap_excluded,293,1.0,1.0
FTSE100,1,log_score,2018-04-03,NN-SV,True,exchange_session,main_gap_excluded,314,0.4545480855062873,0.4545480855062873
FTSE100,1,log_score,2018-04-03,RV-NN-SV,True,exchange_session,main_gap_excluded,314,0.5454519144937127,0.5454519144937127
FTSE100,1,log_score,2018-05-01,NN-SV,True,exchange_session,main_gap_excluded,334,0.42367112395405837,0.42367112395405837
FTSE100,1,log_score,2018-05-01,RV-NN-SV,True,exchange_session,main_gap_excluded,334,0.5763288760459416,0.5763288760459416
FTSE100,1,log_score,2018-06-01,NN-SV,True,exchange_session,main_gap_excluded,355,0.5147177385597477,0.5147177385597477
FTSE100,1,log_score,2018-06-01,RV-NN-SV,True,exchange_session,main_gap_excluded,355,0.48528226144025244,0.48528226144025244
FTSE100,1,log_score,2018-07-02,NN-SV,True,exchange_session,main_gap_excluded,376,0.18478471071821412,0.18478471071821412
FTSE100,1,log_score,2018-07-02,RV-NN-SV,True,exchange_session,main_gap_excluded,376,0.8152152892817859,0.8152152892817859
FTSE100,1,log_score,2018-08-01,NN-SV,True,exchange_session,main_gap_excluded,398,0.010334779942155424,0.010334779942155424
FTSE100,1,log_score,2018-08-01,RV-NN-SV,True,exchange_session,main_gap_excluded,398,0.9896652200578446,0.9896652200578446
FTSE100,1,log_score,2018-09-03,NN-SV,True,exchange_session,main_gap_excluded,420,0.0,0.0
FTSE100,1,log_score,2018-09-03,RV-NN-SV,True,exchange_session,main_gap_excluded,420,1.0,1.0
FTSE100,1,log_score,2018-10-01,NN-SV,True,exchange_session,main_gap_excluded,440,0.0,0.0
FTSE100,1,log_score,2018-10-01,RV-NN-SV,True,exchange_session,main_gap_excluded,440,1.0,1.0
FTSE100,1,log_score,2018-11-01,NN-SV,True,exchange_session,main_gap_excluded,463,2.7755575615628914e-17,2.7755575615628914e-17
FTSE100,1,log_score,2018-11-01,RV-NN-SV,True,exchange_session,main_gap_excluded,463,1.0,1.0
FTSE100,1,log_score,2018-12-03,NN-SV,True,exchange_session,main_gap_excluded,485,0.25359321867735546,0.25359321867735546
FTSE100,1,log_score,2018-12-03,RV-NN-SV,True,exchange_session,main_gap_excluded,485,0.7464067813226445,0.7464067813226445
FTSE100,1,log_score,2019-01-02,NN-SV,True,exchange_session,main_gap_excluded,504,0.10996064868965812,0.10996064868965812
FTSE100,1,log_score,2019-01-02,RV-NN-SV,True,exchange_session,main_gap_excluded,504,0.890039351310342,0.890039351310342
FTSE100,1,log_score,2019-02-01,NN-SV,True,exchange_session,main_gap_excluded,526,0.10582623029733876,0.10582623029733876
FTSE100,1,log_score,2019-02-01,RV-NN-SV,True,exchange_session,main_gap_excluded,526,0.8941737697026613,0.8941737697026613
FTSE100,1,log_score,2019-03-01,NN-SV,True,exchange_session,main_gap_excluded,546,0.3619820949202741,0.3619820949202741
FTSE100,1,log_score,2019-03-01,RV-NN-SV,True,exchange_session,main_gap_excluded,546,0.6380179050797259,0.6380179050797259
FTSE100,1,log_score,2019-04-01,NN-SV,True,exchange_session,main_gap_excluded,567,0.5099453173640521,0.5099453173640521
FTSE100,1,log_score,2019-04-01,RV-NN-SV,True,exchange_session,main_gap_excluded,567,0.4900546826359478,0.4900546826359478
FTSE100,1,log_score,2019-05-01,NN-SV,True,exchange_session,main_gap_excluded,587,0.26359106898918255,0.26359106898918255
FTSE100,1,log_score,2019-05-01,RV-NN-SV,True,exchange_session,main_gap_excluded,587,0.7364089310108174,0.7364089310108174
FTSE100,1,log_score,2019-06-03,NN-SV,True,exchange_session,main_gap_excluded,608,0.5064072472445933,0.5064072472445933
FTSE100,1,log_score,2019-06-03,RV-NN-SV,True,exchange_session,main_gap_excluded,608,0.49359275275540665,0.49359275275540665
FTSE100,1,log_score,2019-07-01,NN-SV,True,exchange_session,main_gap_excluded,628,0.4730635470025826,0.4730635470025826
FTSE100,1,log_score,2019-07-01,RV-NN-SV,True,exchange_session,main_gap_excluded,628,0.5269364529974175,0.5269364529974175
FTSE100,1,log_score,2019-08-01,NN-SV,True,exchange_session,main_gap_excluded,651,0.4386641891902643,0.4386641891902643
FTSE100,1,log_score,2019-08-01,RV-NN-SV,True,exchange_session,main_gap_excluded,651,0.5613358108097357,0.5613358108097357
FTSE100,1,log_score,2019-09-02,NN-SV,True,exchange_session,main_gap_excluded,672,0.13193855846697822,0.13193855846697822
FTSE100,1,log_score,2019-09-02,RV-NN-SV,True,exchange_session,main_gap_excluded,672,0.8680614415330219,0.8680614415330219
FTSE100,1,log_score,2019-10-01,NN-SV,True,exchange_session,main_gap_excluded,693,0.07522035803439617,0.07522035803439617
FTSE100,1,log_score,2019-10-01,RV-NN-SV,True,exchange_session,main_gap_excluded,693,0.9247796419656039,0.9247796419656039
FTSE100,1,log_score,2019-11-01,NN-SV,True,exchange_session,main_gap_excluded,716,5.551115123125783e-17,5.551115123125783e-17
FTSE100,1,log_score,2019-11-01,RV-NN-SV,True,exchange_session,main_gap_excluded,716,1.0,1.0
FTSE100,1,log_score,2019-12-02,NN-SV,True,exchange_session,main_gap_excluded,737,1.6653345369377348e-16,1.6653345369377348e-16
FTSE100,1,log_score,2019-12-02,RV-NN-SV,True,exchange_session,main_gap_excluded,737,0.9999999999999999,0.9999999999999999
FTSE100,1,log_score,2020-01-02,NN-SV,True,exchange_session,main_gap_excluded,757,5.551115123125783e-17,5.551115123125783e-17
FTSE100,1,log_score,2020-01-02,RV-NN-SV,True,exchange_session,main_gap_excluded,757,1.0,1.0
FTSE100,1,log_score,2020-02-03,NN-SV,True,exchange_session,main_gap_excluded,777,0.0,0.0
FTSE100,1,log_score,2020-02-03,RV-NN-SV,True,exchange_session,main_gap_excluded,777,1.0,1.0
FTSE100,1,log_score,2020-03-02,NN-SV,True,exchange_session,main_gap_excluded,797,5.551115123125783e-17,5.551115123125783e-17
FTSE100,1,log_score,2020-03-02,RV-NN-SV,True,exchange_session,main_gap_excluded,797,1.0,1.0
FTSE100,1,log_score,2020-04-01,NN-SV,True,exchange_session,main_gap_excluded,819,1.1102230246251565e-16,1.1102230246251565e-16
FTSE100,1,log_score,2020-04-01,RV-NN-SV,True,exchange_session,main_gap_excluded,819,1.0,1.0
FTSE100,1,log_score,2020-05-01,NN-SV,True,exchange_session,main_gap_excluded,839,0.0,0.0
FTSE100,1,log_score,2020-05-01,RV-NN-SV,True,exchange_session,main_gap_excluded,839,1.0,1.0
FTSE100,1,log_score,2020-06-01,NN-SV,True,exchange_session,main_gap_excluded,858,1.6653345369377346e-16,1.6653345369377348e-16
FTSE100,1,log_score,2020-06-01,RV-NN-SV,True,exchange_session,main_gap_excluded,858,0.9999999999999998,0.9999999999999999
FTSE100,1,log_score,2020-07-01,NN-SV,True,exchange_session,main_gap_excluded,880,1.1102230246251565e-16,1.1102230246251565e-16
FTSE100,1,log_score,2020-07-01,RV-NN-SV,True,exchange_session,main_gap_excluded,880,1.0,1.0
FTSE100,1,log_score,2020-08-03,NN-SV,True,exchange_session,main_gap_excluded,903,0.0,0.0
FTSE100,1,log_score,2020-08-03,RV-NN-SV,True,exchange_session,main_gap_excluded,903,1.0,1.0
FTSE100,1,log_score,2020-09-01,NN-SV,True,exchange_session,main_gap_excluded,921,0.0,0.0
FTSE100,1,log_score,2020-09-01,RV-NN-SV,True,exchange_session,main_gap_excluded,921,1.0,1.0
FTSE100,1,log_score,2020-10-01,NN-SV,True,exchange_session,main_gap_excluded,943,0.0,0.0
FTSE100,1,log_score,2020-10-01,RV-NN-SV,True,exchange_session,main_gap_excluded,943,1.0,1.0
FTSE100,1,log_score,2020-11-02,NN-SV,True,exchange_session,main_gap_excluded,965,0.0,0.0
FTSE100,1,log_score,2020-11-02,RV-NN-SV,True,exchange_session,main_gap_excluded,965,1.0,1.0
FTSE100,1,log_score,2020-12-01,NN-SV,True,exchange_session,main_gap_excluded,986,0.0,0.0
FTSE100,1,log_score,2020-12-01,RV-NN-SV,True,exchange_session,main_gap_excluded,986,1.0,1.0
FTSE100,1,log_score,2021-01-04,NN-SV,True,exchange_session,main_gap_excluded,1007,4.163336342344337e-17,4.163336342344337e-17
FTSE100,1,log_score,2021-01-04,RV-NN-SV,True,exchange_session,main_gap_excluded,1007,1.0,1.0
FTSE100,1,log_score,2021-02-01,NN-SV,True,exchange_session,main_gap_excluded,1027,0.0,0.0
FTSE100,1,log_score,2021-02-01,RV-NN-SV,True,exchange_session,main_gap_excluded,1027,1.0,1.0
FTSE100,1,log_score,2021-03-01,NN-SV,True,exchange_session,main_gap_excluded,1047,0.0,0.0
FTSE100,1,log_score,2021-03-01,RV-NN-SV,True,exchange_session,main_gap_excluded,1047,1.0,1.0
FTSE100,1,log_score,2021-04-01,NN-SV,True,exchange_session,main_gap_excluded,1070,0.0,0.0
FTSE100,1,log_score,2021-04-01,RV-NN-SV,True,exchange_session,main_gap_excluded,1070,1.0,1.0
FTSE100,1,log_score,2021-05-04,NN-SV,True,exchange_session,main_gap_excluded,1090,1.2490009027033009e-16,1.249000902703301e-16
FTSE100,1,log_score,2021-05-04,RV-NN-SV,True,exchange_session,main_gap_excluded,1090,0.9999999999999998,0.9999999999999999
FTSE100,1,log_score,2021-06-01,NN-SV,True,exchange_session,main_gap_excluded,1109,0.0,0.0
FTSE100,1,log_score,2021-06-01,RV-NN-SV,True,exchange_session,main_gap_excluded,1109,1.0,1.0
FTSE100,1,log_score,2021-07-01,NN-SV,True,exchange_session,main_gap_excluded,1131,0.0,0.0
FTSE100,1,log_score,2021-07-01,RV-NN-SV,True,exchange_session,main_gap_excluded,1131,1.0,1.0
FTSE100,1,log_score,2021-08-02,NN-SV,True,exchange_session,main_gap_excluded,1153,1.1102230246251565e-16,1.1102230246251565e-16
FTSE100,1,log_score,2021-08-02,RV-NN-SV,True,exchange_session,main_gap_excluded,1153,0.9999999999999999,0.9999999999999999
FTSE100,1,log_score,2021-09-01,NN-SV,True,exchange_session,main_gap_excluded,1174,0.0,0.0
FTSE100,1,log_score,2021-09-01,RV-NN-SV,True,exchange_session,main_gap_excluded,1174,1.0,1.0
FTSE100,1,log_score,2021-10-01,NN-SV,True,exchange_session,main_gap_excluded,1196,0.0,0.0
FTSE100,1,log_score,2021-10-01,RV-NN-SV,True,exchange_session,main_gap_excluded,1196,1.0,1.0
FTSE100,1,log_score,2021-11-01,NN-SV,True,exchange_session,main_gap_excluded,1215,0.0,0.0
FTSE100,1,log_score,2021-11-01,RV-NN-SV,True,exchange_session,main_gap_excluded,1215,1.0,1.0
FTSE100,1,log_score,2021-12-01,NN-SV,True,exchange_session,main_gap_excluded,1237,0.131911985679134,0.13191198567913404
FTSE100,1,log_score,2021-12-01,RV-NN-SV,True,exchange_session,main_gap_excluded,1237,0.8680880143208659,0.868088014320866
FTSE100,1,log_score,2022-01-04,NN-SV,True,exchange_session,main_gap_excluded,1258,0.09525400818633357,0.09525400818633357
FTSE100,1,log_score,2022-01-04,RV-NN-SV,True,exchange_session,main_gap_excluded,1258,0.9047459918136664,0.9047459918136664
FTSE100,1,log_score,2022-02-01,NN-SV,True,exchange_session,main_gap_excluded,1278,0.018157620890093013,0.018157620890093013
FTSE100,1,log_score,2022-02-01,RV-NN-SV,True,exchange_session,main_gap_excluded,1278,0.981842379109907,0.981842379109907
FTSE100,1,qlike,2018-01-02,NN-SV,True,exchange_session,main_gap_excluded,251,0.0065216398616691615,0.0065216398616691615
FTSE100,1,qlike,2018-01-02,RV-NN-SV,True,exchange_session,main_gap_excluded,251,0.9934783601383309,0.9934783601383309
FTSE100,1,qlike,2018-02-01,NN-SV,True,exchange_session,main_gap_excluded,273,2.7755575615628914e-17,2.7755575615628914e-17
FTSE100,1,qlike,2018-02-01,RV-NN-SV,True,exchange_session,main_gap_excluded,273,1.0,1.0
FTSE100,1,qlike,2018-03-01,NN-SV,True,exchange_session,main_gap_excluded,293,3.0531133177191805e-16,3.0531133177191805e-16
FTSE100,1,qlike,2018-03-01,RV-NN-SV,True,exchange_session,main_gap_excluded,293,0.9999999999999998,0.9999999999999998
FTSE100,1,qlike,2018-04-03,NN-SV,True,exchange_session,main_gap_excluded,314,0.0,0.0
FTSE100,1,qlike,2018-04-03,RV-NN-SV,True,exchange_session,main_gap_excluded,314,1.0,1.0
FTSE100,1,qlike,2018-05-01,NN-SV,True,exchange_session,main_gap_excluded,334,8.326672684688674e-17,8.326672684688674e-17
FTSE100,1,qlike,2018-05-01,RV-NN-SV,True,exchange_session,main_gap_excluded,334,0.9999999999999999,0.9999999999999999
FTSE100,1,qlike,2018-06-01,NN-SV,True,exchange_session,main_gap_excluded,355,0.0,0.0
FTSE100,1,qlike,2018-06-01,RV-NN-SV,True,exchange_session,main_gap_excluded,355,1.0,1.0
FTSE100,1,qlike,2018-07-02,NN-SV,True,exchange_session,main_gap_excluded,376,0.0,0.0
FTSE100,1,qlike,2018-07-02,RV-NN-SV,True,exchange_session,main_gap_excluded,376,1.0,1.0
FTSE100,1,qlike,2018-08-01,NN-SV,True,exchange_session,main_gap_excluded,398,0.0,0.0
FTSE100,1,qlike,2018-08-01,RV-NN-SV,True,exchange_session,main_gap_excluded,398,1.0,1.0
FTSE100,1,qlike,2018-09-03,NN-SV,True,exchange_session,main_gap_excluded,420,4.718447854656914e-16,4.718447854656915e-16
FTSE100,1,qlike,2018-09-03,RV-NN-SV,True,exchange_session,main_gap_excluded,420,0.9999999999999994,0.9999999999999996
FTSE100,1,qlike,2018-10-01,NN-SV,True,exchange_session,main_gap_excluded,440,8.326672684688674e-17,8.326672684688674e-17
FTSE100,1,qlike,2018-10-01,RV-NN-SV,True,exchange_session,main_gap_excluded,440,1.0,1.0
FTSE100,1,qlike,2018-11-01,NN-SV,True,exchange_session,main_gap_excluded,463,0.0,0.0
FTSE100,1,qlike,2018-11-01,RV-NN-SV,True,exchange_session,main_gap_excluded,463,1.0,1.0
FTSE100,1,qlike,2018-12-03,NN-SV,True,exchange_session,main_gap_excluded,485,1.6653345369377348e-16,1.6653345369377348e-16
FTSE100,1,qlike,2018-12-03,RV-NN-SV,True,exchange_session,main_gap_excluded,485,0.9999999999999998,0.9999999999999998
FTSE100,1,qlike,2019-01-02,NN-SV,True,exchange_session,main_gap_excluded,504,0.0,0.0
FTSE100,1,qlike,2019-01-02,RV-NN-SV,True,exchange_session,main_gap_excluded,504,1.0,1.0
FTSE100,1,qlike,2019-02-01,NN-SV,True,exchange_session,main_gap_excluded,526,1.1102230246251565e-16,1.1102230246251565e-16
FTSE100,1,qlike,2019-02-01,RV-NN-SV,True,exchange_session,main_gap_excluded,526,1.0,1.0
FTSE100,1,qlike,2019-03-01,NN-SV,True,exchange_session,main_gap_excluded,546,0.0,0.0
FTSE100,1,qlike,2019-03-01,RV-NN-SV,True,exchange_session,main_gap_excluded,546,1.0,1.0
FTSE100,1,qlike,2019-04-01,NN-SV,True,exchange_session,main_gap_excluded,567,0.0,0.0
FTSE100,1,qlike,2019-04-01,RV-NN-SV,True,exchange_session,main_gap_excluded,567,1.0,1.0
FTSE100,1,qlike,2019-05-01,NN-SV,True,exchange_session,main_gap_excluded,587,0.0,0.0
FTSE100,1,qlike,2019-05-01,RV-NN-SV,True,exchange_session,main_gap_excluded,587,1.0,1.0
FTSE100,1,qlike,2019-06-03,NN-SV,True,exchange_session,main_gap_excluded,608,0.0,0.0
FTSE100,1,qlike,2019-06-03,RV-NN-SV,True,exchange_session,main_gap_excluded,608,1.0,1.0
FTSE100,1,qlike,2019-07-01,NN-SV,True,exchange_session,main_gap_excluded,628,0.0,0.0
FTSE100,1,qlike,2019-07-01,RV-NN-SV,True,exchange_session,main_gap_excluded,628,1.0,1.0
FTSE100,1,qlike,2019-08-01,NN-SV,True,exchange_session,main_gap_excluded,651,0.0,0.0
FTSE100,1,qlike,2019-08-01,RV-NN-SV,True,exchange_session,main_gap_excluded,651,1.0,1.0
FTSE100,1,qlike,2019-09-02,NN-SV,True,exchange_session,main_gap_excluded,672,0.0,0.0
FTSE100,1,qlike,2019-09-02,RV-NN-SV,True,exchange_session,main_gap_excluded,672,1.0,1.0
FTSE100,1,qlike,2019-10-01,NN-SV,True,exchange_session,main_gap_excluded,693,1.6653345369377346e-16,1.6653345369377348e-16
FTSE100,1,qlike,2019-10-01,RV-NN-SV,True,exchange_session,main_gap_excluded,693,0.9999999999999998,0.9999999999999999
FTSE100,1,qlike,2019-11-01,NN-SV,True,exchange_session,main_gap_excluded,716,5.551115123125783e-17,5.551115123125783e-17
FTSE100,1,qlike,2019-11-01,RV-NN-SV,True,exchange_session,main_gap_excluded,716,0.9999999999999999,0.9999999999999999
FTSE100,1,qlike,2019-12-02,NN-SV,True,exchange_session,main_gap_excluded,737,0.0,0.0
FTSE100,1,qlike,2019-12-02,RV-NN-SV,True,exchange_session,main_gap_excluded,737,1.0,1.0
FTSE100,1,qlike,2020-01-02,NN-SV,True,exchange_session,main_gap_excluded,757,2.220446049250313e-16,2.220446049250313e-16
FTSE100,1,qlike,2020-01-02,RV-NN-SV,True,exchange_session,main_gap_excluded,757,0.9999999999999999,0.9999999999999999
FTSE100,1,qlike,2020-02-03,NN-SV,True,exchange_session,main_gap_excluded,777,0.0,0.0
FTSE100,1,qlike,2020-02-03,RV-NN-SV,True,exchange_session,main_gap_excluded,777,1.0,1.0
FTSE100,1,qlike,2020-03-02,NN-SV,True,exchange_session,main_gap_excluded,797,2.220446049250313e-16,2.220446049250313e-16
FTSE100,1,qlike,2020-03-02,RV-NN-SV,True,exchange_session,main_gap_excluded,797,0.9999999999999998,0.9999999999999998
FTSE100,1,qlike,2020-04-01,NN-SV,True,exchange_session,main_gap_excluded,819,0.17459441900105502,0.17459441900105502
FTSE100,1,qlike,2020-04-01,RV-NN-SV,True,exchange_session,main_gap_excluded,819,0.825405580998945,0.825405580998945
FTSE100,1,qlike,2020-05-01,NN-SV,True,exchange_session,main_gap_excluded,839,0.12393402594046289,0.12393402594046289
FTSE100,1,qlike,2020-05-01,RV-NN-SV,True,exchange_session,main_gap_excluded,839,0.8760659740595371,0.8760659740595371
FTSE100,1,qlike,2020-06-01,NN-SV,True,exchange_session,main_gap_excluded,858,0.10067108470438987,0.10067108470438987
FTSE100,1,qlike,2020-06-01,RV-NN-SV,True,exchange_session,main_gap_excluded,858,0.8993289152956102,0.8993289152956102
FTSE100,1,qlike,2020-07-01,NN-SV,True,exchange_session,main_gap_excluded,880,0.06368568057230668,0.06368568057230668
FTSE100,1,qlike,2020-07-01,RV-NN-SV,True,exchange_session,main_gap_excluded,880,0.9363143194276933,0.9363143194276933
FTSE100,1,qlike,2020-08-03,NN-SV,True,exchange_session,main_gap_excluded,903,0.11765023540667972,0.11765023540667972
FTSE100,1,qlike,2020-08-03,RV-NN-SV,True,exchange_session,main_gap_excluded,903,0.8823497645933204,0.8823497645933204
FTSE100,1,qlike,2020-09-01,NN-SV,True,exchange_session,main_gap_excluded,921,0.13230755617940498,0.13230755617940498
FTSE100,1,qlike,2020-09-01,RV-NN-SV,True,exchange_session,main_gap_excluded,921,0.867692443820595,0.867692443820595
FTSE100,1,qlike,2020-10-01,NN-SV,True,exchange_session,main_gap_excluded,943,0.382958298747837,0.382958298747837
FTSE100,1,qlike,2020-10-01,RV-NN-SV,True,exchange_session,main_gap_excluded,943,0.6170417012521631,0.6170417012521631
FTSE100,1,qlike,2020-11-02,NN-SV,True,exchange_session,main_gap_excluded,965,0.40796309661627045,0.40796309661627045
FTSE100,1,qlike,2020-11-02,RV-NN-SV,True,exchange_session,main_gap_excluded,965,0.5920369033837296,0.5920369033837296
FTSE100,1,qlike,2020-12-01,NN-SV,True,exchange_session,main_gap_excluded,986,0.2643655589621434,0.2643655589621434
FTSE100,1,qlike,2020-12-01,RV-NN-SV,True,exchange_session,main_gap_excluded,986,0.7356344410378566,0.7356344410378566
FTSE100,1,qlike,2021-01-04,NN-SV,True,exchange_session,main_gap_excluded,1007,0.19423460482017535,0.19423460482017535
FTSE100,1,qlike,2021-01-04,RV-NN-SV,True,exchange_session,main_gap_excluded,1007,0.8057653951798246,0.8057653951798246
FTSE100,1,qlike,2021-02-01,NN-SV,True,exchange_session,main_gap_excluded,1027,0.06196892403714617,0.06196892403714617
FTSE100,1,qlike,2021-02-01,RV-NN-SV,True,exchange_session,main_gap_excluded,1027,0.9380310759628538,0.9380310759628538
FTSE100,1,qlike,2021-03-01,NN-SV,True,exchange_session,main_gap_excluded,1047,0.07968479673129329,0.07968479673129329
FTSE100,1,qlike,2021-03-01,RV-NN-SV,True,exchange_session,main_gap_excluded,1047,0.9203152032687067,0.9203152032687067
FTSE100,1,qlike,2021-04-01,NN-SV,True,exchange_session,main_gap_excluded,1070,0.11400149320668647,0.11400149320668647
FTSE100,1,qlike,2021-04-01,RV-NN-SV,True,exchange_session,main_gap_excluded,1070,0.8859985067933136,0.8859985067933136
FTSE100,1,qlike,2021-05-04,NN-SV,True,exchange_session,main_gap_excluded,1090,0.058300486718497226,0.058300486718497226
FTSE100,1,qlike,2021-05-04,RV-NN-SV,True,exchange_session,main_gap_excluded,1090,0.9416995132815028,0.9416995132815028
FTSE100,1,qlike,2021-06-01,NN-SV,True,exchange_session,main_gap_excluded,1109,0.052158969522900625,0.052158969522900625
FTSE100,1,qlike,2021-06-01,RV-NN-SV,True,exchange_session,main_gap_excluded,1109,0.9478410304770993,0.9478410304770993
FTSE100,1,qlike,2021-07-01,NN-SV,True,exchange_session,main_gap_excluded,1131,0.0,0.0
FTSE100,1,qlike,2021-07-01,RV-NN-SV,True,exchange_session,main_gap_excluded,1131,1.0,1.0
FTSE100,1,qlike,2021-08-02,NN-SV,True,exchange_session,main_gap_excluded,1153,5.551115123125783e-17,5.551115123125783e-17
FTSE100,1,qlike,2021-08-02,RV-NN-SV,True,exchange_session,main_gap_excluded,1153,1.0,1.0
FTSE100,1,qlike,2021-09-01,NN-SV,True,exchange_session,main_gap_excluded,1174,0.05592745234929239,0.05592745234929239
FTSE100,1,qlike,2021-09-01,RV-NN-SV,True,exchange_session,main_gap_excluded,1174,0.9440725476507076,0.9440725476507076
FTSE100,1,qlike,2021-10-01,NN-SV,True,exchange_session,main_gap_excluded,1196,0.001348711979213146,0.001348711979213146
FTSE100,1,qlike,2021-10-01,RV-NN-SV,True,exchange_session,main_gap_excluded,1196,0.998651288020787,0.998651288020787
FTSE100,1,qlike,2021-11-01,NN-SV,True,exchange_session,main_gap_excluded,1215,0.07090427082668457,0.07090427082668457
FTSE100,1,qlike,2021-11-01,RV-NN-SV,True,exchange_session,main_gap_excluded,1215,0.9290957291733154,0.9290957291733154
FTSE100,1,qlike,2021-12-01,NN-SV,True,exchange_session,main_gap_excluded,1237,0.3933490925524007,0.3933490925524007
FTSE100,1,qlike,2021-12-01,RV-NN-SV,True,exchange_session,main_gap_excluded,1237,0.6066509074475994,0.6066509074475994
FTSE100,1,qlike,2022-01-04,NN-SV,True,exchange_session,main_gap_excluded,1258,0.4155007641464847,0.4155007641464847
FTSE100,1,qlike,2022-01-04,RV-NN-SV,True,exchange_session,main_gap_excluded,1258,0.5844992358535154,0.5844992358535154
FTSE100,1,qlike,2022-02-01,NN-SV,True,exchange_session,main_gap_excluded,1278,0.46965414417822654,0.46965414417822654
FTSE100,1,qlike,2022-02-01,RV-NN-SV,True,exchange_session,main_gap_excluded,1278,0.5303458558217735,0.5303458558217735
FTSE100,5,equal,2018-01-02,NN-SV,True,exchange_session,main_gap_excluded,247,0.5,0.5
FTSE100,5,equal,2018-01-02,RV-NN-SV,True,exchange_session,main_gap_excluded,247,0.5,0.5
FTSE100,5,equal,2018-02-01,NN-SV,True,exchange_session,main_gap_excluded,265,0.5,0.5
FTSE100,5,equal,2018-02-01,RV-NN-SV,True,exchange_session,main_gap_excluded,265,0.5,0.5
FTSE100,5,equal,2018-03-01,NN-SV,True,exchange_session,main_gap_excluded,285,0.5,0.5
FTSE100,5,equal,2018-03-01,RV-NN-SV,True,exchange_session,main_gap_excluded,285,0.5,0.5
FTSE100,5,equal,2018-04-03,NN-SV,True,exchange_session,main_gap_excluded,306,0.5,0.5
FTSE100,5,equal,2018-04-03,RV-NN-SV,True,exchange_session,main_gap_excluded,306,0.5,0.5
FTSE100,5,equal,2018-05-01,NN-SV,True,exchange_session,main_gap_excluded,326,0.5,0.5
FTSE100,5,equal,2018-05-01,RV-NN-SV,True,exchange_session,main_gap_excluded,326,0.5,0.5
FTSE100,5,equal,2018-06-01,NN-SV,True,exchange_session,main_gap_excluded,347,0.5,0.5
FTSE100,5,equal,2018-06-01,RV-NN-SV,True,exchange_session,main_gap_excluded,347,0.5,0.5
FTSE100,5,equal,2018-07-02,NN-SV,True,exchange_session,main_gap_excluded,368,0.5,0.5
FTSE100,5,equal,2018-07-02,RV-NN-SV,True,exchange_session,main_gap_excluded,368,0.5,0.5
FTSE100,5,equal,2018-08-01,NN-SV,True,exchange_session,main_gap_excluded,390,0.5,0.5
FTSE100,5,equal,2018-08-01,RV-NN-SV,True,exchange_session,main_gap_excluded,390,0.5,0.5
FTSE100,5,equal,2018-09-03,NN-SV,True,exchange_session,main_gap_excluded,412,0.5,0.5
FTSE100,5,equal,2018-09-03,RV-NN-SV,True,exchange_session,main_gap_excluded,412,0.5,0.5
FTSE100,5,equal,2018-10-01,NN-SV,True,exchange_session,main_gap_excluded,432,0.5,0.5
FTSE100,5,equal,2018-10-01,RV-NN-SV,True,exchange_session,main_gap_excluded,432,0.5,0.5
FTSE100,5,equal,2018-11-01,NN-SV,True,exchange_session,main_gap_excluded,455,0.5,0.5
FTSE100,5,equal,2018-11-01,RV-NN-SV,True,exchange_session,main_gap_excluded,455,0.5,0.5
FTSE100,5,equal,2018-12-03,NN-SV,True,exchange_session,main_gap_excluded,477,0.5,0.5
FTSE100,5,equal,2018-12-03,RV-NN-SV,True,exchange_session,main_gap_excluded,477,0.5,0.5
FTSE100,5,equal,2019-01-02,NN-SV,True,exchange_session,main_gap_excluded,496,0.5,0.5
FTSE100,5,equal,2019-01-02,RV-NN-SV,True,exchange_session,main_gap_excluded,496,0.5,0.5
FTSE100,5,equal,2019-02-01,NN-SV,True,exchange_session,main_gap_excluded,518,0.5,0.5
FTSE100,5,equal,2019-02-01,RV-NN-SV,True,exchange_session,main_gap_excluded,518,0.5,0.5
FTSE100,5,equal,2019-03-01,NN-SV,True,exchange_session,main_gap_excluded,538,0.5,0.5
FTSE100,5,equal,2019-03-01,RV-NN-SV,True,exchange_session,main_gap_excluded,538,0.5,0.5
FTSE100,5,equal,2019-04-01,NN-SV,True,exchange_session,main_gap_excluded,559,0.5,0.5
FTSE100,5,equal,2019-04-01,RV-NN-SV,True,exchange_session,main_gap_excluded,559,0.5,0.5
FTSE100,5,equal,2019-05-01,NN-SV,True,exchange_session,main_gap_excluded,579,0.5,0.5
FTSE100,5,equal,2019-05-01,RV-NN-SV,True,exchange_session,main_gap_excluded,579,0.5,0.5
FTSE100,5,equal,2019-06-03,NN-SV,True,exchange_session,main_gap_excluded,600,0.5,0.5
FTSE100,5,equal,2019-06-03,RV-NN-SV,True,exchange_session,main_gap_excluded,600,0.5,0.5
FTSE100,5,equal,2019-07-01,NN-SV,True,exchange_session,main_gap_excluded,620,0.5,0.5
FTSE100,5,equal,2019-07-01,RV-NN-SV,True,exchange_session,main_gap_excluded,620,0.5,0.5
FTSE100,5,equal,2019-08-01,NN-SV,True,exchange_session,main_gap_excluded,643,0.5,0.5
FTSE100,5,equal,2019-08-01,RV-NN-SV,True,exchange_session,main_gap_excluded,643,0.5,0.5
FTSE100,5,equal,2019-09-02,NN-SV,True,exchange_session,main_gap_excluded,664,0.5,0.5
FTSE100,5,equal,2019-09-02,RV-NN-SV,True,exchange_session,main_gap_excluded,664,0.5,0.5
FTSE100,5,equal,2019-10-01,NN-SV,True,exchange_session,main_gap_excluded,685,0.5,0.5
FTSE100,5,equal,2019-10-01,RV-NN-SV,True,exchange_session,main_gap_excluded,685,0.5,0.5
FTSE100,5,equal,2019-11-01,NN-SV,True,exchange_session,main_gap_excluded,708,0.5,0.5
FTSE100,5,equal,2019-11-01,RV-NN-SV,True,exchange_session,main_gap_excluded,708,0.5,0.5
FTSE100,5,equal,2019-12-02,NN-SV,True,exchange_session,main_gap_excluded,729,0.5,0.5
FTSE100,5,equal,2019-12-02,RV-NN-SV,True,exchange_session,main_gap_excluded,729,0.5,0.5
FTSE100,5,equal,2020-01-02,NN-SV,True,exchange_session,main_gap_excluded,749,0.5,0.5
FTSE100,5,equal,2020-01-02,RV-NN-SV,True,exchange_session,main_gap_excluded,749,0.5,0.5
FTSE100,5,equal,2020-02-03,NN-SV,True,exchange_session,main_gap_excluded,765,0.5,0.5
FTSE100,5,equal,2020-02-03,RV-NN-SV,True,exchange_session,main_gap_excluded,765,0.5,0.5
FTSE100,5,equal,2020-03-02,NN-SV,True,exchange_session,main_gap_excluded,785,0.5,0.5
FTSE100,5,equal,2020-03-02,RV-NN-SV,True,exchange_session,main_gap_excluded,785,0.5,0.5
FTSE100,5,equal,2020-04-01,NN-SV,True,exchange_session,main_gap_excluded,807,0.5,0.5
FTSE100,5,equal,2020-04-01,RV-NN-SV,True,exchange_session,main_gap_excluded,807,0.5,0.5
FTSE100,5,equal,2020-05-01,NN-SV,True,exchange_session,main_gap_excluded,827,0.5,0.5
FTSE100,5,equal,2020-05-01,RV-NN-SV,True,exchange_session,main_gap_excluded,827,0.5,0.5
FTSE100,5,equal,2020-06-01,NN-SV,True,exchange_session,main_gap_excluded,846,0.5,0.5
FTSE100,5,equal,2020-06-01,RV-NN-SV,True,exchange_session,main_gap_excluded,846,0.5,0.5
FTSE100,5,equal,2020-07-01,NN-SV,True,exchange_session,main_gap_excluded,868,0.5,0.5
FTSE100,5,equal,2020-07-01,RV-NN-SV,True,exchange_session,main_gap_excluded,868,0.5,0.5
FTSE100,5,equal,2020-08-03,NN-SV,True,exchange_session,main_gap_excluded,891,0.5,0.5
FTSE100,5,equal,2020-08-03,RV-NN-SV,True,exchange_session,main_gap_excluded,891,0.5,0.5
FTSE100,5,equal,2020-09-01,NN-SV,True,exchange_session,main_gap_excluded,905,0.5,0.5
FTSE100,5,equal,2020-09-01,RV-NN-SV,True,exchange_session,main_gap_excluded,905,0.5,0.5
FTSE100,5,equal,2020-10-01,NN-SV,True,exchange_session,main_gap_excluded,927,0.5,0.5
FTSE100,5,equal,2020-10-01,RV-NN-SV,True,exchange_session,main_gap_excluded,927,0.5,0.5
FTSE100,5,equal,2020-11-02,NN-SV,True,exchange_session,main_gap_excluded,949,0.5,0.5
FTSE100,5,equal,2020-11-02,RV-NN-SV,True,exchange_session,main_gap_excluded,949,0.5,0.5
FTSE100,5,equal,2020-12-01,NN-SV,True,exchange_session,main_gap_excluded,970,0.5,0.5
FTSE100,5,equal,2020-12-01,RV-NN-SV,True,exchange_session,main_gap_excluded,970,0.5,0.5
FTSE100,5,equal,2021-01-04,NN-SV,True,exchange_session,main_gap_excluded,991,0.5,0.5
FTSE100,5,equal,2021-01-04,RV-NN-SV,True,exchange_session,main_gap_excluded,991,0.5,0.5
FTSE100,5,equal,2021-02-01,NN-SV,True,exchange_session,main_gap_excluded,1011,0.5,0.5
FTSE100,5,equal,2021-02-01,RV-NN-SV,True,exchange_session,main_gap_excluded,1011,0.5,0.5
FTSE100,5,equal,2021-03-01,NN-SV,True,exchange_session,main_gap_excluded,1031,0.5,0.5
FTSE100,5,equal,2021-03-01,RV-NN-SV,True,exchange_session,main_gap_excluded,1031,0.5,0.5
FTSE100,5,equal,2021-04-01,NN-SV,True,exchange_session,main_gap_excluded,1054,0.5,0.5
FTSE100,5,equal,2021-04-01,RV-NN-SV,True,exchange_session,main_gap_excluded,1054,0.5,0.5
FTSE100,5,equal,2021-05-04,NN-SV,True,exchange_session,main_gap_excluded,1074,0.5,0.5
FTSE100,5,equal,2021-05-04,RV-NN-SV,True,exchange_session,main_gap_excluded,1074,0.5,0.5
FTSE100,5,equal,2021-06-01,NN-SV,True,exchange_session,main_gap_excluded,1093,0.5,0.5
FTSE100,5,equal,2021-06-01,RV-NN-SV,True,exchange_session,main_gap_excluded,1093,0.5,0.5
FTSE100,5,equal,2021-07-01,NN-SV,True,exchange_session,main_gap_excluded,1115,0.5,0.5
FTSE100,5,equal,2021-07-01,RV-NN-SV,True,exchange_session,main_gap_excluded,1115,0.5,0.5
FTSE100,5,equal,2021-08-02,NN-SV,True,exchange_session,main_gap_excluded,1137,0.5,0.5
FTSE100,5,equal,2021-08-02,RV-NN-SV,True,exchange_session,main_gap_excluded,1137,0.5,0.5
FTSE100,5,equal,2021-09-01,NN-SV,True,exchange_session,main_gap_excluded,1158,0.5,0.5
FTSE100,5,equal,2021-09-01,RV-NN-SV,True,exchange_session,main_gap_excluded,1158,0.5,0.5
FTSE100,5,equal,2021-10-01,NN-SV,True,exchange_session,main_gap_excluded,1180,0.5,0.5
FTSE100,5,equal,2021-10-01,RV-NN-SV,True,exchange_session,main_gap_excluded,1180,0.5,0.5
FTSE100,5,equal,2021-11-01,NN-SV,True,exchange_session,main_gap_excluded,1195,0.5,0.5
FTSE100,5,equal,2021-11-01,RV-NN-SV,True,exchange_session,main_gap_excluded,1195,0.5,0.5
FTSE100,5,equal,2021-12-01,NN-SV,True,exchange_session,main_gap_excluded,1217,0.5,0.5
FTSE100,5,equal,2021-12-01,RV-NN-SV,True,exchange_session,main_gap_excluded,1217,0.5,0.5
FTSE100,5,equal,2022-01-04,NN-SV,True,exchange_session,main_gap_excluded,1238,0.5,0.5
FTSE100,5,equal,2022-01-04,RV-NN-SV,True,exchange_session,main_gap_excluded,1238,0.5,0.5
FTSE100,5,equal,2022-02-01,NN-SV,True,exchange_session,main_gap_excluded,1258,0.5,0.5
FTSE100,5,equal,2022-02-01,RV-NN-SV,True,exchange_session,main_gap_excluded,1258,0.5,0.5
FTSE100,5,qlike,2018-01-02,NN-SV,True,exchange_session,main_gap_excluded,247,5.551115123125783e-17,5.551115123125783e-17
FTSE100,5,qlike,2018-01-02,RV-NN-SV,True,exchange_session,main_gap_excluded,247,0.9999999999999999,0.9999999999999999
FTSE100,5,qlike,2018-02-01,NN-SV,True,exchange_session,main_gap_excluded,265,0.0,0.0
FTSE100,5,qlike,2018-02-01,RV-NN-SV,True,exchange_session,main_gap_excluded,265,1.0,1.0
FTSE100,5,qlike,2018-03-01,NN-SV,True,exchange_session,main_gap_excluded,285,0.0,0.0
FTSE100,5,qlike,2018-03-01,RV-NN-SV,True,exchange_session,main_gap_excluded,285,1.0,1.0
FTSE100,5,qlike,2018-04-03,NN-SV,True,exchange_session,main_gap_excluded,306,5.551115123125783e-17,5.551115123125783e-17
FTSE100,5,qlike,2018-04-03,RV-NN-SV,True,exchange_session,main_gap_excluded,306,1.0,1.0
FTSE100,5,qlike,2018-05-01,NN-SV,True,exchange_session,main_gap_excluded,326,0.0,0.0
FTSE100,5,qlike,2018-05-01,RV-NN-SV,True,exchange_session,main_gap_excluded,326,1.0,1.0
FTSE100,5,qlike,2018-06-01,NN-SV,True,exchange_session,main_gap_excluded,347,5.551115123125783e-17,5.551115123125783e-17
FTSE100,5,qlike,2018-06-01,RV-NN-SV,True,exchange_session,main_gap_excluded,347,1.0,1.0
FTSE100,5,qlike,2018-07-02,NN-SV,True,exchange_session,main_gap_excluded,368,5.551115123125783e-17,5.551115123125783e-17
FTSE100,5,qlike,2018-07-02,RV-NN-SV,True,exchange_session,main_gap_excluded,368,1.0,1.0
FTSE100,5,qlike,2018-08-01,NN-SV,True,exchange_session,main_gap_excluded,390,1.6653345369377346e-16,1.6653345369377348e-16
FTSE100,5,qlike,2018-08-01,RV-NN-SV,True,exchange_session,main_gap_excluded,390,0.9999999999999998,0.9999999999999999
FTSE100,5,qlike,2018-09-03,NN-SV,True,exchange_session,main_gap_excluded,412,0.0,0.0
FTSE100,5,qlike,2018-09-03,RV-NN-SV,True,exchange_session,main_gap_excluded,412,1.0,1.0
FTSE100,5,qlike,2018-10-01,NN-SV,True,exchange_session,main_gap_excluded,432,0.0,0.0
FTSE100,5,qlike,2018-10-01,RV-NN-SV,True,exchange_session,main_gap_excluded,432,1.0,1.0
FTSE100,5,qlike,2018-11-01,NN-SV,True,exchange_session,main_gap_excluded,455,2.220446049250313e-16,2.220446049250313e-16
FTSE100,5,qlike,2018-11-01,RV-NN-SV,True,exchange_session,main_gap_excluded,455,0.9999999999999999,0.9999999999999999
FTSE100,5,qlike,2018-12-03,NN-SV,True,exchange_session,main_gap_excluded,477,0.0,0.0
FTSE100,5,qlike,2018-12-03,RV-NN-SV,True,exchange_session,main_gap_excluded,477,1.0,1.0
FTSE100,5,qlike,2019-01-02,NN-SV,True,exchange_session,main_gap_excluded,496,0.0,0.0
FTSE100,5,qlike,2019-01-02,RV-NN-SV,True,exchange_session,main_gap_excluded,496,1.0,1.0
FTSE100,5,qlike,2019-02-01,NN-SV,True,exchange_session,main_gap_excluded,518,0.0,0.0
FTSE100,5,qlike,2019-02-01,RV-NN-SV,True,exchange_session,main_gap_excluded,518,1.0,1.0
FTSE100,5,qlike,2019-03-01,NN-SV,True,exchange_session,main_gap_excluded,538,1.1102230246251565e-16,1.1102230246251565e-16
FTSE100,5,qlike,2019-03-01,RV-NN-SV,True,exchange_session,main_gap_excluded,538,1.0,1.0
FTSE100,5,qlike,2019-04-01,NN-SV,True,exchange_session,main_gap_excluded,559,0.0,0.0
FTSE100,5,qlike,2019-04-01,RV-NN-SV,True,exchange_session,main_gap_excluded,559,1.0,1.0
FTSE100,5,qlike,2019-05-01,NN-SV,True,exchange_session,main_gap_excluded,579,0.0,0.0
FTSE100,5,qlike,2019-05-01,RV-NN-SV,True,exchange_session,main_gap_excluded,579,1.0,1.0
FTSE100,5,qlike,2019-06-03,NN-SV,True,exchange_session,main_gap_excluded,600,0.0,0.0
FTSE100,5,qlike,2019-06-03,RV-NN-SV,True,exchange_session,main_gap_excluded,600,1.0,1.0
FTSE100,5,qlike,2019-07-01,NN-SV,True,exchange_session,main_gap_excluded,620,5.551115123125783e-17,5.551115123125783e-17
FTSE100,5,qlike,2019-07-01,RV-NN-SV,True,exchange_session,main_gap_excluded,620,1.0,1.0
FTSE100,5,qlike,2019-08-01,NN-SV,True,exchange_session,main_gap_excluded,643,5.551115123125783e-17,5.551115123125783e-17
FTSE100,5,qlike,2019-08-01,RV-NN-SV,True,exchange_session,main_gap_excluded,643,1.0,1.0
FTSE100,5,qlike,2019-09-02,NN-SV,True,exchange_session,main_gap_excluded,664,1.6653345369377346e-16,1.6653345369377348e-16
FTSE100,5,qlike,2019-09-02,RV-NN-SV,True,exchange_session,main_gap_excluded,664,0.9999999999999998,0.9999999999999999
FTSE100,5,qlike,2019-10-01,NN-SV,True,exchange_session,main_gap_excluded,685,1.1102230246251565e-16,1.1102230246251565e-16
FTSE100,5,qlike,2019-10-01,RV-NN-SV,True,exchange_session,main_gap_excluded,685,0.9999999999999999,0.9999999999999999
FTSE100,5,qlike,2019-11-01,NN-SV,True,exchange_session,main_gap_excluded,708,0.0,0.0
FTSE100,5,qlike,2019-11-01,RV-NN-SV,True,exchange_session,main_gap_excluded,708,1.0,1.0
FTSE100,5,qlike,2019-12-02,NN-SV,True,exchange_session,main_gap_excluded,729,5.551115123125783e-17,5.551115123125783e-17
FTSE100,5,qlike,2019-12-02,RV-NN-SV,True,exchange_session,main_gap_excluded,729,1.0,1.0
FTSE100,5,qlike,2020-01-02,NN-SV,True,exchange_session,main_gap_excluded,749,0.0,0.0
FTSE100,5,qlike,2020-01-02,RV-NN-SV,True,exchange_session,main_gap_excluded,749,1.0,1.0
FTSE100,5,qlike,2020-02-03,NN-SV,True,exchange_session,main_gap_excluded,765,0.0,0.0
FTSE100,5,qlike,2020-02-03,RV-NN-SV,True,exchange_session,main_gap_excluded,765,1.0,1.0
FTSE100,5,qlike,2020-03-02,NN-SV,True,exchange_session,main_gap_excluded,785,1.1102230246251565e-16,1.1102230246251565e-16
FTSE100,5,qlike,2020-03-02,RV-NN-SV,True,exchange_session,main_gap_excluded,785,1.0,1.0
FTSE100,5,qlike,2020-04-01,NN-SV,True,exchange_session,main_gap_excluded,807,0.0,0.0
FTSE100,5,qlike,2020-04-01,RV-NN-SV,True,exchange_session,main_gap_excluded,807,1.0,1.0
FTSE100,5,qlike,2020-05-01,NN-SV,True,exchange_session,main_gap_excluded,827,1.52655665885959e-16,1.5265566588595902e-16
FTSE100,5,qlike,2020-05-01,RV-NN-SV,True,exchange_session,main_gap_excluded,827,0.9999999999999998,0.9999999999999999
FTSE100,5,qlike,2020-06-01,NN-SV,True,exchange_session,main_gap_excluded,846,0.0,0.0
FTSE100,5,qlike,2020-06-01,RV-NN-SV,True,exchange_session,main_gap_excluded,846,1.0,1.0
FTSE100,5,qlike,2020-07-01,NN-SV,True,exchange_session,main_gap_excluded,868,1.6653345369377346e-16,1.6653345369377348e-16
FTSE100,5,qlike,2020-07-01,RV-NN-SV,True,exchange_session,main_gap_excluded,868,0.9999999999999998,0.9999999999999999
FTSE100,5,qlike,2020-08-03,NN-SV,True,exchange_session,main_gap_excluded,891,0.0,0.0
FTSE100,5,qlike,2020-08-03,RV-NN-SV,True,exchange_session,main_gap_excluded,891,1.0,1.0
FTSE100,5,qlike,2020-09-01,NN-SV,True,exchange_session,main_gap_excluded,905,9.71445146547012e-17,9.71445146547012e-17
FTSE100,5,qlike,2020-09-01,RV-NN-SV,True,exchange_session,main_gap_excluded,905,1.0,1.0
FTSE100,5,qlike,2020-10-01,NN-SV,True,exchange_session,main_gap_excluded,927,2.7755575615628914e-17,2.7755575615628914e-17
FTSE100,5,qlike,2020-10-01,RV-NN-SV,True,exchange_session,main_gap_excluded,927,1.0,1.0
FTSE100,5,qlike,2020-11-02,NN-SV,True,exchange_session,main_gap_excluded,949,0.0,0.0
FTSE100,5,qlike,2020-11-02,RV-NN-SV,True,exchange_session,main_gap_excluded,949,1.0,1.0
FTSE100,5,qlike,2020-12-01,NN-SV,True,exchange_session,main_gap_excluded,970,1.5265566588595902e-16,1.5265566588595902e-16
FTSE100,5,qlike,2020-12-01,RV-NN-SV,True,exchange_session,main_gap_excluded,970,0.9999999999999999,0.9999999999999999
FTSE100,5,qlike,2021-01-04,NN-SV,True,exchange_session,main_gap_excluded,991,1.1102230246251565e-16,1.1102230246251565e-16
FTSE100,5,qlike,2021-01-04,RV-NN-SV,True,exchange_session,main_gap_excluded,991,0.9999999999999999,0.9999999999999999
FTSE100,5,qlike,2021-02-01,NN-SV,True,exchange_session,main_gap_excluded,1011,0.0,0.0
FTSE100,5,qlike,2021-02-01,RV-NN-SV,True,exchange_session,main_gap_excluded,1011,1.0,1.0
FTSE100,5,qlike,2021-03-01,NN-SV,True,exchange_session,main_gap_excluded,1031,0.0,0.0
FTSE100,5,qlike,2021-03-01,RV-NN-SV,True,exchange_session,main_gap_excluded,1031,1.0,1.0
FTSE100,5,qlike,2021-04-01,NN-SV,True,exchange_session,main_gap_excluded,1054,2.220446049250313e-16,2.220446049250313e-16
FTSE100,5,qlike,2021-04-01,RV-NN-SV,True,exchange_session,main_gap_excluded,1054,0.9999999999999999,0.9999999999999999
FTSE100,5,qlike,2021-05-04,NN-SV,True,exchange_session,main_gap_excluded,1074,5.551115123125783e-17,5.551115123125783e-17
FTSE100,5,qlike,2021-05-04,RV-NN-SV,True,exchange_session,main_gap_excluded,1074,1.0,1.0
FTSE100,5,qlike,2021-06-01,NN-SV,True,exchange_session,main_gap_excluded,1093,1.6653345369377348e-16,1.6653345369377348e-16
FTSE100,5,qlike,2021-06-01,RV-NN-SV,True,exchange_session,main_gap_excluded,1093,0.9999999999999999,0.9999999999999999
FTSE100,5,qlike,2021-07-01,NN-SV,True,exchange_session,main_gap_excluded,1115,5.551115123125783e-17,5.551115123125783e-17
FTSE100,5,qlike,2021-07-01,RV-NN-SV,True,exchange_session,main_gap_excluded,1115,0.9999999999999999,0.9999999999999999
FTSE100,5,qlike,2021-08-02,NN-SV,True,exchange_session,main_gap_excluded,1137,0.0,0.0
FTSE100,5,qlike,2021-08-02,RV-NN-SV,True,exchange_session,main_gap_excluded,1137,1.0,1.0
FTSE100,5,qlike,2021-09-01,NN-SV,True,exchange_session,main_gap_excluded,1158,5.551115123125783e-17,5.551115123125783e-17
FTSE100,5,qlike,2021-09-01,RV-NN-SV,True,exchange_session,main_gap_excluded,1158,1.0,1.0
FTSE100,5,qlike,2021-10-01,NN-SV,True,exchange_session,main_gap_excluded,1180,0.0,0.0
FTSE100,5,qlike,2021-10-01,RV-NN-SV,True,exchange_session,main_gap_excluded,1180,1.0,1.0
FTSE100,5,qlike,2021-11-01,NN-SV,True,exchange_session,main_gap_excluded,1195,0.0,0.0
FTSE100,5,qlike,2021-11-01,RV-NN-SV,True,exchange_session,main_gap_excluded,1195,1.0,1.0
FTSE100,5,qlike,2021-12-01,NN-SV,True,exchange_session,main_gap_excluded,1217,1.1102230246251565e-16,1.1102230246251565e-16
FTSE100,5,qlike,2021-12-01,RV-NN-SV,True,exchange_session,main_gap_excluded,1217,1.0,1.0
FTSE100,5,qlike,2022-01-04,NN-SV,True,exchange_session,main_gap_excluded,1238,0.0,0.0
FTSE100,5,qlike,2022-01-04,RV-NN-SV,True,exchange_session,main_gap_excluded,1238,1.0,1.0
FTSE100,5,qlike,2022-02-01,NN-SV,True,exchange_session,main_gap_excluded,1258,0.0,0.0
FTSE100,5,qlike,2022-02-01,RV-NN-SV,True,exchange_session,main_gap_excluded,1258,1.0,1.0
FTSE100,10,equal,2018-01-02,NN-SV,True,exchange_session,main_gap_excluded,242,0.5,0.5
FTSE100,10,equal,2018-01-02,RV-NN-SV,True,exchange_session,main_gap_excluded,242,0.5,0.5
FTSE100,10,equal,2018-02-01,NN-SV,True,exchange_session,main_gap_excluded,255,0.5,0.5
FTSE100,10,equal,2018-02-01,RV-NN-SV,True,exchange_session,main_gap_excluded,255,0.5,0.5
FTSE100,10,equal,2018-03-01,NN-SV,True,exchange_session,main_gap_excluded,275,0.5,0.5
FTSE100,10,equal,2018-03-01,RV-NN-SV,True,exchange_session,main_gap_excluded,275,0.5,0.5
FTSE100,10,equal,2018-04-03,NN-SV,True,exchange_session,main_gap_excluded,296,0.5,0.5
FTSE100,10,equal,2018-04-03,RV-NN-SV,True,exchange_session,main_gap_excluded,296,0.5,0.5
FTSE100,10,equal,2018-05-01,NN-SV,True,exchange_session,main_gap_excluded,316,0.5,0.5
FTSE100,10,equal,2018-05-01,RV-NN-SV,True,exchange_session,main_gap_excluded,316,0.5,0.5
FTSE100,10,equal,2018-06-01,NN-SV,True,exchange_session,main_gap_excluded,337,0.5,0.5
FTSE100,10,equal,2018-06-01,RV-NN-SV,True,exchange_session,main_gap_excluded,337,0.5,0.5
FTSE100,10,equal,2018-07-02,NN-SV,True,exchange_session,main_gap_excluded,358,0.5,0.5
FTSE100,10,equal,2018-07-02,RV-NN-SV,True,exchange_session,main_gap_excluded,358,0.5,0.5
FTSE100,10,equal,2018-08-01,NN-SV,True,exchange_session,main_gap_excluded,380,0.5,0.5
FTSE100,10,equal,2018-08-01,RV-NN-SV,True,exchange_session,main_gap_excluded,380,0.5,0.5
FTSE100,10,equal,2018-09-03,NN-SV,True,exchange_session,main_gap_excluded,402,0.5,0.5
FTSE100,10,equal,2018-09-03,RV-NN-SV,True,exchange_session,main_gap_excluded,402,0.5,0.5
FTSE100,10,equal,2018-10-01,NN-SV,True,exchange_session,main_gap_excluded,422,0.5,0.5
FTSE100,10,equal,2018-10-01,RV-NN-SV,True,exchange_session,main_gap_excluded,422,0.5,0.5
FTSE100,10,equal,2018-11-01,NN-SV,True,exchange_session,main_gap_excluded,445,0.5,0.5
FTSE100,10,equal,2018-11-01,RV-NN-SV,True,exchange_session,main_gap_excluded,445,0.5,0.5
FTSE100,10,equal,2018-12-03,NN-SV,True,exchange_session,main_gap_excluded,467,0.5,0.5
FTSE100,10,equal,2018-12-03,RV-NN-SV,True,exchange_session,main_gap_excluded,467,0.5,0.5
FTSE100,10,equal,2019-01-02,NN-SV,True,exchange_session,main_gap_excluded,486,0.5,0.5
FTSE100,10,equal,2019-01-02,RV-NN-SV,True,exchange_session,main_gap_excluded,486,0.5,0.5
FTSE100,10,equal,2019-02-01,NN-SV,True,exchange_session,main_gap_excluded,508,0.5,0.5
FTSE100,10,equal,2019-02-01,RV-NN-SV,True,exchange_session,main_gap_excluded,508,0.5,0.5
FTSE100,10,equal,2019-03-01,NN-SV,True,exchange_session,main_gap_excluded,528,0.5,0.5
FTSE100,10,equal,2019-03-01,RV-NN-SV,True,exchange_session,main_gap_excluded,528,0.5,0.5
FTSE100,10,equal,2019-04-01,NN-SV,True,exchange_session,main_gap_excluded,549,0.5,0.5
FTSE100,10,equal,2019-04-01,RV-NN-SV,True,exchange_session,main_gap_excluded,549,0.5,0.5
FTSE100,10,equal,2019-05-01,NN-SV,True,exchange_session,main_gap_excluded,569,0.5,0.5
FTSE100,10,equal,2019-05-01,RV-NN-SV,True,exchange_session,main_gap_excluded,569,0.5,0.5
FTSE100,10,equal,2019-06-03,NN-SV,True,exchange_session,main_gap_excluded,590,0.5,0.5
FTSE100,10,equal,2019-06-03,RV-NN-SV,True,exchange_session,main_gap_excluded,590,0.5,0.5
FTSE100,10,equal,2019-07-01,NN-SV,True,exchange_session,main_gap_excluded,610,0.5,0.5
FTSE100,10,equal,2019-07-01,RV-NN-SV,True,exchange_session,main_gap_excluded,610,0.5,0.5
FTSE100,10,equal,2019-08-01,NN-SV,True,exchange_session,main_gap_excluded,633,0.5,0.5
FTSE100,10,equal,2019-08-01,RV-NN-SV,True,exchange_session,main_gap_excluded,633,0.5,0.5
FTSE100,10,equal,2019-09-02,NN-SV,True,exchange_session,main_gap_excluded,654,0.5,0.5
FTSE100,10,equal,2019-09-02,RV-NN-SV,True,exchange_session,main_gap_excluded,654,0.5,0.5
FTSE100,10,equal,2019-10-01,NN-SV,True,exchange_session,main_gap_excluded,675,0.5,0.5
FTSE100,10,equal,2019-10-01,RV-NN-SV,True,exchange_session,main_gap_excluded,675,0.5,0.5
FTSE100,10,equal,2019-11-01,NN-SV,True,exchange_session,main_gap_excluded,698,0.5,0.5
FTSE100,10,equal,2019-11-01,RV-NN-SV,True,exchange_session,main_gap_excluded,698,0.5,0.5
FTSE100,10,equal,2019-12-02,NN-SV,True,exchange_session,main_gap_excluded,719,0.5,0.5
FTSE100,10,equal,2019-12-02,RV-NN-SV,True,exchange_session,main_gap_excluded,719,0.5,0.5
FTSE100,10,equal,2020-01-02,NN-SV,True,exchange_session,main_gap_excluded,739,0.5,0.5
FTSE100,10,equal,2020-01-02,RV-NN-SV,True,exchange_session,main_gap_excluded,739,0.5,0.5
FTSE100,10,equal,2020-02-03,NN-SV,True,exchange_session,main_gap_excluded,750,0.5,0.5
FTSE100,10,equal,2020-02-03,RV-NN-SV,True,exchange_session,main_gap_excluded,750,0.5,0.5
FTSE100,10,equal,2020-03-02,NN-SV,True,exchange_session,main_gap_excluded,770,0.5,0.5
FTSE100,10,equal,2020-03-02,RV-NN-SV,True,exchange_session,main_gap_excluded,770,0.5,0.5
FTSE100,10,equal,2020-04-01,NN-SV,True,exchange_session,main_gap_excluded,792,0.5,0.5
FTSE100,10,equal,2020-04-01,RV-NN-SV,True,exchange_session,main_gap_excluded,792,0.5,0.5
FTSE100,10,equal,2020-05-01,NN-SV,True,exchange_session,main_gap_excluded,812,0.5,0.5
FTSE100,10,equal,2020-05-01,RV-NN-SV,True,exchange_session,main_gap_excluded,812,0.5,0.5
FTSE100,10,equal,2020-06-01,NN-SV,True,exchange_session,main_gap_excluded,831,0.5,0.5
FTSE100,10,equal,2020-06-01,RV-NN-SV,True,exchange_session,main_gap_excluded,831,0.5,0.5
FTSE100,10,equal,2020-07-01,NN-SV,True,exchange_session,main_gap_excluded,853,0.5,0.5
FTSE100,10,equal,2020-07-01,RV-NN-SV,True,exchange_session,main_gap_excluded,853,0.5,0.5
FTSE100,10,equal,2020-08-03,NN-SV,True,exchange_session,main_gap_excluded,876,0.5,0.5
FTSE100,10,equal,2020-08-03,RV-NN-SV,True,exchange_session,main_gap_excluded,876,0.5,0.5
FTSE100,10,equal,2020-09-01,NN-SV,True,exchange_session,main_gap_excluded,885,0.5,0.5
FTSE100,10,equal,2020-09-01,RV-NN-SV,True,exchange_session,main_gap_excluded,885,0.5,0.5
FTSE100,10,equal,2020-10-01,NN-SV,True,exchange_session,main_gap_excluded,907,0.5,0.5
FTSE100,10,equal,2020-10-01,RV-NN-SV,True,exchange_session,main_gap_excluded,907,0.5,0.5
FTSE100,10,equal,2020-11-02,NN-SV,True,exchange_session,main_gap_excluded,929,0.5,0.5
FTSE100,10,equal,2020-11-02,RV-NN-SV,True,exchange_session,main_gap_excluded,929,0.5,0.5
FTSE100,10,equal,2020-12-01,NN-SV,True,exchange_session,main_gap_excluded,950,0.5,0.5
FTSE100,10,equal,2020-12-01,RV-NN-SV,True,exchange_session,main_gap_excluded,950,0.5,0.5
FTSE100,10,equal,2021-01-04,NN-SV,True,exchange_session,main_gap_excluded,971,0.5,0.5
FTSE100,10,equal,2021-01-04,RV-NN-SV,True,exchange_session,main_gap_excluded,971,0.5,0.5
FTSE100,10,equal,2021-02-01,NN-SV,True,exchange_session,main_gap_excluded,991,0.5,0.5
FTSE100,10,equal,2021-02-01,RV-NN-SV,True,exchange_session,main_gap_excluded,991,0.5,0.5
FTSE100,10,equal,2021-03-01,NN-SV,True,exchange_session,main_gap_excluded,1011,0.5,0.5
FTSE100,10,equal,2021-03-01,RV-NN-SV,True,exchange_session,main_gap_excluded,1011,0.5,0.5
FTSE100,10,equal,2021-04-01,NN-SV,True,exchange_session,main_gap_excluded,1034,0.5,0.5
FTSE100,10,equal,2021-04-01,RV-NN-SV,True,exchange_session,main_gap_excluded,1034,0.5,0.5
FTSE100,10,equal,2021-05-04,NN-SV,True,exchange_session,main_gap_excluded,1054,0.5,0.5
FTSE100,10,equal,2021-05-04,RV-NN-SV,True,exchange_session,main_gap_excluded,1054,0.5,0.5
FTSE100,10,equal,2021-06-01,NN-SV,True,exchange_session,main_gap_excluded,1073,0.5,0.5
FTSE100,10,equal,2021-06-01,RV-NN-SV,True,exchange_session,main_gap_excluded,1073,0.5,0.5
FTSE100,10,equal,2021-07-01,NN-SV,True,exchange_session,main_gap_excluded,1095,0.5,0.5
FTSE100,10,equal,2021-07-01,RV-NN-SV,True,exchange_session,main_gap_excluded,1095,0.5,0.5
FTSE100,10,equal,2021-08-02,NN-SV,True,exchange_session,main_gap_excluded,1117,0.5,0.5
FTSE100,10,equal,2021-08-02,RV-NN-SV,True,exchange_session,main_gap_excluded,1117,0.5,0.5
FTSE100,10,equal,2021-09-01,NN-SV,True,exchange_session,main_gap_excluded,1138,0.5,0.5
FTSE100,10,equal,2021-09-01,RV-NN-SV,True,exchange_session,main_gap_excluded,1138,0.5,0.5
FTSE100,10,equal,2021-10-01,NN-SV,True,exchange_session,main_gap_excluded,1160,0.5,0.5
FTSE100,10,equal,2021-10-01,RV-NN-SV,True,exchange_session,main_gap_excluded,1160,0.5,0.5
FTSE100,10,equal,2021-11-01,NN-SV,True,exchange_session,main_gap_excluded,1170,0.5,0.5
FTSE100,10,equal,2021-11-01,RV-NN-SV,True,exchange_session,main_gap_excluded,1170,0.5,0.5
FTSE100,10,equal,2021-12-01,NN-SV,True,exchange_session,main_gap_excluded,1192,0.5,0.5
FTSE100,10,equal,2021-12-01,RV-NN-SV,True,exchange_session,main_gap_excluded,1192,0.5,0.5
FTSE100,10,equal,2022-01-04,NN-SV,True,exchange_session,main_gap_excluded,1213,0.5,0.5
FTSE100,10,equal,2022-01-04,RV-NN-SV,True,exchange_session,main_gap_excluded,1213,0.5,0.5
FTSE100,10,equal,2022-02-01,NN-SV,True,exchange_session,main_gap_excluded,1233,0.5,0.5
FTSE100,10,equal,2022-02-01,RV-NN-SV,True,exchange_session,main_gap_excluded,1233,0.5,0.5
FTSE100,10,qlike,2018-01-02,NN-SV,True,exchange_session,main_gap_excluded,242,0.0,0.0
FTSE100,10,qlike,2018-01-02,RV-NN-SV,True,exchange_session,main_gap_excluded,242,1.0,1.0
FTSE100,10,qlike,2018-02-01,NN-SV,True,exchange_session,main_gap_excluded,255,5.551115123125783e-17,5.551115123125783e-17
FTSE100,10,qlike,2018-02-01,RV-NN-SV,True,exchange_session,main_gap_excluded,255,0.9999999999999999,0.9999999999999999
FTSE100,10,qlike,2018-03-01,NN-SV,True,exchange_session,main_gap_excluded,275,0.0,0.0
FTSE100,10,qlike,2018-03-01,RV-NN-SV,True,exchange_session,main_gap_excluded,275,1.0,1.0
FTSE100,10,qlike,2018-04-03,NN-SV,True,exchange_session,main_gap_excluded,296,0.0,0.0
FTSE100,10,qlike,2018-04-03,RV-NN-SV,True,exchange_session,main_gap_excluded,296,1.0,1.0
FTSE100,10,qlike,2018-05-01,NN-SV,True,exchange_session,main_gap_excluded,316,5.551115123125783e-17,5.551115123125783e-17
FTSE100,10,qlike,2018-05-01,RV-NN-SV,True,exchange_session,main_gap_excluded,316,1.0,1.0
FTSE100,10,qlike,2018-06-01,NN-SV,True,exchange_session,main_gap_excluded,337,1.1102230246251565e-16,1.1102230246251565e-16
FTSE100,10,qlike,2018-06-01,RV-NN-SV,True,exchange_session,main_gap_excluded,337,1.0,1.0
FTSE100,10,qlike,2018-07-02,NN-SV,True,exchange_session,main_gap_excluded,358,0.0,0.0
FTSE100,10,qlike,2018-07-02,RV-NN-SV,True,exchange_session,main_gap_excluded,358,1.0,1.0
FTSE100,10,qlike,2018-08-01,NN-SV,True,exchange_session,main_gap_excluded,380,0.0,0.0
FTSE100,10,qlike,2018-08-01,RV-NN-SV,True,exchange_session,main_gap_excluded,380,1.0,1.0
FTSE100,10,qlike,2018-09-03,NN-SV,True,exchange_session,main_gap_excluded,402,0.0,0.0
FTSE100,10,qlike,2018-09-03,RV-NN-SV,True,exchange_session,main_gap_excluded,402,1.0,1.0
FTSE100,10,qlike,2018-10-01,NN-SV,True,exchange_session,main_gap_excluded,422,0.0,0.0
FTSE100,10,qlike,2018-10-01,RV-NN-SV,True,exchange_session,main_gap_excluded,422,1.0,1.0
FTSE100,10,qlike,2018-11-01,NN-SV,True,exchange_session,main_gap_excluded,445,1.6653345369377348e-16,1.6653345369377348e-16
FTSE100,10,qlike,2018-11-01,RV-NN-SV,True,exchange_session,main_gap_excluded,445,0.9999999999999998,0.9999999999999998
FTSE100,10,qlike,2018-12-03,NN-SV,True,exchange_session,main_gap_excluded,467,5.551115123125783e-17,5.551115123125783e-17
FTSE100,10,qlike,2018-12-03,RV-NN-SV,True,exchange_session,main_gap_excluded,467,1.0,1.0
FTSE100,10,qlike,2019-01-02,NN-SV,True,exchange_session,main_gap_excluded,486,5.551115123125783e-17,5.551115123125783e-17
FTSE100,10,qlike,2019-01-02,RV-NN-SV,True,exchange_session,main_gap_excluded,486,0.9999999999999999,0.9999999999999999
FTSE100,10,qlike,2019-02-01,NN-SV,True,exchange_session,main_gap_excluded,508,0.0,0.0
FTSE100,10,qlike,2019-02-01,RV-NN-SV,True,exchange_session,main_gap_excluded,508,1.0,1.0
FTSE100,10,qlike,2019-03-01,NN-SV,True,exchange_session,main_gap_excluded,528,0.0,0.0
FTSE100,10,qlike,2019-03-01,RV-NN-SV,True,exchange_session,main_gap_excluded,528,1.0,1.0
FTSE100,10,qlike,2019-04-01,NN-SV,True,exchange_session,main_gap_excluded,549,0.0,0.0
FTSE100,10,qlike,2019-04-01,RV-NN-SV,True,exchange_session,main_gap_excluded,549,1.0,1.0
FTSE100,10,qlike,2019-05-01,NN-SV,True,exchange_session,main_gap_excluded,569,0.0,0.0
FTSE100,10,qlike,2019-05-01,RV-NN-SV,True,exchange_session,main_gap_excluded,569,1.0,1.0
FTSE100,10,qlike,2019-06-03,NN-SV,True,exchange_session,main_gap_excluded,590,5.551115123125783e-17,5.551115123125783e-17
FTSE100,10,qlike,2019-06-03,RV-NN-SV,True,exchange_session,main_gap_excluded,590,1.0,1.0
FTSE100,10,qlike,2019-07-01,NN-SV,True,exchange_session,main_gap_excluded,610,1.6653345369377346e-16,1.6653345369377348e-16
FTSE100,10,qlike,2019-07-01,RV-NN-SV,True,exchange_session,main_gap_excluded,610,0.9999999999999998,0.9999999999999999
FTSE100,10,qlike,2019-08-01,NN-SV,True,exchange_session,main_gap_excluded,633,0.0,0.0
FTSE100,10,qlike,2019-08-01,RV-NN-SV,True,exchange_session,main_gap_excluded,633,1.0,1.0
FTSE100,10,qlike,2019-09-02,NN-SV,True,exchange_session,main_gap_excluded,654,1.1102230246251565e-16,1.1102230246251565e-16
FTSE100,10,qlike,2019-09-02,RV-NN-SV,True,exchange_session,main_gap_excluded,654,0.9999999999999999,0.9999999999999999
FTSE100,10,qlike,2019-10-01,NN-SV,True,exchange_session,main_gap_excluded,675,0.0,0.0
FTSE100,10,qlike,2019-10-01,RV-NN-SV,True,exchange_session,main_gap_excluded,675,1.0,1.0
FTSE100,10,qlike,2019-11-01,NN-SV,True,exchange_session,main_gap_excluded,698,0.0,0.0
FTSE100,10,qlike,2019-11-01,RV-NN-SV,True,exchange_session,main_gap_excluded,698,1.0,1.0
FTSE100,10,qlike,2019-12-02,NN-SV,True,exchange_session,main_gap_excluded,719,1.6653345369377348e-16,1.6653345369377348e-16
FTSE100,10,qlike,2019-12-02,RV-NN-SV,True,exchange_session,main_gap_excluded,719,0.9999999999999999,0.9999999999999999
FTSE100,10,qlike,2020-01-02,NN-SV,True,exchange_session,main_gap_excluded,739,0.0,0.0
FTSE100,10,qlike,2020-01-02,RV-NN-SV,True,exchange_session,main_gap_excluded,739,1.0,1.0
FTSE100,10,qlike,2020-02-03,NN-SV,True,exchange_session,main_gap_excluded,750,0.0,0.0
FTSE100,10,qlike,2020-02-03,RV-NN-SV,True,exchange_session,main_gap_excluded,750,1.0,1.0
FTSE100,10,qlike,2020-03-02,NN-SV,True,exchange_session,main_gap_excluded,770,1.6653345369377348e-16,1.6653345369377348e-16
FTSE100,10,qlike,2020-03-02,RV-NN-SV,True,exchange_session,main_gap_excluded,770,0.9999999999999999,0.9999999999999999
FTSE100,10,qlike,2020-04-01,NN-SV,True,exchange_session,main_gap_excluded,792,0.1543628740225853,0.15436287402258533
FTSE100,10,qlike,2020-04-01,RV-NN-SV,True,exchange_session,main_gap_excluded,792,0.8456371259774146,0.8456371259774147
FTSE100,10,qlike,2020-05-01,NN-SV,True,exchange_session,main_gap_excluded,812,0.0,0.0
FTSE100,10,qlike,2020-05-01,RV-NN-SV,True,exchange_session,main_gap_excluded,812,1.0,1.0
FTSE100,10,qlike,2020-06-01,NN-SV,True,exchange_session,main_gap_excluded,831,2.7755575615628914e-17,2.7755575615628914e-17
FTSE100,10,qlike,2020-06-01,RV-NN-SV,True,exchange_session,main_gap_excluded,831,1.0,1.0
FTSE100,10,qlike,2020-07-01,NN-SV,True,exchange_session,main_gap_excluded,853,8.326672684688674e-17,8.326672684688674e-17
FTSE100,10,qlike,2020-07-01,RV-NN-SV,True,exchange_session,main_gap_excluded,853,1.0,1.0
FTSE100,10,qlike,2020-08-03,NN-SV,True,exchange_session,main_gap_excluded,876,0.0,0.0
FTSE100,10,qlike,2020-08-03,RV-NN-SV,True,exchange_session,main_gap_excluded,876,1.0,1.0
FTSE100,10,qlike,2020-09-01,NN-SV,True,exchange_session,main_gap_excluded,885,0.0,0.0
FTSE100,10,qlike,2020-09-01,RV-NN-SV,True,exchange_session,main_gap_excluded,885,1.0,1.0
FTSE100,10,qlike,2020-10-01,NN-SV,True,exchange_session,main_gap_excluded,907,5.551115123125783e-17,5.551115123125783e-17
FTSE100,10,qlike,2020-10-01,RV-NN-SV,True,exchange_session,main_gap_excluded,907,1.0,1.0
FTSE100,10,qlike,2020-11-02,NN-SV,True,exchange_session,main_gap_excluded,929,0.0,0.0
FTSE100,10,qlike,2020-11-02,RV-NN-SV,True,exchange_session,main_gap_excluded,929,1.0,1.0
FTSE100,10,qlike,2020-12-01,NN-SV,True,exchange_session,main_gap_excluded,950,2.7755575615628914e-17,2.7755575615628914e-17
FTSE100,10,qlike,2020-12-01,RV-NN-SV,True,exchange_session,main_gap_excluded,950,1.0,1.0
FTSE100,10,qlike,2021-01-04,NN-SV,True,exchange_session,main_gap_excluded,971,0.0,0.0
FTSE100,10,qlike,2021-01-04,RV-NN-SV,True,exchange_session,main_gap_excluded,971,1.0,1.0
FTSE100,10,qlike,2021-02-01,NN-SV,True,exchange_session,main_gap_excluded,991,1.1102230246251565e-16,1.1102230246251565e-16
FTSE100,10,qlike,2021-02-01,RV-NN-SV,True,exchange_session,main_gap_excluded,991,0.9999999999999999,0.9999999999999999
FTSE100,10,qlike,2021-03-01,NN-SV,True,exchange_session,main_gap_excluded,1011,0.0,0.0
FTSE100,10,qlike,2021-03-01,RV-NN-SV,True,exchange_session,main_gap_excluded,1011,1.0,1.0
FTSE100,10,qlike,2021-04-01,NN-SV,True,exchange_session,main_gap_excluded,1034,5.551115123125783e-17,5.551115123125783e-17
FTSE100,10,qlike,2021-04-01,RV-NN-SV,True,exchange_session,main_gap_excluded,1034,1.0,1.0
FTSE100,10,qlike,2021-05-04,NN-SV,True,exchange_session,main_gap_excluded,1054,2.220446049250313e-16,2.220446049250313e-16
FTSE100,10,qlike,2021-05-04,RV-NN-SV,True,exchange_session,main_gap_excluded,1054,0.9999999999999999,0.9999999999999999
FTSE100,10,qlike,2021-06-01,NN-SV,True,exchange_session,main_gap_excluded,1073,0.0,0.0
FTSE100,10,qlike,2021-06-01,RV-NN-SV,True,exchange_session,main_gap_excluded,1073,1.0,1.0
FTSE100,10,qlike,2021-07-01,NN-SV,True,exchange_session,main_gap_excluded,1095,2.2204460492503126e-16,2.2204460492503126e-16
FTSE100,10,qlike,2021-07-01,RV-NN-SV,True,exchange_session,main_gap_excluded,1095,0.9999999999999998,0.9999999999999998
FTSE100,10,qlike,2021-08-02,NN-SV,True,exchange_session,main_gap_excluded,1117,0.0,0.0
FTSE100,10,qlike,2021-08-02,RV-NN-SV,True,exchange_session,main_gap_excluded,1117,1.0,1.0
FTSE100,10,qlike,2021-09-01,NN-SV,True,exchange_session,main_gap_excluded,1138,0.0,0.0
FTSE100,10,qlike,2021-09-01,RV-NN-SV,True,exchange_session,main_gap_excluded,1138,1.0,1.0
FTSE100,10,qlike,2021-10-01,NN-SV,True,exchange_session,main_gap_excluded,1160,5.551115123125783e-17,5.551115123125783e-17
FTSE100,10,qlike,2021-10-01,RV-NN-SV,True,exchange_session,main_gap_excluded,1160,1.0,1.0
FTSE100,10,qlike,2021-11-01,NN-SV,True,exchange_session,main_gap_excluded,1170,0.0,0.0
FTSE100,10,qlike,2021-11-01,RV-NN-SV,True,exchange_session,main_gap_excluded,1170,1.0,1.0
FTSE100,10,qlike,2021-12-01,NN-SV,True,exchange_session,main_gap_excluded,1192,5.551115123125783e-17,5.551115123125783e-17
FTSE100,10,qlike,2021-12-01,RV-NN-SV,True,exchange_session,main_gap_excluded,1192,1.0,1.0
FTSE100,10,qlike,2022-01-04,NN-SV,True,exchange_session,main_gap_excluded,1213,5.551115123125783e-17,5.551115123125783e-17
FTSE100,10,qlike,2022-01-04,RV-NN-SV,True,exchange_session,main_gap_excluded,1213,1.0,1.0
FTSE100,10,qlike,2022-02-01,NN-SV,True,exchange_session,main_gap_excluded,1233,0.0,0.0
FTSE100,10,qlike,2022-02-01,RV-NN-SV,True,exchange_session,main_gap_excluded,1233,1.0,1.0
DAX,1,equal,2018-01-02,NN-SV,True,exchange_session,main_gap_excluded,251,0.5,0.5
DAX,1,equal,2018-01-02,RV-NN-SV,True,exchange_session,main_gap_excluded,251,0.5,0.5
DAX,1,equal,2018-02-01,NN-SV,True,exchange_session,main_gap_excluded,273,0.5,0.5
DAX,1,equal,2018-02-01,RV-NN-SV,True,exchange_session,main_gap_excluded,273,0.5,0.5
DAX,1,equal,2018-03-01,NN-SV,True,exchange_session,main_gap_excluded,293,0.5,0.5
DAX,1,equal,2018-03-01,RV-NN-SV,True,exchange_session,main_gap_excluded,293,0.5,0.5
DAX,1,equal,2018-04-03,NN-SV,True,exchange_session,main_gap_excluded,314,0.5,0.5
DAX,1,equal,2018-04-03,RV-NN-SV,True,exchange_session,main_gap_excluded,314,0.5,0.5
DAX,1,equal,2018-05-02,NN-SV,True,exchange_session,main_gap_excluded,334,0.5,0.5
DAX,1,equal,2018-05-02,RV-NN-SV,True,exchange_session,main_gap_excluded,334,0.5,0.5
DAX,1,equal,2018-06-01,NN-SV,True,exchange_session,main_gap_excluded,355,0.5,0.5
DAX,1,equal,2018-06-01,RV-NN-SV,True,exchange_session,main_gap_excluded,355,0.5,0.5
DAX,1,equal,2018-07-02,NN-SV,True,exchange_session,main_gap_excluded,376,0.5,0.5
DAX,1,equal,2018-07-02,RV-NN-SV,True,exchange_session,main_gap_excluded,376,0.5,0.5
DAX,1,equal,2018-08-01,NN-SV,True,exchange_session,main_gap_excluded,398,0.5,0.5
DAX,1,equal,2018-08-01,RV-NN-SV,True,exchange_session,main_gap_excluded,398,0.5,0.5
DAX,1,equal,2018-09-03,NN-SV,True,exchange_session,main_gap_excluded,421,0.5,0.5
DAX,1,equal,2018-09-03,RV-NN-SV,True,exchange_session,main_gap_excluded,421,0.5,0.5
DAX,1,equal,2018-10-01,NN-SV,True,exchange_session,main_gap_excluded,441,0.5,0.5
DAX,1,equal,2018-10-01,RV-NN-SV,True,exchange_session,main_gap_excluded,441,0.5,0.5
DAX,1,equal,2018-11-01,NN-SV,True,exchange_session,main_gap_excluded,463,0.5,0.5
DAX,1,equal,2018-11-01,RV-NN-SV,True,exchange_session,main_gap_excluded,463,0.5,0.5
DAX,1,equal,2018-12-03,NN-SV,True,exchange_session,main_gap_excluded,485,0.5,0.5
DAX,1,equal,2018-12-03,RV-NN-SV,True,exchange_session,main_gap_excluded,485,0.5,0.5
DAX,1,equal,2019-01-02,NN-SV,True,exchange_session,main_gap_excluded,502,0.5,0.5
DAX,1,equal,2019-01-02,RV-NN-SV,True,exchange_session,main_gap_excluded,502,0.5,0.5
DAX,1,equal,2019-02-01,NN-SV,True,exchange_session,main_gap_excluded,524,0.5,0.5
DAX,1,equal,2019-02-01,RV-NN-SV,True,exchange_session,main_gap_excluded,524,0.5,0.5
DAX,1,equal,2019-03-01,NN-SV,True,exchange_session,main_gap_excluded,544,0.5,0.5
DAX,1,equal,2019-03-01,RV-NN-SV,True,exchange_session,main_gap_excluded,544,0.5,0.5
DAX,1,equal,2019-04-01,NN-SV,True,exchange_session,main_gap_excluded,565,0.5,0.5
DAX,1,equal,2019-04-01,RV-NN-SV,True,exchange_session,main_gap_excluded,565,0.5,0.5
DAX,1,equal,2019-05-02,NN-SV,True,exchange_session,main_gap_excluded,583,0.5,0.5
DAX,1,equal,2019-05-02,RV-NN-SV,True,exchange_session,main_gap_excluded,583,0.5,0.5
DAX,1,equal,2019-06-03,NN-SV,True,exchange_session,main_gap_excluded,605,0.5,0.5
DAX,1,equal,2019-06-03,RV-NN-SV,True,exchange_session,main_gap_excluded,605,0.5,0.5
DAX,1,equal,2019-07-01,NN-SV,True,exchange_session,main_gap_excluded,624,0.5,0.5
DAX,1,equal,2019-07-01,RV-NN-SV,True,exchange_session,main_gap_excluded,624,0.5,0.5
DAX,1,equal,2019-08-01,NN-SV,True,exchange_session,main_gap_excluded,647,0.5,0.5
DAX,1,equal,2019-08-01,RV-NN-SV,True,exchange_session,main_gap_excluded,647,0.5,0.5
DAX,1,equal,2019-09-02,NN-SV,True,exchange_session,main_gap_excluded,669,0.5,0.5
DAX,1,equal,2019-09-02,RV-NN-SV,True,exchange_session,main_gap_excluded,669,0.5,0.5
DAX,1,equal,2019-10-01,NN-SV,True,exchange_session,main_gap_excluded,690,0.5,0.5
DAX,1,equal,2019-10-01,RV-NN-SV,True,exchange_session,main_gap_excluded,690,0.5,0.5
DAX,1,equal,2019-11-01,NN-SV,True,exchange_session,main_gap_excluded,712,0.5,0.5
DAX,1,equal,2019-11-01,RV-NN-SV,True,exchange_session,main_gap_excluded,712,0.5,0.5
DAX,1,equal,2019-12-02,NN-SV,True,exchange_session,main_gap_excluded,733,0.5,0.5
DAX,1,equal,2019-12-02,RV-NN-SV,True,exchange_session,main_gap_excluded,733,0.5,0.5
DAX,1,equal,2020-01-02,NN-SV,True,exchange_session,main_gap_excluded,751,0.5,0.5
DAX,1,equal,2020-01-02,RV-NN-SV,True,exchange_session,main_gap_excluded,751,0.5,0.5
DAX,1,equal,2020-02-03,NN-SV,True,exchange_session,main_gap_excluded,773,0.5,0.5
DAX,1,equal,2020-02-03,RV-NN-SV,True,exchange_session,main_gap_excluded,773,0.5,0.5
DAX,1,equal,2020-03-02,NN-SV,True,exchange_session,main_gap_excluded,793,0.5,0.5
DAX,1,equal,2020-03-02,RV-NN-SV,True,exchange_session,main_gap_excluded,793,0.5,0.5
DAX,1,equal,2020-04-01,NN-SV,True,exchange_session,main_gap_excluded,815,0.5,0.5
DAX,1,equal,2020-04-01,RV-NN-SV,True,exchange_session,main_gap_excluded,815,0.5,0.5
DAX,1,equal,2020-05-04,NN-SV,True,exchange_session,main_gap_excluded,833,0.5,0.5
DAX,1,equal,2020-05-04,RV-NN-SV,True,exchange_session,main_gap_excluded,833,0.5,0.5
DAX,1,equal,2020-06-02,NN-SV,True,exchange_session,main_gap_excluded,853,0.5,0.5
DAX,1,equal,2020-06-02,RV-NN-SV,True,exchange_session,main_gap_excluded,853,0.5,0.5
DAX,1,equal,2020-07-01,NN-SV,True,exchange_session,main_gap_excluded,872,0.5,0.5
DAX,1,equal,2020-07-01,RV-NN-SV,True,exchange_session,main_gap_excluded,872,0.5,0.5
DAX,1,equal,2020-08-03,NN-SV,True,exchange_session,main_gap_excluded,895,0.5,0.5
DAX,1,equal,2020-08-03,RV-NN-SV,True,exchange_session,main_gap_excluded,895,0.5,0.5
DAX,1,equal,2020-09-01,NN-SV,True,exchange_session,main_gap_excluded,916,0.5,0.5
DAX,1,equal,2020-09-01,RV-NN-SV,True,exchange_session,main_gap_excluded,916,0.5,0.5
DAX,1,equal,2020-10-01,NN-SV,True,exchange_session,main_gap_excluded,938,0.5,0.5
DAX,1,equal,2020-10-01,RV-NN-SV,True,exchange_session,main_gap_excluded,938,0.5,0.5
DAX,1,equal,2020-11-02,NN-SV,True,exchange_session,main_gap_excluded,960,0.5,0.5
DAX,1,equal,2020-11-02,RV-NN-SV,True,exchange_session,main_gap_excluded,960,0.5,0.5
DAX,1,equal,2020-12-01,NN-SV,True,exchange_session,main_gap_excluded,981,0.5,0.5
DAX,1,equal,2020-12-01,RV-NN-SV,True,exchange_session,main_gap_excluded,981,0.5,0.5
DAX,1,equal,2021-01-04,NN-SV,True,exchange_session,main_gap_excluded,1001,0.5,0.5
DAX,1,equal,2021-01-04,RV-NN-SV,True,exchange_session,main_gap_excluded,1001,0.5,0.5
DAX,1,equal,2021-02-01,NN-SV,True,exchange_session,main_gap_excluded,1019,0.5,0.5
DAX,1,equal,2021-02-01,RV-NN-SV,True,exchange_session,main_gap_excluded,1019,0.5,0.5
DAX,1,equal,2021-03-01,NN-SV,True,exchange_session,main_gap_excluded,1039,0.5,0.5
DAX,1,equal,2021-03-01,RV-NN-SV,True,exchange_session,main_gap_excluded,1039,0.5,0.5
DAX,1,equal,2021-04-01,NN-SV,True,exchange_session,main_gap_excluded,1062,0.5,0.5
DAX,1,equal,2021-04-01,RV-NN-SV,True,exchange_session,main_gap_excluded,1062,0.5,0.5
DAX,1,equal,2021-05-03,NN-SV,True,exchange_session,main_gap_excluded,1082,0.5,0.5
DAX,1,equal,2021-05-03,RV-NN-SV,True,exchange_session,main_gap_excluded,1082,0.5,0.5
DAX,1,equal,2021-06-01,NN-SV,True,exchange_session,main_gap_excluded,1102,0.5,0.5
DAX,1,equal,2021-06-01,RV-NN-SV,True,exchange_session,main_gap_excluded,1102,0.5,0.5
DAX,1,equal,2021-07-01,NN-SV,True,exchange_session,main_gap_excluded,1122,0.5,0.5
DAX,1,equal,2021-07-01,RV-NN-SV,True,exchange_session,main_gap_excluded,1122,0.5,0.5
DAX,1,equal,2021-08-02,NN-SV,True,exchange_session,main_gap_excluded,1142,0.5,0.5
DAX,1,equal,2021-08-02,RV-NN-SV,True,exchange_session,main_gap_excluded,1142,0.5,0.5
DAX,1,equal,2021-09-01,NN-SV,True,exchange_session,main_gap_excluded,1164,0.5,0.5
DAX,1,equal,2021-09-01,RV-NN-SV,True,exchange_session,main_gap_excluded,1164,0.5,0.5
DAX,1,equal,2021-10-01,NN-SV,True,exchange_session,main_gap_excluded,1186,0.5,0.5
DAX,1,equal,2021-10-01,RV-NN-SV,True,exchange_session,main_gap_excluded,1186,0.5,0.5
DAX,1,equal,2021-11-01,NN-SV,True,exchange_session,main_gap_excluded,1207,0.5,0.5
DAX,1,equal,2021-11-01,RV-NN-SV,True,exchange_session,main_gap_excluded,1207,0.5,0.5
DAX,1,equal,2021-12-01,NN-SV,True,exchange_session,main_gap_excluded,1229,0.5,0.5
DAX,1,equal,2021-12-01,RV-NN-SV,True,exchange_session,main_gap_excluded,1229,0.5,0.5
DAX,1,equal,2022-01-03,NN-SV,True,exchange_session,main_gap_excluded,1250,0.5,0.5
DAX,1,equal,2022-01-03,RV-NN-SV,True,exchange_session,main_gap_excluded,1250,0.5,0.5
DAX,1,equal,2022-02-01,NN-SV,True,exchange_session,main_gap_excluded,1271,0.5,0.5
DAX,1,equal,2022-02-01,RV-NN-SV,True,exchange_session,main_gap_excluded,1271,0.5,0.5
DAX,1,log_score,2018-01-02,NN-SV,True,exchange_session,main_gap_excluded,251,0.1844124717739062,0.1844124717739062
DAX,1,log_score,2018-01-02,RV-NN-SV,True,exchange_session,main_gap_excluded,251,0.8155875282260938,0.8155875282260938
DAX,1,log_score,2018-02-01,NN-SV,True,exchange_session,main_gap_excluded,273,0.1502182137433135,0.1502182137433135
DAX,1,log_score,2018-02-01,RV-NN-SV,True,exchange_session,main_gap_excluded,273,0.8497817862566864,0.8497817862566864
DAX,1,log_score,2018-03-01,NN-SV,True,exchange_session,main_gap_excluded,293,8.326672684688674e-17,8.326672684688674e-17
DAX,1,log_score,2018-03-01,RV-NN-SV,True,exchange_session,main_gap_excluded,293,0.9999999999999999,0.9999999999999999
DAX,1,log_score,2018-04-03,NN-SV,True,exchange_session,main_gap_excluded,314,0.0,0.0
DAX,1,log_score,2018-04-03,RV-NN-SV,True,exchange_session,main_gap_excluded,314,1.0,1.0
DAX,1,log_score,2018-05-02,NN-SV,True,exchange_session,main_gap_excluded,334,1.8735013540549517e-16,1.8735013540549517e-16
DAX,1,log_score,2018-05-02,RV-NN-SV,True,exchange_session,main_gap_excluded,334,0.9999999999999999,0.9999999999999999
DAX,1,log_score,2018-06-01,NN-SV,True,exchange_session,main_gap_excluded,355,5.551115123125783e-17,5.551115123125783e-17
DAX,1,log_score,2018-06-01,RV-NN-SV,True,exchange_session,main_gap_excluded,355,1.0,1.0
DAX,1,log_score,2018-07-02,NN-SV,True,exchange_session,main_gap_excluded,376,2.7755575615628914e-16,2.7755575615628914e-16
DAX,1,log_score,2018-07-02,RV-NN-SV,True,exchange_session,main_gap_excluded,376,0.9999999999999998,0.9999999999999998
DAX,1,log_score,2018-08-01,NN-SV,True,exchange_session,main_gap_excluded,398,1.179611963664229e-16,1.179611963664229e-16
DAX,1,log_score,2018-08-01,RV-NN-SV,True,exchange_session,main_gap_excluded,398,0.9999999999999999,0.9999999999999999
DAX,1,log_score,2018-09-03,NN-SV,True,exchange_session,main_gap_excluded,421,0.0,0.0
DAX,1,log_score,2018-09-03,RV-NN-SV,True,exchange_session,main_gap_excluded,421,1.0,1.0
DAX,1,log_score,2018-10-01,NN-SV,True,exchange_session,main_gap_excluded,441,0.0,0.0
DAX,1,log_score,2018-10-01,RV-NN-SV,True,exchange_session,main_gap_excluded,441,1.0,1.0
DAX,1,log_score,2018-11-01,NN-SV,True,exchange_session,main_gap_excluded,463,0.0,0.0
DAX,1,log_score,2018-11-01,RV-NN-SV,True,exchange_session,main_gap_excluded,463,1.0,1.0
DAX,1,log_score,2018-12-03,NN-SV,True,exchange_session,main_gap_excluded,485,0.0,0.0
DAX,1,log_score,2018-12-03,RV-NN-SV,True,exchange_session,main_gap_excluded,485,1.0,1.0
DAX,1,log_score,2019-01-02,NN-SV,True,exchange_session,main_gap_excluded,502,0.0,0.0
DAX,1,log_score,2019-01-02,RV-NN-SV,True,exchange_session,main_gap_excluded,502,1.0,1.0
DAX,1,log_score,2019-02-01,NN-SV,True,exchange_session,main_gap_excluded,524,0.0,0.0
DAX,1,log_score,2019-02-01,RV-NN-SV,True,exchange_session,main_gap_excluded,524,1.0,1.0
DAX,1,log_score,2019-03-01,NN-SV,True,exchange_session,main_gap_excluded,544,4.163336342344337e-17,4.163336342344337e-17
DAX,1,log_score,2019-03-01,RV-NN-SV,True,exchange_session,main_gap_excluded,544,1.0,1.0
DAX,1,log_score,2019-04-01,NN-SV,True,exchange_session,main_gap_excluded,565,5.551115123125783e-17,5.551115123125783e-17
DAX,1,log_score,2019-04-01,RV-NN-SV,True,exchange_session,main_gap_excluded,565,1.0,1.0
DAX,1,log_score,2019-05-02,NN-SV,True,exchange_session,main_gap_excluded,583,8.326672684688674e-17,8.326672684688674e-17
DAX,1,log_score,2019-05-02,RV-NN-SV,True,exchange_session,main_gap_excluded,583,1.0,1.0
DAX,1,log_score,2019-06-03,NN-SV,True,exchange_session,main_gap_excluded,605,5.551115123125783e-17,5.551115123125783e-17
DAX,1,log_score,2019-06-03,RV-NN-SV,True,exchange_session,main_gap_excluded,605,1.0,1.0
DAX,1,log_score,2019-07-01,NN-SV,True,exchange_session,main_gap_excluded,624,0.0,0.0
DAX,1,log_score,2019-07-01,RV-NN-SV,True,exchange_session,main_gap_excluded,624,1.0,1.0
DAX,1,log_score,2019-08-01,NN-SV,True,exchange_session,main_gap_excluded,647,1.5265566588595902e-16,1.5265566588595902e-16
DAX,1,log_score,2019-08-01,RV-NN-SV,True,exchange_session,main_gap_excluded,647,0.9999999999999999,0.9999999999999999
DAX,1,log_score,2019-09-02,NN-SV,True,exchange_session,main_gap_excluded,669,5.551115123125783e-17,5.551115123125783e-17
DAX,1,log_score,2019-09-02,RV-NN-SV,True,exchange_session,main_gap_excluded,669,0.9999999999999999,0.9999999999999999
DAX,1,log_score,2019-10-01,NN-SV,True,exchange_session,main_gap_excluded,690,0.0,0.0
DAX,1,log_score,2019-10-01,RV-NN-SV,True,exchange_session,main_gap_excluded,690,1.0,1.0
DAX,1,log_score,2019-11-01,NN-SV,True,exchange_session,main_gap_excluded,712,1.1102230246251565e-16,1.1102230246251565e-16
DAX,1,log_score,2019-11-01,RV-NN-SV,True,exchange_session,main_gap_excluded,712,0.9999999999999999,0.9999999999999999
DAX,1,log_score,2019-12-02,NN-SV,True,exchange_session,main_gap_excluded,733,2.2204460492503126e-16,2.2204460492503126e-16
DAX,1,log_score,2019-12-02,RV-NN-SV,True,exchange_session,main_gap_excluded,733,0.9999999999999998,0.9999999999999998
DAX,1,log_score,2020-01-02,NN-SV,True,exchange_session,main_gap_excluded,751,1.1102230246251565e-16,1.1102230246251565e-16
DAX,1,log_score,2020-01-02,RV-NN-SV,True,exchange_session,main_gap_excluded,751,1.0,1.0
DAX,1,log_score,2020-02-03,NN-SV,True,exchange_session,main_gap_excluded,773,0.0,0.0
DAX,1,log_score,2020-02-03,RV-NN-SV,True,exchange_session,main_gap_excluded,773,1.0,1.0
DAX,1,log_score,2020-03-02,NN-SV,True,exchange_session,main_gap_excluded,793,2.775557561562891e-16,2.7755575615628914e-16
DAX,1,log_score,2020-03-02,RV-NN-SV,True,exchange_session,main_gap_excluded,793,0.9999999999999997,0.9999999999999998
DAX,1,log_score,2020-04-01,NN-SV,True,exchange_session,main_gap_excluded,815,1.6653345369377348e-16,1.6653345369377348e-16
DAX,1,log_score,2020-04-01,RV-NN-SV,True,exchange_session,main_gap_excluded,815,0.9999999999999998,0.9999999999999998
DAX,1,log_score,2020-05-04,NN-SV,True,exchange_session,main_gap_excluded,833,0.0,0.0
DAX,1,log_score,2020-05-04,RV-NN-SV,True,exchange_session,main_gap_excluded,833,1.0,1.0
DAX,1,log_score,2020-06-02,NN-SV,True,exchange_session,main_gap_excluded,853,5.551115123125783e-17,5.551115123125783e-17
DAX,1,log_score,2020-06-02,RV-NN-SV,True,exchange_session,main_gap_excluded,853,0.9999999999999999,0.9999999999999999
DAX,1,log_score,2020-07-01,NN-SV,True,exchange_session,main_gap_excluded,872,1.6653345369377348e-16,1.6653345369377348e-16
DAX,1,log_score,2020-07-01,RV-NN-SV,True,exchange_session,main_gap_excluded,872,0.9999999999999998,0.9999999999999998
DAX,1,log_score,2020-08-03,NN-SV,True,exchange_session,main_gap_excluded,895,1.6653345369377346e-16,1.6653345369377348e-16
DAX,1,log_score,2020-08-03,RV-NN-SV,True,exchange_session,main_gap_excluded,895,0.9999999999999998,0.9999999999999999
DAX,1,log_score,2020-09-01,NN-SV,True,exchange_session,main_gap_excluded,916,0.0,0.0
DAX,1,log_score,2020-09-01,RV-NN-SV,True,exchange_session,main_gap_excluded,916,1.0,1.0
DAX,1,log_score,2020-10-01,NN-SV,True,exchange_session,main_gap_excluded,938,0.0,0.0
DAX,1,log_score,2020-10-01,RV-NN-SV,True,exchange_session,main_gap_excluded,938,1.0,1.0
DAX,1,log_score,2020-11-02,NN-SV,True,exchange_session,main_gap_excluded,960,1.6653345369377348e-16,1.6653345369377348e-16
DAX,1,log_score,2020-11-02,RV-NN-SV,True,exchange_session,main_gap_excluded,960,0.9999999999999999,0.9999999999999999
DAX,1,log_score,2020-12-01,NN-SV,True,exchange_session,main_gap_excluded,981,1.1102230246251568e-16,1.1102230246251568e-16
DAX,1,log_score,2020-12-01,RV-NN-SV,True,exchange_session,main_gap_excluded,981,0.9999999999999999,0.9999999999999999
DAX,1,log_score,2021-01-04,NN-SV,True,exchange_session,main_gap_excluded,1001,0.0,0.0
DAX,1,log_score,2021-01-04,RV-NN-SV,True,exchange_session,main_gap_excluded,1001,1.0,1.0
DAX,1,log_score,2021-02-01,NN-SV,True,exchange_session,main_gap_excluded,1019,4.440892098500626e-16,4.440892098500626e-16
DAX,1,log_score,2021-02-01,RV-NN-SV,True,exchange_session,main_gap_excluded,1019,0.9999999999999997,0.9999999999999997
DAX,1,log_score,2021-03-01,NN-SV,True,exchange_session,main_gap_excluded,1039,5.551115123125783e-17,5.551115123125783e-17
DAX,1,log_score,2021-03-01,RV-NN-SV,True,exchange_session,main_gap_excluded,1039,0.9999999999999999,0.9999999999999999
DAX,1,log_score,2021-04-01,NN-SV,True,exchange_session,main_gap_excluded,1062,2.7755575615628914e-16,2.7755575615628914e-16
DAX,1,log_score,2021-04-01,RV-NN-SV,True,exchange_session,main_gap_excluded,1062,0.9999999999999998,0.9999999999999998
DAX,1,log_score,2021-05-03,NN-SV,True,exchange_session,main_gap_excluded,1082,0.0,0.0
DAX,1,log_score,2021-05-03,RV-NN-SV,True,exchange_session,main_gap_excluded,1082,1.0,1.0
DAX,1,log_score,2021-06-01,NN-SV,True,exchange_session,main_gap_excluded,1102,1.3877787807814457e-16,1.3877787807814457e-16
DAX,1,log_score,2021-06-01,RV-NN-SV,True,exchange_session,main_gap_excluded,1102,0.9999999999999999,0.9999999999999999
DAX,1,log_score,2021-07-01,NN-SV,True,exchange_session,main_gap_excluded,1122,1.942890293094024e-16,1.942890293094024e-16
DAX,1,log_score,2021-07-01,RV-NN-SV,True,exchange_session,main_gap_excluded,1122,0.9999999999999999,0.9999999999999999
DAX,1,log_score,2021-08-02,NN-SV,True,exchange_session,main_gap_excluded,1142,0.0,0.0
DAX,1,log_score,2021-08-02,RV-NN-SV,True,exchange_session,main_gap_excluded,1142,1.0,1.0
DAX,1,log_score,2021-09-01,NN-SV,True,exchange_session,main_gap_excluded,1164,1.1102230246251565e-16,1.1102230246251565e-16
DAX,1,log_score,2021-09-01,RV-NN-SV,True,exchange_session,main_gap_excluded,1164,1.0,1.0
DAX,1,log_score,2021-10-01,NN-SV,True,exchange_session,main_gap_excluded,1186,0.0,0.0
DAX,1,log_score,2021-10-01,RV-NN-SV,True,exchange_session,main_gap_excluded,1186,1.0,1.0
DAX,1,log_score,2021-11-01,NN-SV,True,exchange_session,main_gap_excluded,1207,0.0,0.0
DAX,1,log_score,2021-11-01,RV-NN-SV,True,exchange_session,main_gap_excluded,1207,1.0,1.0
DAX,1,log_score,2021-12-01,NN-SV,True,exchange_session,main_gap_excluded,1229,8.326672684688674e-17,8.326672684688674e-17
DAX,1,log_score,2021-12-01,RV-NN-SV,True,exchange_session,main_gap_excluded,1229,1.0,1.0
DAX,1,log_score,2022-01-03,NN-SV,True,exchange_session,main_gap_excluded,1250,1.1102230246251565e-16,1.1102230246251565e-16
DAX,1,log_score,2022-01-03,RV-NN-SV,True,exchange_session,main_gap_excluded,1250,0.9999999999999999,0.9999999999999999
DAX,1,log_score,2022-02-01,NN-SV,True,exchange_session,main_gap_excluded,1271,1.6653345369377348e-16,1.6653345369377348e-16
DAX,1,log_score,2022-02-01,RV-NN-SV,True,exchange_session,main_gap_excluded,1271,0.9999999999999998,0.9999999999999998
DAX,1,qlike,2018-01-02,NN-SV,True,exchange_session,main_gap_excluded,251,1.6653345369377348e-16,1.6653345369377348e-16
DAX,1,qlike,2018-01-02,RV-NN-SV,True,exchange_session,main_gap_excluded,251,0.9999999999999998,0.9999999999999998
DAX,1,qlike,2018-02-01,NN-SV,True,exchange_session,main_gap_excluded,273,0.0,0.0
DAX,1,qlike,2018-02-01,RV-NN-SV,True,exchange_session,main_gap_excluded,273,1.0,1.0
DAX,1,qlike,2018-03-01,NN-SV,True,exchange_session,main_gap_excluded,293,3.469446951953614e-16,3.469446951953614e-16
DAX,1,qlike,2018-03-01,RV-NN-SV,True,exchange_session,main_gap_excluded,293,0.9999999999999997,0.9999999999999997
DAX,1,qlike,2018-04-03,NN-SV,True,exchange_session,main_gap_excluded,314,2.7755575615628914e-16,2.7755575615628914e-16
DAX,1,qlike,2018-04-03,RV-NN-SV,True,exchange_session,main_gap_excluded,314,0.9999999999999997,0.9999999999999997
DAX,1,qlike,2018-05-02,NN-SV,True,exchange_session,main_gap_excluded,334,0.0,0.0
DAX,1,qlike,2018-05-02,RV-NN-SV,True,exchange_session,main_gap_excluded,334,1.0,1.0
DAX,1,qlike,2018-06-01,NN-SV,True,exchange_session,main_gap_excluded,355,4.163336342344337e-16,4.163336342344337e-16
DAX,1,qlike,2018-06-01,RV-NN-SV,True,exchange_session,main_gap_excluded,355,0.9999999999999996,0.9999999999999996
DAX,1,qlike,2018-07-02,NN-SV,True,exchange_session,main_gap_excluded,376,3.0531133177191805e-16,3.0531133177191805e-16
DAX,1,qlike,2018-07-02,RV-NN-SV,True,exchange_session,main_gap_excluded,376,0.9999999999999997,0.9999999999999997
DAX,1,qlike,2018-08-01,NN-SV,True,exchange_session,main_gap_excluded,398,1.249000902703301e-16,1.249000902703301e-16
DAX,1,qlike,2018-08-01,RV-NN-SV,True,exchange_session,main_gap_excluded,398,0.9999999999999999,0.9999999999999999
DAX,1,qlike,2018-09-03,NN-SV,True,exchange_session,main_gap_excluded,421,0.0,0.0
DAX,1,qlike,2018-09-03,RV-NN-SV,True,exchange_session,main_gap_excluded,421,1.0,1.0
DAX,1,qlike,2018-10-01,NN-SV,True,exchange_session,main_gap_excluded,441,0.0,0.0
DAX,1,qlike,2018-10-01,RV-NN-SV,True,exchange_session,main_gap_excluded,441,1.0,1.0
DAX,1,qlike,2018-11-01,NN-SV,True,exchange_session,main_gap_excluded,463,5.551115123125783e-17,5.551115123125783e-17
DAX,1,qlike,2018-11-01,RV-NN-SV,True,exchange_session,main_gap_excluded,463,1.0,1.0
DAX,1,qlike,2018-12-03,NN-SV,True,exchange_session,main_gap_excluded,485,0.0,0.0
DAX,1,qlike,2018-12-03,RV-NN-SV,True,exchange_session,main_gap_excluded,485,1.0,1.0
DAX,1,qlike,2019-01-02,NN-SV,True,exchange_session,main_gap_excluded,502,0.0,0.0
DAX,1,qlike,2019-01-02,RV-NN-SV,True,exchange_session,main_gap_excluded,502,1.0,1.0
DAX,1,qlike,2019-02-01,NN-SV,True,exchange_session,main_gap_excluded,524,2.7755575615628914e-16,2.7755575615628914e-16
DAX,1,qlike,2019-02-01,RV-NN-SV,True,exchange_session,main_gap_excluded,524,0.9999999999999998,0.9999999999999998
DAX,1,qlike,2019-03-01,NN-SV,True,exchange_session,main_gap_excluded,544,0.0,0.0
DAX,1,qlike,2019-03-01,RV-NN-SV,True,exchange_session,main_gap_excluded,544,1.0,1.0
DAX,1,qlike,2019-04-01,NN-SV,True,exchange_session,main_gap_excluded,565,0.0,0.0
DAX,1,qlike,2019-04-01,RV-NN-SV,True,exchange_session,main_gap_excluded,565,1.0,1.0
DAX,1,qlike,2019-05-02,NN-SV,True,exchange_session,main_gap_excluded,583,0.0,0.0
DAX,1,qlike,2019-05-02,RV-NN-SV,True,exchange_session,main_gap_excluded,583,1.0,1.0
DAX,1,qlike,2019-06-03,NN-SV,True,exchange_session,main_gap_excluded,605,1.3877787807814457e-16,1.3877787807814457e-16
DAX,1,qlike,2019-06-03,RV-NN-SV,True,exchange_session,main_gap_excluded,605,0.9999999999999999,0.9999999999999999
DAX,1,qlike,2019-07-01,NN-SV,True,exchange_session,main_gap_excluded,624,8.326672684688674e-17,8.326672684688674e-17
DAX,1,qlike,2019-07-01,RV-NN-SV,True,exchange_session,main_gap_excluded,624,1.0,1.0
DAX,1,qlike,2019-08-01,NN-SV,True,exchange_session,main_gap_excluded,647,0.0,0.0
DAX,1,qlike,2019-08-01,RV-NN-SV,True,exchange_session,main_gap_excluded,647,1.0,1.0
DAX,1,qlike,2019-09-02,NN-SV,True,exchange_session,main_gap_excluded,669,0.0,0.0
DAX,1,qlike,2019-09-02,RV-NN-SV,True,exchange_session,main_gap_excluded,669,1.0,1.0
DAX,1,qlike,2019-10-01,NN-SV,True,exchange_session,main_gap_excluded,690,0.0,0.0
DAX,1,qlike,2019-10-01,RV-NN-SV,True,exchange_session,main_gap_excluded,690,1.0,1.0
DAX,1,qlike,2019-11-01,NN-SV,True,exchange_session,main_gap_excluded,712,0.0,0.0
DAX,1,qlike,2019-11-01,RV-NN-SV,True,exchange_session,main_gap_excluded,712,1.0,1.0
DAX,1,qlike,2019-12-02,NN-SV,True,exchange_session,main_gap_excluded,733,0.0,0.0
DAX,1,qlike,2019-12-02,RV-NN-SV,True,exchange_session,main_gap_excluded,733,1.0,1.0
DAX,1,qlike,2020-01-02,NN-SV,True,exchange_session,main_gap_excluded,751,2.498001805406602e-16,2.498001805406602e-16
DAX,1,qlike,2020-01-02,RV-NN-SV,True,exchange_session,main_gap_excluded,751,0.9999999999999998,0.9999999999999998
DAX,1,qlike,2020-02-03,NN-SV,True,exchange_session,main_gap_excluded,773,5.551115123125783e-16,5.551115123125783e-16
DAX,1,qlike,2020-02-03,RV-NN-SV,True,exchange_session,main_gap_excluded,773,0.9999999999999994,0.9999999999999994
DAX,1,qlike,2020-03-02,NN-SV,True,exchange_session,main_gap_excluded,793,2.289834988289385e-16,2.2898349882893854e-16
DAX,1,qlike,2020-03-02,RV-NN-SV,True,exchange_session,main_gap_excluded,793,0.9999999999999997,0.9999999999999998
DAX,1,qlike,2020-04-01,NN-SV,True,exchange_session,main_gap_excluded,815,1.942890293094024e-16,1.942890293094024e-16
DAX,1,qlike,2020-04-01,RV-NN-SV,True,exchange_session,main_gap_excluded,815,0.9999999999999999,0.9999999999999999
DAX,1,qlike,2020-05-04,NN-SV,True,exchange_session,main_gap_excluded,833,6.938893903907228e-17,6.938893903907228e-17
DAX,1,qlike,2020-05-04,RV-NN-SV,True,exchange_session,main_gap_excluded,833,1.0,1.0
DAX,1,qlike,2020-06-02,NN-SV,True,exchange_session,main_gap_excluded,853,8.326672684688674e-17,8.326672684688674e-17
DAX,1,qlike,2020-06-02,RV-NN-SV,True,exchange_session,main_gap_excluded,853,1.0,1.0
DAX,1,qlike,2020-07-01,NN-SV,True,exchange_session,main_gap_excluded,872,0.0,0.0
DAX,1,qlike,2020-07-01,RV-NN-SV,True,exchange_session,main_gap_excluded,872,1.0,1.0
DAX,1,qlike,2020-08-03,NN-SV,True,exchange_session,main_gap_excluded,895,0.0,0.0
DAX,1,qlike,2020-08-03,RV-NN-SV,True,exchange_session,main_gap_excluded,895,1.0,1.0
DAX,1,qlike,2020-09-01,NN-SV,True,exchange_session,main_gap_excluded,916,0.0,0.0
DAX,1,qlike,2020-09-01,RV-NN-SV,True,exchange_session,main_gap_excluded,916,1.0,1.0
DAX,1,qlike,2020-10-01,NN-SV,True,exchange_session,main_gap_excluded,938,0.0,0.0
DAX,1,qlike,2020-10-01,RV-NN-SV,True,exchange_session,main_gap_excluded,938,1.0,1.0
DAX,1,qlike,2020-11-02,NN-SV,True,exchange_session,main_gap_excluded,960,5.551115123125783e-17,5.551115123125783e-17
DAX,1,qlike,2020-11-02,RV-NN-SV,True,exchange_session,main_gap_excluded,960,1.0,1.0
DAX,1,qlike,2020-12-01,NN-SV,True,exchange_session,main_gap_excluded,981,2.7755575615628914e-17,2.7755575615628914e-17
DAX,1,qlike,2020-12-01,RV-NN-SV,True,exchange_session,main_gap_excluded,981,1.0,1.0
DAX,1,qlike,2021-01-04,NN-SV,True,exchange_session,main_gap_excluded,1001,0.0,0.0
DAX,1,qlike,2021-01-04,RV-NN-SV,True,exchange_session,main_gap_excluded,1001,1.0,1.0
DAX,1,qlike,2021-02-01,NN-SV,True,exchange_session,main_gap_excluded,1019,1.387778780781446e-17,1.387778780781446e-17
DAX,1,qlike,2021-02-01,RV-NN-SV,True,exchange_session,main_gap_excluded,1019,1.0,1.0
DAX,1,qlike,2021-03-01,NN-SV,True,exchange_session,main_gap_excluded,1039,6.938893903907228e-17,6.938893903907228e-17
DAX,1,qlike,2021-03-01,RV-NN-SV,True,exchange_session,main_gap_excluded,1039,1.0,1.0
DAX,1,qlike,2021-04-01,NN-SV,True,exchange_session,main_gap_excluded,1062,2.498001805406602e-16,2.498001805406602e-16
DAX,1,qlike,2021-04-01,RV-NN-SV,True,exchange_session,main_gap_excluded,1062,0.9999999999999998,0.9999999999999998
DAX,1,qlike,2021-05-03,NN-SV,True,exchange_session,main_gap_excluded,1082,2.220446049250313e-16,2.220446049250313e-16
DAX,1,qlike,2021-05-03,RV-NN-SV,True,exchange_session,main_gap_excluded,1082,0.9999999999999998,0.9999999999999998
DAX,1,qlike,2021-06-01,NN-SV,True,exchange_session,main_gap_excluded,1102,5.551115123125783e-17,5.551115123125783e-17
DAX,1,qlike,2021-06-01,RV-NN-SV,True,exchange_session,main_gap_excluded,1102,0.9999999999999999,0.9999999999999999
DAX,1,qlike,2021-07-01,NN-SV,True,exchange_session,main_gap_excluded,1122,8.326672684688674e-17,8.326672684688674e-17
DAX,1,qlike,2021-07-01,RV-NN-SV,True,exchange_session,main_gap_excluded,1122,1.0,1.0
DAX,1,qlike,2021-08-02,NN-SV,True,exchange_session,main_gap_excluded,1142,1.8041124150158794e-16,1.8041124150158794e-16
DAX,1,qlike,2021-08-02,RV-NN-SV,True,exchange_session,main_gap_excluded,1142,0.9999999999999998,0.9999999999999998
DAX,1,qlike,2021-09-01,NN-SV,True,exchange_session,main_gap_excluded,1164,4.163336342344337e-17,4.163336342344337e-17
DAX,1,qlike,2021-09-01,RV-NN-SV,True,exchange_session,main_gap_excluded,1164,1.0,1.0
DAX,1,qlike,2021-10-01,NN-SV,True,exchange_session,main_gap_excluded,1186,0.0,0.0
DAX,1,qlike,2021-10-01,RV-NN-SV,True,exchange_session,main_gap_excluded,1186,1.0,1.0
DAX,1,qlike,2021-11-01,NN-SV,True,exchange_session,main_gap_excluded,1207,0.0,0.0
DAX,1,qlike,2021-11-01,RV-NN-SV,True,exchange_session,main_gap_excluded,1207,1.0,1.0
DAX,1,qlike,2021-12-01,NN-SV,True,exchange_session,main_gap_excluded,1229,0.0,0.0
DAX,1,qlike,2021-12-01,RV-NN-SV,True,exchange_session,main_gap_excluded,1229,1.0,1.0
DAX,1,qlike,2022-01-03,NN-SV,True,exchange_session,main_gap_excluded,1250,0.0,0.0
DAX,1,qlike,2022-01-03,RV-NN-SV,True,exchange_session,main_gap_excluded,1250,1.0,1.0
DAX,1,qlike,2022-02-01,NN-SV,True,exchange_session,main_gap_excluded,1271,0.0,0.0
DAX,1,qlike,2022-02-01,RV-NN-SV,True,exchange_session,main_gap_excluded,1271,1.0,1.0
DAX,5,equal,2018-01-02,NN-SV,True,exchange_session,main_gap_excluded,247,0.5,0.5
DAX,5,equal,2018-01-02,RV-NN-SV,True,exchange_session,main_gap_excluded,247,0.5,0.5
DAX,5,equal,2018-02-01,NN-SV,True,exchange_session,main_gap_excluded,265,0.5,0.5
DAX,5,equal,2018-02-01,RV-NN-SV,True,exchange_session,main_gap_excluded,265,0.5,0.5
DAX,5,equal,2018-03-01,NN-SV,True,exchange_session,main_gap_excluded,285,0.5,0.5
DAX,5,equal,2018-03-01,RV-NN-SV,True,exchange_session,main_gap_excluded,285,0.5,0.5
DAX,5,equal,2018-04-03,NN-SV,True,exchange_session,main_gap_excluded,306,0.5,0.5
DAX,5,equal,2018-04-03,RV-NN-SV,True,exchange_session,main_gap_excluded,306,0.5,0.5
DAX,5,equal,2018-05-02,NN-SV,True,exchange_session,main_gap_excluded,326,0.5,0.5
DAX,5,equal,2018-05-02,RV-NN-SV,True,exchange_session,main_gap_excluded,326,0.5,0.5
DAX,5,equal,2018-06-01,NN-SV,True,exchange_session,main_gap_excluded,347,0.5,0.5
DAX,5,equal,2018-06-01,RV-NN-SV,True,exchange_session,main_gap_excluded,347,0.5,0.5
DAX,5,equal,2018-07-02,NN-SV,True,exchange_session,main_gap_excluded,368,0.5,0.5
DAX,5,equal,2018-07-02,RV-NN-SV,True,exchange_session,main_gap_excluded,368,0.5,0.5
DAX,5,equal,2018-08-01,NN-SV,True,exchange_session,main_gap_excluded,390,0.5,0.5
DAX,5,equal,2018-08-01,RV-NN-SV,True,exchange_session,main_gap_excluded,390,0.5,0.5
DAX,5,equal,2018-09-03,NN-SV,True,exchange_session,main_gap_excluded,413,0.5,0.5
DAX,5,equal,2018-09-03,RV-NN-SV,True,exchange_session,main_gap_excluded,413,0.5,0.5
DAX,5,equal,2018-10-01,NN-SV,True,exchange_session,main_gap_excluded,433,0.5,0.5
DAX,5,equal,2018-10-01,RV-NN-SV,True,exchange_session,main_gap_excluded,433,0.5,0.5
DAX,5,equal,2018-11-01,NN-SV,True,exchange_session,main_gap_excluded,455,0.5,0.5
DAX,5,equal,2018-11-01,RV-NN-SV,True,exchange_session,main_gap_excluded,455,0.5,0.5
DAX,5,equal,2018-12-03,NN-SV,True,exchange_session,main_gap_excluded,477,0.5,0.5
DAX,5,equal,2018-12-03,RV-NN-SV,True,exchange_session,main_gap_excluded,477,0.5,0.5
DAX,5,equal,2019-01-02,NN-SV,True,exchange_session,main_gap_excluded,494,0.5,0.5
DAX,5,equal,2019-01-02,RV-NN-SV,True,exchange_session,main_gap_excluded,494,0.5,0.5
DAX,5,equal,2019-02-01,NN-SV,True,exchange_session,main_gap_excluded,516,0.5,0.5
DAX,5,equal,2019-02-01,RV-NN-SV,True,exchange_session,main_gap_excluded,516,0.5,0.5
DAX,5,equal,2019-03-01,NN-SV,True,exchange_session,main_gap_excluded,536,0.5,0.5
DAX,5,equal,2019-03-01,RV-NN-SV,True,exchange_session,main_gap_excluded,536,0.5,0.5
DAX,5,equal,2019-04-01,NN-SV,True,exchange_session,main_gap_excluded,557,0.5,0.5
DAX,5,equal,2019-04-01,RV-NN-SV,True,exchange_session,main_gap_excluded,557,0.5,0.5
DAX,5,equal,2019-05-02,NN-SV,True,exchange_session,main_gap_excluded,571,0.5,0.5
DAX,5,equal,2019-05-02,RV-NN-SV,True,exchange_session,main_gap_excluded,571,0.5,0.5
DAX,5,equal,2019-06-03,NN-SV,True,exchange_session,main_gap_excluded,593,0.5,0.5
DAX,5,equal,2019-06-03,RV-NN-SV,True,exchange_session,main_gap_excluded,593,0.5,0.5
DAX,5,equal,2019-07-01,NN-SV,True,exchange_session,main_gap_excluded,612,0.5,0.5
DAX,5,equal,2019-07-01,RV-NN-SV,True,exchange_session,main_gap_excluded,612,0.5,0.5
DAX,5,equal,2019-08-01,NN-SV,True,exchange_session,main_gap_excluded,635,0.5,0.5
DAX,5,equal,2019-08-01,RV-NN-SV,True,exchange_session,main_gap_excluded,635,0.5,0.5
DAX,5,equal,2019-09-02,NN-SV,True,exchange_session,main_gap_excluded,657,0.5,0.5
DAX,5,equal,2019-09-02,RV-NN-SV,True,exchange_session,main_gap_excluded,657,0.5,0.5
DAX,5,equal,2019-10-01,NN-SV,True,exchange_session,main_gap_excluded,678,0.5,0.5
DAX,5,equal,2019-10-01,RV-NN-SV,True,exchange_session,main_gap_excluded,678,0.5,0.5
DAX,5,equal,2019-11-01,NN-SV,True,exchange_session,main_gap_excluded,700,0.5,0.5
DAX,5,equal,2019-11-01,RV-NN-SV,True,exchange_session,main_gap_excluded,700,0.5,0.5
DAX,5,equal,2019-12-02,NN-SV,True,exchange_session,main_gap_excluded,721,0.5,0.5
DAX,5,equal,2019-12-02,RV-NN-SV,True,exchange_session,main_gap_excluded,721,0.5,0.5
DAX,5,equal,2020-01-02,NN-SV,True,exchange_session,main_gap_excluded,739,0.5,0.5
DAX,5,equal,2020-01-02,RV-NN-SV,True,exchange_session,main_gap_excluded,739,0.5,0.5
DAX,5,equal,2020-02-03,NN-SV,True,exchange_session,main_gap_excluded,761,0.5,0.5
DAX,5,equal,2020-02-03,RV-NN-SV,True,exchange_session,main_gap_excluded,761,0.5,0.5
DAX,5,equal,2020-03-02,NN-SV,True,exchange_session,main_gap_excluded,781,0.5,0.5
DAX,5,equal,2020-03-02,RV-NN-SV,True,exchange_session,main_gap_excluded,781,0.5,0.5
DAX,5,equal,2020-04-01,NN-SV,True,exchange_session,main_gap_excluded,803,0.5,0.5
DAX,5,equal,2020-04-01,RV-NN-SV,True,exchange_session,main_gap_excluded,803,0.5,0.5
DAX,5,equal,2020-05-04,NN-SV,True,exchange_session,main_gap_excluded,817,0.5,0.5
DAX,5,equal,2020-05-04,RV-NN-SV,True,exchange_session,main_gap_excluded,817,0.5,0.5
DAX,5,equal,2020-06-02,NN-SV,True,exchange_session,main_gap_excluded,837,0.5,0.5
DAX,5,equal,2020-06-02,RV-NN-SV,True,exchange_session,main_gap_excluded,837,0.5,0.5
DAX,5,equal,2020-07-01,NN-SV,True,exchange_session,main_gap_excluded,852,0.5,0.5
DAX,5,equal,2020-07-01,RV-NN-SV,True,exchange_session,main_gap_excluded,852,0.5,0.5
DAX,5,equal,2020-08-03,NN-SV,True,exchange_session,main_gap_excluded,875,0.5,0.5
DAX,5,equal,2020-08-03,RV-NN-SV,True,exchange_session,main_gap_excluded,875,0.5,0.5
DAX,5,equal,2020-09-01,NN-SV,True,exchange_session,main_gap_excluded,896,0.5,0.5
DAX,5,equal,2020-09-01,RV-NN-SV,True,exchange_session,main_gap_excluded,896,0.5,0.5
DAX,5,equal,2020-10-01,NN-SV,True,exchange_session,main_gap_excluded,918,0.5,0.5
DAX,5,equal,2020-10-01,RV-NN-SV,True,exchange_session,main_gap_excluded,918,0.5,0.5
DAX,5,equal,2020-11-02,NN-SV,True,exchange_session,main_gap_excluded,940,0.5,0.5
DAX,5,equal,2020-11-02,RV-NN-SV,True,exchange_session,main_gap_excluded,940,0.5,0.5
DAX,5,equal,2020-12-01,NN-SV,True,exchange_session,main_gap_excluded,961,0.5,0.5
DAX,5,equal,2020-12-01,RV-NN-SV,True,exchange_session,main_gap_excluded,961,0.5,0.5
DAX,5,equal,2021-01-04,NN-SV,True,exchange_session,main_gap_excluded,981,0.5,0.5
DAX,5,equal,2021-01-04,RV-NN-SV,True,exchange_session,main_gap_excluded,981,0.5,0.5
DAX,5,equal,2021-02-01,NN-SV,True,exchange_session,main_gap_excluded,995,0.5,0.5
DAX,5,equal,2021-02-01,RV-NN-SV,True,exchange_session,main_gap_excluded,995,0.5,0.5
DAX,5,equal,2021-03-01,NN-SV,True,exchange_session,main_gap_excluded,1015,0.5,0.5
DAX,5,equal,2021-03-01,RV-NN-SV,True,exchange_session,main_gap_excluded,1015,0.5,0.5
DAX,5,equal,2021-04-01,NN-SV,True,exchange_session,main_gap_excluded,1038,0.5,0.5
DAX,5,equal,2021-04-01,RV-NN-SV,True,exchange_session,main_gap_excluded,1038,0.5,0.5
DAX,5,equal,2021-05-03,NN-SV,True,exchange_session,main_gap_excluded,1058,0.5,0.5
DAX,5,equal,2021-05-03,RV-NN-SV,True,exchange_session,main_gap_excluded,1058,0.5,0.5
DAX,5,equal,2021-06-01,NN-SV,True,exchange_session,main_gap_excluded,1078,0.5,0.5
DAX,5,equal,2021-06-01,RV-NN-SV,True,exchange_session,main_gap_excluded,1078,0.5,0.5
DAX,5,equal,2021-07-01,NN-SV,True,exchange_session,main_gap_excluded,1094,0.5,0.5
DAX,5,equal,2021-07-01,RV-NN-SV,True,exchange_session,main_gap_excluded,1094,0.5,0.5
DAX,5,equal,2021-08-02,NN-SV,True,exchange_session,main_gap_excluded,1110,0.5,0.5
DAX,5,equal,2021-08-02,RV-NN-SV,True,exchange_session,main_gap_excluded,1110,0.5,0.5
DAX,5,equal,2021-09-01,NN-SV,True,exchange_session,main_gap_excluded,1132,0.5,0.5
DAX,5,equal,2021-09-01,RV-NN-SV,True,exchange_session,main_gap_excluded,1132,0.5,0.5
DAX,5,equal,2021-10-01,NN-SV,True,exchange_session,main_gap_excluded,1154,0.5,0.5
DAX,5,equal,2021-10-01,RV-NN-SV,True,exchange_session,main_gap_excluded,1154,0.5,0.5
DAX,5,equal,2021-11-01,NN-SV,True,exchange_session,main_gap_excluded,1175,0.5,0.5
DAX,5,equal,2021-11-01,RV-NN-SV,True,exchange_session,main_gap_excluded,1175,0.5,0.5
DAX,5,equal,2021-12-01,NN-SV,True,exchange_session,main_gap_excluded,1197,0.5,0.5
DAX,5,equal,2021-12-01,RV-NN-SV,True,exchange_session,main_gap_excluded,1197,0.5,0.5
DAX,5,equal,2022-01-03,NN-SV,True,exchange_session,main_gap_excluded,1218,0.5,0.5
DAX,5,equal,2022-01-03,RV-NN-SV,True,exchange_session,main_gap_excluded,1218,0.5,0.5
DAX,5,equal,2022-02-01,NN-SV,True,exchange_session,main_gap_excluded,1239,0.5,0.5
DAX,5,equal,2022-02-01,RV-NN-SV,True,exchange_session,main_gap_excluded,1239,0.5,0.5
DAX,5,qlike,2018-01-02,NN-SV,True,exchange_session,main_gap_excluded,247,3.608224830031759e-16,3.608224830031759e-16
DAX,5,qlike,2018-01-02,RV-NN-SV,True,exchange_session,main_gap_excluded,247,0.9999999999999997,0.9999999999999997
DAX,5,qlike,2018-02-01,NN-SV,True,exchange_session,main_gap_excluded,265,0.0,0.0
DAX,5,qlike,2018-02-01,RV-NN-SV,True,exchange_session,main_gap_excluded,265,1.0,1.0
DAX,5,qlike,2018-03-01,NN-SV,True,exchange_session,main_gap_excluded,285,0.0,0.0
DAX,5,qlike,2018-03-01,RV-NN-SV,True,exchange_session,main_gap_excluded,285,1.0,1.0
DAX,5,qlike,2018-04-03,NN-SV,True,exchange_session,main_gap_excluded,306,1.6653345369377348e-16,1.6653345369377348e-16
DAX,5,qlike,2018-04-03,RV-NN-SV,True,exchange_session,main_gap_excluded,306,0.9999999999999998,0.9999999999999998
DAX,5,qlike,2018-05-02,NN-SV,True,exchange_session,main_gap_excluded,326,6.38378239159465e-16,6.38378239159465e-16
DAX,5,qlike,2018-05-02,RV-NN-SV,True,exchange_session,main_gap_excluded,326,0.9999999999999994,0.9999999999999994
DAX,5,qlike,2018-06-01,NN-SV,True,exchange_session,main_gap_excluded,347,1.5265566588595902e-16,1.5265566588595902e-16
DAX,5,qlike,2018-06-01,RV-NN-SV,True,exchange_session,main_gap_excluded,347,0.9999999999999999,0.9999999999999999
DAX,5,qlike,2018-07-02,NN-SV,True,exchange_session,main_gap_excluded,368,3.3306690738754696e-16,3.3306690738754696e-16
DAX,5,qlike,2018-07-02,RV-NN-SV,True,exchange_session,main_gap_excluded,368,0.9999999999999997,0.9999999999999997
DAX,5,qlike,2018-08-01,NN-SV,True,exchange_session,main_gap_excluded,390,0.0,0.0
DAX,5,qlike,2018-08-01,RV-NN-SV,True,exchange_session,main_gap_excluded,390,1.0,1.0
DAX,5,qlike,2018-09-03,NN-SV,True,exchange_session,main_gap_excluded,413,4.996003610813204e-16,4.996003610813204e-16
DAX,5,qlike,2018-09-03,RV-NN-SV,True,exchange_session,main_gap_excluded,413,0.9999999999999996,0.9999999999999996
DAX,5,qlike,2018-10-01,NN-SV,True,exchange_session,main_gap_excluded,433,0.0,0.0
DAX,5,qlike,2018-10-01,RV-NN-SV,True,exchange_session,main_gap_excluded,433,1.0,1.0
DAX,5,qlike,2018-11-01,NN-SV,True,exchange_session,main_gap_excluded,455,0.0,0.0
DAX,5,qlike,2018-11-01,RV-NN-SV,True,exchange_session,main_gap_excluded,455,1.0,1.0
DAX,5,qlike,2018-12-03,NN-SV,True,exchange_session,main_gap_excluded,477,8.326672684688674e-17,8.326672684688674e-17
DAX,5,qlike,2018-12-03,RV-NN-SV,True,exchange_session,main_gap_excluded,477,1.0,1.0
DAX,5,qlike,2019-01-02,NN-SV,True,exchange_session,main_gap_excluded,494,0.0,0.0
DAX,5,qlike,2019-01-02,RV-NN-SV,True,exchange_session,main_gap_excluded,494,1.0,1.0
DAX,5,qlike,2019-02-01,NN-SV,True,exchange_session,main_gap_excluded,516,0.0,0.0
DAX,5,qlike,2019-02-01,RV-NN-SV,True,exchange_session,main_gap_excluded,516,1.0,1.0
DAX,5,qlike,2019-03-01,NN-SV,True,exchange_session,main_gap_excluded,536,5.551115123125783e-17,5.551115123125783e-17
DAX,5,qlike,2019-03-01,RV-NN-SV,True,exchange_session,main_gap_excluded,536,0.9999999999999999,0.9999999999999999
DAX,5,qlike,2019-04-01,NN-SV,True,exchange_session,main_gap_excluded,557,0.0,0.0
DAX,5,qlike,2019-04-01,RV-NN-SV,True,exchange_session,main_gap_excluded,557,1.0,1.0
DAX,5,qlike,2019-05-02,NN-SV,True,exchange_session,main_gap_excluded,571,0.0,0.0
DAX,5,qlike,2019-05-02,RV-NN-SV,True,exchange_session,main_gap_excluded,571,1.0,1.0
DAX,5,qlike,2019-06-03,NN-SV,True,exchange_session,main_gap_excluded,593,2.775557561562892e-17,2.775557561562892e-17
DAX,5,qlike,2019-06-03,RV-NN-SV,True,exchange_session,main_gap_excluded,593,1.0,1.0
DAX,5,qlike,2019-07-01,NN-SV,True,exchange_session,main_gap_excluded,612,2.7755575615628914e-17,2.7755575615628914e-17
DAX,5,qlike,2019-07-01,RV-NN-SV,True,exchange_session,main_gap_excluded,612,1.0,1.0
DAX,5,qlike,2019-08-01,NN-SV,True,exchange_session,main_gap_excluded,635,5.551115123125783e-17,5.551115123125783e-17
DAX,5,qlike,2019-08-01,RV-NN-SV,True,exchange_session,main_gap_excluded,635,0.9999999999999999,0.9999999999999999
DAX,5,qlike,2019-09-02,NN-SV,True,exchange_session,main_gap_excluded,657,0.0,0.0
DAX,5,qlike,2019-09-02,RV-NN-SV,True,exchange_session,main_gap_excluded,657,1.0,1.0
DAX,5,qlike,2019-10-01,NN-SV,True,exchange_session,main_gap_excluded,678,1.942890293094024e-16,1.942890293094024e-16
DAX,5,qlike,2019-10-01,RV-NN-SV,True,exchange_session,main_gap_excluded,678,0.9999999999999998,0.9999999999999998
DAX,5,qlike,2019-11-01,NN-SV,True,exchange_session,main_gap_excluded,700,0.0,0.0
DAX,5,qlike,2019-11-01,RV-NN-SV,True,exchange_session,main_gap_excluded,700,1.0,1.0
DAX,5,qlike,2019-12-02,NN-SV,True,exchange_session,main_gap_excluded,721,2.7755575615628914e-17,2.7755575615628914e-17
DAX,5,qlike,2019-12-02,RV-NN-SV,True,exchange_session,main_gap_excluded,721,1.0,1.0
DAX,5,qlike,2020-01-02,NN-SV,True,exchange_session,main_gap_excluded,739,3.608224830031759e-16,3.608224830031759e-16
DAX,5,qlike,2020-01-02,RV-NN-SV,True,exchange_session,main_gap_excluded,739,0.9999999999999997,0.9999999999999997
DAX,5,qlike,2020-02-03,NN-SV,True,exchange_session,main_gap_excluded,761,1.6653345369377346e-16,1.6653345369377348e-16
DAX,5,qlike,2020-02-03,RV-NN-SV,True,exchange_session,main_gap_excluded,761,0.9999999999999998,0.9999999999999999
DAX,5,qlike,2020-03-02,NN-SV,True,exchange_session,main_gap_excluded,781,5.551115123125783e-17,5.551115123125783e-17
DAX,5,qlike,2020-03-02,RV-NN-SV,True,exchange_session,main_gap_excluded,781,1.0,1.0
DAX,5,qlike,2020-04-01,NN-SV,True,exchange_session,main_gap_excluded,803,0.0,0.0
DAX,5,qlike,2020-04-01,RV-NN-SV,True,exchange_session,main_gap_excluded,803,1.0,1.0
DAX,5,qlike,2020-05-04,NN-SV,True,exchange_session,main_gap_excluded,817,5.551115123125783e-16,5.551115123125783e-16
DAX,5,qlike,2020-05-04,RV-NN-SV,True,exchange_session,main_gap_excluded,817,0.9999999999999996,0.9999999999999996
DAX,5,qlike,2020-06-02,NN-SV,True,exchange_session,main_gap_excluded,837,4.3021142204224816e-16,4.3021142204224816e-16
DAX,5,qlike,2020-06-02,RV-NN-SV,True,exchange_session,main_gap_excluded,837,0.9999999999999997,0.9999999999999997
DAX,5,qlike,2020-07-01,NN-SV,True,exchange_session,main_gap_excluded,852,1.2490009027033009e-16,1.249000902703301e-16
DAX,5,qlike,2020-07-01,RV-NN-SV,True,exchange_session,main_gap_excluded,852,0.9999999999999998,0.9999999999999999
DAX,5,qlike,2020-08-03,NN-SV,True,exchange_session,main_gap_excluded,875,0.0,0.0
DAX,5,qlike,2020-08-03,RV-NN-SV,True,exchange_session,main_gap_excluded,875,1.0,1.0
DAX,5,qlike,2020-09-01,NN-SV,True,exchange_session,main_gap_excluded,896,2.498001805406602e-16,2.498001805406602e-16
DAX,5,qlike,2020-09-01,RV-NN-SV,True,exchange_session,main_gap_excluded,896,0.9999999999999998,0.9999999999999998
DAX,5,qlike,2020-10-01,NN-SV,True,exchange_session,main_gap_excluded,918,1.942890293094024e-16,1.942890293094024e-16
DAX,5,qlike,2020-10-01,RV-NN-SV,True,exchange_session,main_gap_excluded,918,0.9999999999999998,0.9999999999999998
DAX,5,qlike,2020-11-02,NN-SV,True,exchange_session,main_gap_excluded,940,1.6653345369377348e-16,1.6653345369377348e-16
DAX,5,qlike,2020-11-02,RV-NN-SV,True,exchange_session,main_gap_excluded,940,0.9999999999999998,0.9999999999999998
DAX,5,qlike,2020-12-01,NN-SV,True,exchange_session,main_gap_excluded,961,0.0,0.0
DAX,5,qlike,2020-12-01,RV-NN-SV,True,exchange_session,main_gap_excluded,961,1.0,1.0
DAX,5,qlike,2021-01-04,NN-SV,True,exchange_session,main_gap_excluded,981,0.0,0.0
DAX,5,qlike,2021-01-04,RV-NN-SV,True,exchange_session,main_gap_excluded,981,1.0,1.0
DAX,5,qlike,2021-02-01,NN-SV,True,exchange_session,main_gap_excluded,995,3.33066907387547e-16,3.33066907387547e-16
DAX,5,qlike,2021-02-01,RV-NN-SV,True,exchange_session,main_gap_excluded,995,0.9999999999999997,0.9999999999999997
DAX,5,qlike,2021-03-01,NN-SV,True,exchange_session,main_gap_excluded,1015,0.0,0.0
DAX,5,qlike,2021-03-01,RV-NN-SV,True,exchange_session,main_gap_excluded,1015,1.0,1.0
DAX,5,qlike,2021-04-01,NN-SV,True,exchange_session,main_gap_excluded,1038,1.3877787807814457e-16,1.3877787807814457e-16
DAX,5,qlike,2021-04-01,RV-NN-SV,True,exchange_session,main_gap_excluded,1038,0.9999999999999999,0.9999999999999999
DAX,5,qlike,2021-05-03,NN-SV,True,exchange_session,main_gap_excluded,1058,0.0,0.0
DAX,5,qlike,2021-05-03,RV-NN-SV,True,exchange_session,main_gap_excluded,1058,1.0,1.0
DAX,5,qlike,2021-06-01,NN-SV,True,exchange_session,main_gap_excluded,1078,5.828670879282072e-16,5.828670879282072e-16
DAX,5,qlike,2021-06-01,RV-NN-SV,True,exchange_session,main_gap_excluded,1078,0.9999999999999994,0.9999999999999994
DAX,5,qlike,2021-07-01,NN-SV,True,exchange_session,main_gap_excluded,1094,1.942890293094024e-16,1.942890293094024e-16
DAX,5,qlike,2021-07-01,RV-NN-SV,True,exchange_session,main_gap_excluded,1094,0.9999999999999998,0.9999999999999998
DAX,5,qlike,2021-08-02,NN-SV,True,exchange_session,main_gap_excluded,1110,2.498001805406602e-16,2.498001805406602e-16
DAX,5,qlike,2021-08-02,RV-NN-SV,True,exchange_session,main_gap_excluded,1110,0.9999999999999998,0.9999999999999998
DAX,5,qlike,2021-09-01,NN-SV,True,exchange_session,main_gap_excluded,1132,0.0,0.0
DAX,5,qlike,2021-09-01,RV-NN-SV,True,exchange_session,main_gap_excluded,1132,1.0,1.0
DAX,5,qlike,2021-10-01,NN-SV,True,exchange_session,main_gap_excluded,1154,2.7755575615628914e-16,2.7755575615628914e-16
DAX,5,qlike,2021-10-01,RV-NN-SV,True,exchange_session,main_gap_excluded,1154,0.9999999999999998,0.9999999999999998
DAX,5,qlike,2021-11-01,NN-SV,True,exchange_session,main_gap_excluded,1175,2.636779683484747e-16,2.636779683484747e-16
DAX,5,qlike,2021-11-01,RV-NN-SV,True,exchange_session,main_gap_excluded,1175,0.9999999999999998,0.9999999999999998
DAX,5,qlike,2021-12-01,NN-SV,True,exchange_session,main_gap_excluded,1197,0.0,0.0
DAX,5,qlike,2021-12-01,RV-NN-SV,True,exchange_session,main_gap_excluded,1197,1.0,1.0
DAX,5,qlike,2022-01-03,NN-SV,True,exchange_session,main_gap_excluded,1218,0.0,0.0
DAX,5,qlike,2022-01-03,RV-NN-SV,True,exchange_session,main_gap_excluded,1218,1.0,1.0
DAX,5,qlike,2022-02-01,NN-SV,True,exchange_session,main_gap_excluded,1239,0.0,0.0
DAX,5,qlike,2022-02-01,RV-NN-SV,True,exchange_session,main_gap_excluded,1239,1.0,1.0
DAX,10,equal,2018-01-02,NN-SV,True,exchange_session,main_gap_excluded,242,0.5,0.5
DAX,10,equal,2018-01-02,RV-NN-SV,True,exchange_session,main_gap_excluded,242,0.5,0.5
DAX,10,equal,2018-02-01,NN-SV,True,exchange_session,main_gap_excluded,255,0.5,0.5
DAX,10,equal,2018-02-01,RV-NN-SV,True,exchange_session,main_gap_excluded,255,0.5,0.5
DAX,10,equal,2018-03-01,NN-SV,True,exchange_session,main_gap_excluded,275,0.5,0.5
DAX,10,equal,2018-03-01,RV-NN-SV,True,exchange_session,main_gap_excluded,275,0.5,0.5
DAX,10,equal,2018-04-03,NN-SV,True,exchange_session,main_gap_excluded,296,0.5,0.5
DAX,10,equal,2018-04-03,RV-NN-SV,True,exchange_session,main_gap_excluded,296,0.5,0.5
DAX,10,equal,2018-05-02,NN-SV,True,exchange_session,main_gap_excluded,316,0.5,0.5
DAX,10,equal,2018-05-02,RV-NN-SV,True,exchange_session,main_gap_excluded,316,0.5,0.5
DAX,10,equal,2018-06-01,NN-SV,True,exchange_session,main_gap_excluded,337,0.5,0.5
DAX,10,equal,2018-06-01,RV-NN-SV,True,exchange_session,main_gap_excluded,337,0.5,0.5
DAX,10,equal,2018-07-02,NN-SV,True,exchange_session,main_gap_excluded,358,0.5,0.5
DAX,10,equal,2018-07-02,RV-NN-SV,True,exchange_session,main_gap_excluded,358,0.5,0.5
DAX,10,equal,2018-08-01,NN-SV,True,exchange_session,main_gap_excluded,380,0.5,0.5
DAX,10,equal,2018-08-01,RV-NN-SV,True,exchange_session,main_gap_excluded,380,0.5,0.5
DAX,10,equal,2018-09-03,NN-SV,True,exchange_session,main_gap_excluded,403,0.5,0.5
DAX,10,equal,2018-09-03,RV-NN-SV,True,exchange_session,main_gap_excluded,403,0.5,0.5
DAX,10,equal,2018-10-01,NN-SV,True,exchange_session,main_gap_excluded,423,0.5,0.5
DAX,10,equal,2018-10-01,RV-NN-SV,True,exchange_session,main_gap_excluded,423,0.5,0.5
DAX,10,equal,2018-11-01,NN-SV,True,exchange_session,main_gap_excluded,445,0.5,0.5
DAX,10,equal,2018-11-01,RV-NN-SV,True,exchange_session,main_gap_excluded,445,0.5,0.5
DAX,10,equal,2018-12-03,NN-SV,True,exchange_session,main_gap_excluded,467,0.5,0.5
DAX,10,equal,2018-12-03,RV-NN-SV,True,exchange_session,main_gap_excluded,467,0.5,0.5
DAX,10,equal,2019-01-02,NN-SV,True,exchange_session,main_gap_excluded,484,0.5,0.5
DAX,10,equal,2019-01-02,RV-NN-SV,True,exchange_session,main_gap_excluded,484,0.5,0.5
DAX,10,equal,2019-02-01,NN-SV,True,exchange_session,main_gap_excluded,506,0.5,0.5
DAX,10,equal,2019-02-01,RV-NN-SV,True,exchange_session,main_gap_excluded,506,0.5,0.5
DAX,10,equal,2019-03-01,NN-SV,True,exchange_session,main_gap_excluded,526,0.5,0.5
DAX,10,equal,2019-03-01,RV-NN-SV,True,exchange_session,main_gap_excluded,526,0.5,0.5
DAX,10,equal,2019-04-01,NN-SV,True,exchange_session,main_gap_excluded,547,0.5,0.5
DAX,10,equal,2019-04-01,RV-NN-SV,True,exchange_session,main_gap_excluded,547,0.5,0.5
DAX,10,equal,2019-05-02,NN-SV,True,exchange_session,main_gap_excluded,560,0.5,0.5
DAX,10,equal,2019-05-02,RV-NN-SV,True,exchange_session,main_gap_excluded,560,0.5,0.5
DAX,10,equal,2019-06-03,NN-SV,True,exchange_session,main_gap_excluded,578,0.5,0.5
DAX,10,equal,2019-06-03,RV-NN-SV,True,exchange_session,main_gap_excluded,578,0.5,0.5
DAX,10,equal,2019-07-01,NN-SV,True,exchange_session,main_gap_excluded,597,0.5,0.5
DAX,10,equal,2019-07-01,RV-NN-SV,True,exchange_session,main_gap_excluded,597,0.5,0.5
DAX,10,equal,2019-08-01,NN-SV,True,exchange_session,main_gap_excluded,620,0.5,0.5
DAX,10,equal,2019-08-01,RV-NN-SV,True,exchange_session,main_gap_excluded,620,0.5,0.5
DAX,10,equal,2019-09-02,NN-SV,True,exchange_session,main_gap_excluded,642,0.5,0.5
DAX,10,equal,2019-09-02,RV-NN-SV,True,exchange_session,main_gap_excluded,642,0.5,0.5
DAX,10,equal,2019-10-01,NN-SV,True,exchange_session,main_gap_excluded,663,0.5,0.5
DAX,10,equal,2019-10-01,RV-NN-SV,True,exchange_session,main_gap_excluded,663,0.5,0.5
DAX,10,equal,2019-11-01,NN-SV,True,exchange_session,main_gap_excluded,685,0.5,0.5
DAX,10,equal,2019-11-01,RV-NN-SV,True,exchange_session,main_gap_excluded,685,0.5,0.5
DAX,10,equal,2019-12-02,NN-SV,True,exchange_session,main_gap_excluded,706,0.5,0.5
DAX,10,equal,2019-12-02,RV-NN-SV,True,exchange_session,main_gap_excluded,706,0.5,0.5
DAX,10,equal,2020-01-02,NN-SV,True,exchange_session,main_gap_excluded,724,0.5,0.5
DAX,10,equal,2020-01-02,RV-NN-SV,True,exchange_session,main_gap_excluded,724,0.5,0.5
DAX,10,equal,2020-02-03,NN-SV,True,exchange_session,main_gap_excluded,746,0.5,0.5
DAX,10,equal,2020-02-03,RV-NN-SV,True,exchange_session,main_gap_excluded,746,0.5,0.5
DAX,10,equal,2020-03-02,NN-SV,True,exchange_session,main_gap_excluded,766,0.5,0.5
DAX,10,equal,2020-03-02,RV-NN-SV,True,exchange_session,main_gap_excluded,766,0.5,0.5
DAX,10,equal,2020-04-01,NN-SV,True,exchange_session,main_gap_excluded,788,0.5,0.5
DAX,10,equal,2020-04-01,RV-NN-SV,True,exchange_session,main_gap_excluded,788,0.5,0.5
DAX,10,equal,2020-05-04,NN-SV,True,exchange_session,main_gap_excluded,798,0.5,0.5
DAX,10,equal,2020-05-04,RV-NN-SV,True,exchange_session,main_gap_excluded,798,0.5,0.5
DAX,10,equal,2020-06-02,NN-SV,True,exchange_session,main_gap_excluded,817,0.5,0.5
DAX,10,equal,2020-06-02,RV-NN-SV,True,exchange_session,main_gap_excluded,817,0.5,0.5
DAX,10,equal,2020-07-01,NN-SV,True,exchange_session,main_gap_excluded,828,0.5,0.5
DAX,10,equal,2020-07-01,RV-NN-SV,True,exchange_session,main_gap_excluded,828,0.5,0.5
DAX,10,equal,2020-08-03,NN-SV,True,exchange_session,main_gap_excluded,850,0.5,0.5
DAX,10,equal,2020-08-03,RV-NN-SV,True,exchange_session,main_gap_excluded,850,0.5,0.5
DAX,10,equal,2020-09-01,NN-SV,True,exchange_session,main_gap_excluded,871,0.5,0.5
DAX,10,equal,2020-09-01,RV-NN-SV,True,exchange_session,main_gap_excluded,871,0.5,0.5
DAX,10,equal,2020-10-01,NN-SV,True,exchange_session,main_gap_excluded,893,0.5,0.5
DAX,10,equal,2020-10-01,RV-NN-SV,True,exchange_session,main_gap_excluded,893,0.5,0.5
DAX,10,equal,2020-11-02,NN-SV,True,exchange_session,main_gap_excluded,915,0.5,0.5
DAX,10,equal,2020-11-02,RV-NN-SV,True,exchange_session,main_gap_excluded,915,0.5,0.5
DAX,10,equal,2020-12-01,NN-SV,True,exchange_session,main_gap_excluded,936,0.5,0.5
DAX,10,equal,2020-12-01,RV-NN-SV,True,exchange_session,main_gap_excluded,936,0.5,0.5
DAX,10,equal,2021-01-04,NN-SV,True,exchange_session,main_gap_excluded,956,0.5,0.5
DAX,10,equal,2021-01-04,RV-NN-SV,True,exchange_session,main_gap_excluded,956,0.5,0.5
DAX,10,equal,2021-02-01,NN-SV,True,exchange_session,main_gap_excluded,970,0.5,0.5
DAX,10,equal,2021-02-01,RV-NN-SV,True,exchange_session,main_gap_excluded,970,0.5,0.5
DAX,10,equal,2021-03-01,NN-SV,True,exchange_session,main_gap_excluded,985,0.5,0.5
DAX,10,equal,2021-03-01,RV-NN-SV,True,exchange_session,main_gap_excluded,985,0.5,0.5
DAX,10,equal,2021-04-01,NN-SV,True,exchange_session,main_gap_excluded,1008,0.5,0.5
DAX,10,equal,2021-04-01,RV-NN-SV,True,exchange_session,main_gap_excluded,1008,0.5,0.5
DAX,10,equal,2021-05-03,NN-SV,True,exchange_session,main_gap_excluded,1028,0.5,0.5
DAX,10,equal,2021-05-03,RV-NN-SV,True,exchange_session,main_gap_excluded,1028,0.5,0.5
DAX,10,equal,2021-06-01,NN-SV,True,exchange_session,main_gap_excluded,1048,0.5,0.5
DAX,10,equal,2021-06-01,RV-NN-SV,True,exchange_session,main_gap_excluded,1048,0.5,0.5
DAX,10,equal,2021-07-01,NN-SV,True,exchange_session,main_gap_excluded,1059,0.5,0.5
DAX,10,equal,2021-07-01,RV-NN-SV,True,exchange_session,main_gap_excluded,1059,0.5,0.5
DAX,10,equal,2021-08-02,NN-SV,True,exchange_session,main_gap_excluded,1075,0.5,0.5
DAX,10,equal,2021-08-02,RV-NN-SV,True,exchange_session,main_gap_excluded,1075,0.5,0.5
DAX,10,equal,2021-09-01,NN-SV,True,exchange_session,main_gap_excluded,1092,0.5,0.5
DAX,10,equal,2021-09-01,RV-NN-SV,True,exchange_session,main_gap_excluded,1092,0.5,0.5
DAX,10,equal,2021-10-01,NN-SV,True,exchange_session,main_gap_excluded,1114,0.5,0.5
DAX,10,equal,2021-10-01,RV-NN-SV,True,exchange_session,main_gap_excluded,1114,0.5,0.5
DAX,10,equal,2021-11-01,NN-SV,True,exchange_session,main_gap_excluded,1135,0.5,0.5
DAX,10,equal,2021-11-01,RV-NN-SV,True,exchange_session,main_gap_excluded,1135,0.5,0.5
DAX,10,equal,2021-12-01,NN-SV,True,exchange_session,main_gap_excluded,1157,0.5,0.5
DAX,10,equal,2021-12-01,RV-NN-SV,True,exchange_session,main_gap_excluded,1157,0.5,0.5
DAX,10,equal,2022-01-03,NN-SV,True,exchange_session,main_gap_excluded,1178,0.5,0.5
DAX,10,equal,2022-01-03,RV-NN-SV,True,exchange_session,main_gap_excluded,1178,0.5,0.5
DAX,10,equal,2022-02-01,NN-SV,True,exchange_session,main_gap_excluded,1199,0.5,0.5
DAX,10,equal,2022-02-01,RV-NN-SV,True,exchange_session,main_gap_excluded,1199,0.5,0.5
DAX,10,qlike,2018-01-02,NN-SV,True,exchange_session,main_gap_excluded,242,1.1102230246251565e-16,1.1102230246251565e-16
DAX,10,qlike,2018-01-02,RV-NN-SV,True,exchange_session,main_gap_excluded,242,1.0,1.0
DAX,10,qlike,2018-02-01,NN-SV,True,exchange_session,main_gap_excluded,255,0.0,0.0
DAX,10,qlike,2018-02-01,RV-NN-SV,True,exchange_session,main_gap_excluded,255,1.0,1.0
DAX,10,qlike,2018-03-01,NN-SV,True,exchange_session,main_gap_excluded,275,0.0,0.0
DAX,10,qlike,2018-03-01,RV-NN-SV,True,exchange_session,main_gap_excluded,275,1.0,1.0
DAX,10,qlike,2018-04-03,NN-SV,True,exchange_session,main_gap_excluded,296,1.6653345369377348e-16,1.6653345369377348e-16
DAX,10,qlike,2018-04-03,RV-NN-SV,True,exchange_session,main_gap_excluded,296,0.9999999999999998,0.9999999999999998
DAX,10,qlike,2018-05-02,NN-SV,True,exchange_session,main_gap_excluded,316,5.551115123125783e-17,5.551115123125783e-17
DAX,10,qlike,2018-05-02,RV-NN-SV,True,exchange_session,main_gap_excluded,316,1.0,1.0
DAX,10,qlike,2018-06-01,NN-SV,True,exchange_session,main_gap_excluded,337,0.0,0.0
DAX,10,qlike,2018-06-01,RV-NN-SV,True,exchange_session,main_gap_excluded,337,1.0,1.0
DAX,10,qlike,2018-07-02,NN-SV,True,exchange_session,main_gap_excluded,358,1.6653345369377348e-16,1.6653345369377348e-16
DAX,10,qlike,2018-07-02,RV-NN-SV,True,exchange_session,main_gap_excluded,358,0.9999999999999999,0.9999999999999999
DAX,10,qlike,2018-08-01,NN-SV,True,exchange_session,main_gap_excluded,380,0.0,0.0
DAX,10,qlike,2018-08-01,RV-NN-SV,True,exchange_session,main_gap_excluded,380,1.0,1.0
DAX,10,qlike,2018-09-03,NN-SV,True,exchange_session,main_gap_excluded,403,0.0,0.0
DAX,10,qlike,2018-09-03,RV-NN-SV,True,exchange_session,main_gap_excluded,403,1.0,1.0
DAX,10,qlike,2018-10-01,NN-SV,True,exchange_session,main_gap_excluded,423,0.0,0.0
DAX,10,qlike,2018-10-01,RV-NN-SV,True,exchange_session,main_gap_excluded,423,1.0,1.0
DAX,10,qlike,2018-11-01,NN-SV,True,exchange_session,main_gap_excluded,445,3.3306690738754696e-16,3.3306690738754696e-16
DAX,10,qlike,2018-11-01,RV-NN-SV,True,exchange_session,main_gap_excluded,445,0.9999999999999998,0.9999999999999998
DAX,10,qlike,2018-12-03,NN-SV,True,exchange_session,main_gap_excluded,467,1.1102230246251565e-16,1.1102230246251565e-16
DAX,10,qlike,2018-12-03,RV-NN-SV,True,exchange_session,main_gap_excluded,467,0.9999999999999999,0.9999999999999999
DAX,10,qlike,2019-01-02,NN-SV,True,exchange_session,main_gap_excluded,484,0.0,0.0
DAX,10,qlike,2019-01-02,RV-NN-SV,True,exchange_session,main_gap_excluded,484,1.0,1.0
DAX,10,qlike,2019-02-01,NN-SV,True,exchange_session,main_gap_excluded,506,1.6653345369377346e-16,1.6653345369377348e-16
DAX,10,qlike,2019-02-01,RV-NN-SV,True,exchange_session,main_gap_excluded,506,0.9999999999999998,0.9999999999999999
DAX,10,qlike,2019-03-01,NN-SV,True,exchange_session,main_gap_excluded,526,1.1102230246251565e-16,1.1102230246251565e-16
DAX,10,qlike,2019-03-01,RV-NN-SV,True,exchange_session,main_gap_excluded,526,1.0,1.0
DAX,10,qlike,2019-04-01,NN-SV,True,exchange_session,main_gap_excluded,547,0.0,0.0
DAX,10,qlike,2019-04-01,RV-NN-SV,True,exchange_session,main_gap_excluded,547,1.0,1.0
DAX,10,qlike,2019-05-02,NN-SV,True,exchange_session,main_gap_excluded,560,1.1102230246251565e-16,1.1102230246251565e-16
DAX,10,qlike,2019-05-02,RV-NN-SV,True,exchange_session,main_gap_excluded,560,1.0,1.0
DAX,10,qlike,2019-06-03,NN-SV,True,exchange_session,main_gap_excluded,578,1.6653345369377348e-16,1.6653345369377348e-16
DAX,10,qlike,2019-06-03,RV-NN-SV,True,exchange_session,main_gap_excluded,578,0.9999999999999999,0.9999999999999999
DAX,10,qlike,2019-07-01,NN-SV,True,exchange_session,main_gap_excluded,597,0.0,0.0
DAX,10,qlike,2019-07-01,RV-NN-SV,True,exchange_session,main_gap_excluded,597,1.0,1.0
DAX,10,qlike,2019-08-01,NN-SV,True,exchange_session,main_gap_excluded,620,0.0,0.0
DAX,10,qlike,2019-08-01,RV-NN-SV,True,exchange_session,main_gap_excluded,620,1.0,1.0
DAX,10,qlike,2019-09-02,NN-SV,True,exchange_session,main_gap_excluded,642,2.7755575615628914e-16,2.7755575615628914e-16
DAX,10,qlike,2019-09-02,RV-NN-SV,True,exchange_session,main_gap_excluded,642,0.9999999999999998,0.9999999999999998
DAX,10,qlike,2019-10-01,NN-SV,True,exchange_session,main_gap_excluded,663,2.220446049250313e-16,2.220446049250313e-16
DAX,10,qlike,2019-10-01,RV-NN-SV,True,exchange_session,main_gap_excluded,663,0.9999999999999998,0.9999999999999998
DAX,10,qlike,2019-11-01,NN-SV,True,exchange_session,main_gap_excluded,685,5.551115123125783e-17,5.551115123125783e-17
DAX,10,qlike,2019-11-01,RV-NN-SV,True,exchange_session,main_gap_excluded,685,0.9999999999999999,0.9999999999999999
DAX,10,qlike,2019-12-02,NN-SV,True,exchange_session,main_gap_excluded,706,2.220446049250313e-16,2.220446049250313e-16
DAX,10,qlike,2019-12-02,RV-NN-SV,True,exchange_session,main_gap_excluded,706,0.9999999999999998,0.9999999999999998
DAX,10,qlike,2020-01-02,NN-SV,True,exchange_session,main_gap_excluded,724,5.551115123125783e-17,5.551115123125783e-17
DAX,10,qlike,2020-01-02,RV-NN-SV,True,exchange_session,main_gap_excluded,724,1.0,1.0
DAX,10,qlike,2020-02-03,NN-SV,True,exchange_session,main_gap_excluded,746,5.551115123125783e-17,5.551115123125783e-17
DAX,10,qlike,2020-02-03,RV-NN-SV,True,exchange_session,main_gap_excluded,746,1.0,1.0
DAX,10,qlike,2020-03-02,NN-SV,True,exchange_session,main_gap_excluded,766,0.0,0.0
DAX,10,qlike,2020-03-02,RV-NN-SV,True,exchange_session,main_gap_excluded,766,1.0,1.0
DAX,10,qlike,2020-04-01,NN-SV,True,exchange_session,main_gap_excluded,788,2.220446049250313e-16,2.220446049250313e-16
DAX,10,qlike,2020-04-01,RV-NN-SV,True,exchange_session,main_gap_excluded,788,0.9999999999999999,0.9999999999999999
DAX,10,qlike,2020-05-04,NN-SV,True,exchange_session,main_gap_excluded,798,0.0,0.0
DAX,10,qlike,2020-05-04,RV-NN-SV,True,exchange_session,main_gap_excluded,798,1.0,1.0
DAX,10,qlike,2020-06-02,NN-SV,True,exchange_session,main_gap_excluded,817,5.551115123125783e-17,5.551115123125783e-17
DAX,10,qlike,2020-06-02,RV-NN-SV,True,exchange_session,main_gap_excluded,817,1.0,1.0
DAX,10,qlike,2020-07-01,NN-SV,True,exchange_session,main_gap_excluded,828,5.551115123125783e-17,5.551115123125783e-17
DAX,10,qlike,2020-07-01,RV-NN-SV,True,exchange_session,main_gap_excluded,828,1.0,1.0
DAX,10,qlike,2020-08-03,NN-SV,True,exchange_session,main_gap_excluded,850,2.7755575615628914e-16,2.7755575615628914e-16
DAX,10,qlike,2020-08-03,RV-NN-SV,True,exchange_session,main_gap_excluded,850,0.9999999999999998,0.9999999999999998
DAX,10,qlike,2020-09-01,NN-SV,True,exchange_session,main_gap_excluded,871,1.1102230246251568e-16,1.1102230246251568e-16
DAX,10,qlike,2020-09-01,RV-NN-SV,True,exchange_session,main_gap_excluded,871,0.9999999999999999,0.9999999999999999
DAX,10,qlike,2020-10-01,NN-SV,True,exchange_session,main_gap_excluded,893,0.0,0.0
DAX,10,qlike,2020-10-01,RV-NN-SV,True,exchange_session,main_gap_excluded,893,1.0,1.0
DAX,10,qlike,2020-11-02,NN-SV,True,exchange_session,main_gap_excluded,915,5.551115123125783e-17,5.551115123125783e-17
DAX,10,qlike,2020-11-02,RV-NN-SV,True,exchange_session,main_gap_excluded,915,1.0,1.0
DAX,10,qlike,2020-12-01,NN-SV,True,exchange_session,main_gap_excluded,936,1.6653345369377348e-16,1.6653345369377348e-16
DAX,10,qlike,2020-12-01,RV-NN-SV,True,exchange_session,main_gap_excluded,936,0.9999999999999999,0.9999999999999999
DAX,10,qlike,2021-01-04,NN-SV,True,exchange_session,main_gap_excluded,956,1.6653345369377348e-16,1.6653345369377348e-16
DAX,10,qlike,2021-01-04,RV-NN-SV,True,exchange_session,main_gap_excluded,956,0.9999999999999998,0.9999999999999998
DAX,10,qlike,2021-02-01,NN-SV,True,exchange_session,main_gap_excluded,970,1.6653345369377348e-16,1.6653345369377348e-16
DAX,10,qlike,2021-02-01,RV-NN-SV,True,exchange_session,main_gap_excluded,970,0.9999999999999998,0.9999999999999998
DAX,10,qlike,2021-03-01,NN-SV,True,exchange_session,main_gap_excluded,985,0.0,0.0
DAX,10,qlike,2021-03-01,RV-NN-SV,True,exchange_session,main_gap_excluded,985,1.0,1.0
DAX,10,qlike,2021-04-01,NN-SV,True,exchange_session,main_gap_excluded,1008,0.0,0.0
DAX,10,qlike,2021-04-01,RV-NN-SV,True,exchange_session,main_gap_excluded,1008,1.0,1.0
DAX,10,qlike,2021-05-03,NN-SV,True,exchange_session,main_gap_excluded,1028,0.0,0.0
DAX,10,qlike,2021-05-03,RV-NN-SV,True,exchange_session,main_gap_excluded,1028,1.0,1.0
DAX,10,qlike,2021-06-01,NN-SV,True,exchange_session,main_gap_excluded,1048,0.0,0.0
DAX,10,qlike,2021-06-01,RV-NN-SV,True,exchange_session,main_gap_excluded,1048,1.0,1.0
DAX,10,qlike,2021-07-01,NN-SV,True,exchange_session,main_gap_excluded,1059,0.0,0.0
DAX,10,qlike,2021-07-01,RV-NN-SV,True,exchange_session,main_gap_excluded,1059,1.0,1.0
DAX,10,qlike,2021-08-02,NN-SV,True,exchange_session,main_gap_excluded,1075,0.0,0.0
DAX,10,qlike,2021-08-02,RV-NN-SV,True,exchange_session,main_gap_excluded,1075,1.0,1.0
DAX,10,qlike,2021-09-01,NN-SV,True,exchange_session,main_gap_excluded,1092,5.551115123125783e-17,5.551115123125783e-17
DAX,10,qlike,2021-09-01,RV-NN-SV,True,exchange_session,main_gap_excluded,1092,1.0,1.0
DAX,10,qlike,2021-10-01,NN-SV,True,exchange_session,main_gap_excluded,1114,0.0,0.0
DAX,10,qlike,2021-10-01,RV-NN-SV,True,exchange_session,main_gap_excluded,1114,1.0,1.0
DAX,10,qlike,2021-11-01,NN-SV,True,exchange_session,main_gap_excluded,1135,2.7755575615628914e-16,2.7755575615628914e-16
DAX,10,qlike,2021-11-01,RV-NN-SV,True,exchange_session,main_gap_excluded,1135,0.9999999999999997,0.9999999999999997
DAX,10,qlike,2021-12-01,NN-SV,True,exchange_session,main_gap_excluded,1157,5.551115123125784e-16,5.551115123125784e-16
DAX,10,qlike,2021-12-01,RV-NN-SV,True,exchange_session,main_gap_excluded,1157,0.9999999999999994,0.9999999999999994
DAX,10,qlike,2022-01-03,NN-SV,True,exchange_session,main_gap_excluded,1178,0.0,0.0
DAX,10,qlike,2022-01-03,RV-NN-SV,True,exchange_session,main_gap_excluded,1178,1.0,1.0
DAX,10,qlike,2022-02-01,NN-SV,True,exchange_session,main_gap_excluded,1199,0.0,0.0
DAX,10,qlike,2022-02-01,RV-NN-SV,True,exchange_session,main_gap_excluded,1199,1.0,1.0
